history,phase_center_radians,sample_count,mean_support_power,mean_dissipation_power,mean_net_power,mean_activity,mean_xdot
low_history,-3.076142806640006,31967,1.5866491497584802e-12,1.5745920153544448e-12,1.2057134404035484e-14,-3.843389986690334e-05,-4.583872743300801e-07
low_history,-2.945243112740431,0,nan,nan,nan,nan,nan
low_history,-2.8143434188408563,0,nan,nan,nan,nan,nan
low_history,-2.6834437249412817,0,nan,nan,nan,nan,nan
low_history,-2.552544031041707,0,nan,nan,nan,nan,nan
low_history,-2.421644337142132,0,nan,nan,nan,nan,nan
low_history,-2.2907446432425576,0,nan,nan,nan,nan,nan
low_history,-2.159844949342983,0,nan,nan,nan,nan,nan
low_history,-2.028945255443408,0,nan,nan,nan,nan,nan
low_history,-1.8980455615438334,0,nan,nan,nan,nan,nan
low_history,-1.7671458676442588,0,nan,nan,nan,nan,nan
low_history,-1.6362461737446838,0,nan,nan,nan,nan,nan
low_history,-1.5053464798451093,0,nan,nan,nan,nan,nan
low_history,-1.3744467859455347,0,nan,nan,nan,nan,nan
low_history,-1.24354709204596,0,nan,nan,nan,nan,nan
low_history,-1.1126473981463851,0,nan,nan,nan,nan,nan
low_history,-0.9817477042468106,0,nan,nan,nan,nan,nan
low_history,-0.8508480103472358,0,nan,nan,nan,nan,nan
low_history,-0.719948316447661,0,nan,nan,nan,nan,nan
low_history,-0.5890486225480864,0,nan,nan,nan,nan,nan
low_history,-0.45814892864851164,0,nan,nan,nan,nan,nan
low_history,-0.32724923474893686,0,nan,nan,nan,nan,nan
low_history,-0.1963495408493623,0,nan,nan,nan,nan,nan
low_history,-0.0654498469497875,0,nan,nan,nan,nan,nan
low_history,0.06544984694978728,0,nan,nan,nan,nan,nan
low_history,0.19634954084936185,0,nan,nan,nan,nan,nan
low_history,0.3272492347489364,0,nan,nan,nan,nan,nan
low_history,0.4581489286485112,0,nan,nan,nan,nan,nan
low_history,0.589048622548086,0,nan,nan,nan,nan,nan
low_history,0.7199483164476606,0,nan,nan,nan,nan,nan
low_history,0.8508480103472353,0,nan,nan,nan,nan,nan
low_history,0.9817477042468101,0,nan,nan,nan,nan,nan
low_history,1.1126473981463847,0,nan,nan,nan,nan,nan
low_history,1.2435470920459593,0,nan,nan,nan,nan,nan
low_history,1.3744467859455338,0,nan,nan,nan,nan,nan
low_history,1.5053464798451088,0,nan,nan,nan,nan,nan
low_history,1.6362461737446838,0,nan,nan,nan,nan,nan
low_history,1.7671458676442584,0,nan,nan,nan,nan,nan
low_history,1.898045561543833,0,nan,nan,nan,nan,nan
low_history,2.0289452554434075,0,nan,nan,nan,nan,nan
low_history,2.159844949342982,0,nan,nan,nan,nan,nan
low_history,2.290744643242557,0,nan,nan,nan,nan,nan
low_history,2.421644337142132,0,nan,nan,nan,nan,nan
low_history,2.5525440310417067,0,nan,nan,nan,nan,nan
low_history,2.6834437249412812,0,nan,nan,nan,nan,nan
low_history,2.814343418840856,0,nan,nan,nan,nan,nan
low_history,2.9452431127404304,0,nan,nan,nan,nan,nan
low_history,3.0761428066400054,32034,1.5877358253639595e-12,1.588706063317522e-12,-9.702379535625104e-16,3.8412243176026574e-05,4.583001809379062e-07
high_history,-3.076142806640006,16004,7.064397062501617e-09,7.029664489100732e-09,3.473257340088559e-11,-0.0029685558962201796,-3.5389337591763426e-05
high_history,-2.945243112740431,0,nan,nan,nan,nan,nan
high_history,-2.8143434188408563,0,nan,nan,nan,nan,nan
high_history,-2.6834437249412817,0,nan,nan,nan,nan,nan
high_history,-2.552544031041707,0,nan,nan,nan,nan,nan
high_history,-2.421644337142132,0,nan,nan,nan,nan,nan
high_history,-2.2907446432425576,0,nan,nan,nan,nan,nan
high_history,-2.159844949342983,0,nan,nan,nan,nan,nan
high_history,-2.028945255443408,0,nan,nan,nan,nan,nan
high_history,-1.8980455615438334,0,nan,nan,nan,nan,nan
high_history,-1.7671458676442588,0,nan,nan,nan,nan,nan
high_history,-1.6362461737446838,0,nan,nan,nan,nan,nan
high_history,-1.5053464798451093,0,nan,nan,nan,nan,nan
high_history,-1.3744467859455347,0,nan,nan,nan,nan,nan
high_history,-1.24354709204596,0,nan,nan,nan,nan,nan
high_history,-1.1126473981463851,0,nan,nan,nan,nan,nan
high_history,-0.9817477042468106,0,nan,nan,nan,nan,nan
high_history,-0.8508480103472358,0,nan,nan,nan,nan,nan
high_history,-0.719948316447661,0,nan,nan,nan,nan,nan
high_history,-0.5890486225480864,0,nan,nan,nan,nan,nan
high_history,-0.45814892864851164,0,nan,nan,nan,nan,nan
high_history,-0.32724923474893686,0,nan,nan,nan,nan,nan
high_history,-0.1963495408493623,0,nan,nan,nan,nan,nan
high_history,-0.0654498469497875,0,nan,nan,nan,nan,nan
high_history,0.06544984694978728,0,nan,nan,nan,nan,nan
high_history,0.19634954084936185,0,nan,nan,nan,nan,nan
high_history,0.3272492347489364,0,nan,nan,nan,nan,nan
high_history,0.4581489286485112,0,nan,nan,nan,nan,nan
high_history,0.589048622548086,0,nan,nan,nan,nan,nan
high_history,0.7199483164476606,0,nan,nan,nan,nan,nan
high_history,0.8508480103472353,0,nan,nan,nan,nan,nan
high_history,0.9817477042468101,0,nan,nan,nan,nan,nan
high_history,1.1126473981463847,0,nan,nan,nan,nan,nan
high_history,1.2435470920459593,0,nan,nan,nan,nan,nan
high_history,1.3744467859455338,0,nan,nan,nan,nan,nan
high_history,1.5053464798451088,0,nan,nan,nan,nan,nan
high_history,1.6362461737446838,0,nan,nan,nan,nan,nan
high_history,1.7671458676442584,0,nan,nan,nan,nan,nan
high_history,1.898045561543833,0,nan,nan,nan,nan,nan
high_history,2.0289452554434075,0,nan,nan,nan,nan,nan
high_history,2.159844949342982,0,nan,nan,nan,nan,nan
high_history,2.290744643242557,0,nan,nan,nan,nan,nan
high_history,2.421644337142132,0,nan,nan,nan,nan,nan
high_history,2.5525440310417067,0,nan,nan,nan,nan,nan
high_history,2.6834437249412812,0,nan,nan,nan,nan,nan
high_history,2.814343418840856,0,nan,nan,nan,nan,nan
high_history,2.9452431127404304,0,nan,nan,nan,nan,nan
high_history,3.0761428066400054,15997,7.022238240851827e-09,7.012680311146252e-09,9.557929705575567e-12,0.0029645815955659533,3.530353124482633e-05
