Q,component,singular_value,explained_variance_ratio,cumulative_explained_variance,B_0_0,B_0_1,B_0_2,B_0_3,B_0_4,B_0_5,B_0_6,B_0_7,B_0_8,B_1_0,B_1_1,B_1_2,B_1_3,B_1_4,B_1_5,B_1_6,B_1_7,B_1_8,B_2_0,B_2_1,B_2_2,B_2_3,B_2_4,B_2_5,B_2_6,B_2_7,B_2_8,B_3_0,B_3_1,B_3_2,B_3_3,B_3_4,B_3_5,B_3_6,B_3_7,B_3_8,B_4_0,B_4_1,B_4_2,B_4_3,B_4_4,B_4_5,B_4_6,B_4_7,B_4_8,B_5_0,B_5_1,B_5_2,B_5_3,B_5_4,B_5_5,B_5_6,B_5_7,B_5_8,B_6_0,B_6_1,B_6_2,B_6_3,B_6_4,B_6_5,B_6_6,B_6_7,B_6_8,B_7_0,B_7_1,B_7_2,B_7_3,B_7_4,B_7_5,B_7_6,B_7_7,B_7_8,B_8_0,B_8_1,B_8_2,B_8_3,B_8_4,B_8_5,B_8_6,B_8_7,B_8_8
522.25,1,0.08955794465140758,0.6644989994523173,0.6644989994523173,2.321734528498055e-18,-0.0015347388505414505,5.551115123125783e-17,0.0,0.0,0.0,0.0,0.0,0.0,-0.013323394388016474,-0.005568616241222112,-0.0031466423280406904,4.618197281706855e-05,0.0,0.0,1.8372563484974856e-05,0.0,6.399135052370673e-06,-6.399135052370741e-06,0.0031466423280406904,-0.006029037896381759,6.399135052370741e-06,0.0,0.0,3.1995841831560397e-06,0.0,-4.618197281711025e-05,0.0,0.0,0.0,0.0,-0.001534738850541425,0.0,0.0,0.0,0.0,-0.00940755340892289,0.0,0.0,0.0905139679870547,7.900951684595037e-05,0.7040248020066737,-0.005664986204347783,0.0,0.001303607104073132,0.001303607104073132,0.0,0.0,-0.001303607104073132,-0.7040248020066737,-0.00038141213831502537,0.0006518069454964145,0.0,0.00940755340892289,0.0,0.0,0.0,0.0,0.0,0.0,0.0,-0.001534738850541425,0.0,4.3389913968599046e-05,0.0,0.0,4.3389913968599046e-05,0.0,0.0,0.003683374354686758,0.000460421570327708,-0.00046965644455023754,0.0,0.0,-0.001534738850541425,0.0,0.0,-0.001534738850541425,0.0003836846895484065,0.0,0.0
522.25,2,0.06363614418192085,0.3355009928254107,0.999999992277728,-2.3436136006958053e-18,0.0073562597828936704,1.1102230246251565e-16,0.0,0.0,0.0,0.0,0.0,0.0,-0.024981498969834315,0.006108977266539862,-0.000220135146835739,-2.1955492934661296e-05,0.0,0.0,1.163844534211669e-05,0.0,-0.0027171607896526767,0.002717160789652677,0.000220135146835739,0.008315855201409048,-0.002717160789652677,0.0,0.0,-0.001358580412852237,0.0,2.1955492934697156e-05,0.0,0.0,0.0,0.0,0.007356259782893668,0.0,0.0,0.0,0.0,0.00447212740261484,0.0,0.0,-0.014543290193624318,0.029698821912271463,0.0026055904552367577,0.006843301462612004,0.0,-0.5535240454162886,-0.5535240454162886,0.0,0.0,0.5535240454162886,-0.0026055904552367577,0.031905699847143004,-0.27676202638060765,0.0,-0.00447212740261484,0.0,0.0,0.0,0.0,0.0,0.0,0.0,0.007356259782893668,0.0,-0.018423803606836864,0.0,0.0,-0.018423803606836864,0.0,0.0,-0.017655024268994554,-0.0022068774018530503,-0.0004745140604717478,0.0,0.0,0.007356259782893668,0.0,0.0,0.007356259782893668,-0.001839064927909198,0.0,0.0
522.25,3,8.190682507844884e-06,5.558099013082535e-09,0.9999999978358269,-1.740176093178196e-14,0.0003090423731515104,4.909809538100607e-15,-1.1102230246251565e-16,-1.1102230246251565e-16,0.0,0.0,0.0,0.0,0.0008657138416777137,0.0004857148034063912,0.00044373693384971866,0.0002556239123463123,0.0,0.0,0.00012872127822068538,0.0,-3.7848912982197466e-05,3.784891298225549e-05,-0.00044373693384971866,0.0005784274935388747,-3.784891298225549e-05,0.0,0.0,-2.4264672127480063e-05,0.0,-0.0002556239138208744,0.0,0.0,0.0,0.0,0.00030904237314902615,0.0,0.0,0.0,0.0,-0.19350138354046237,0.0,0.0,0.9519873963416433,0.0228215402532048,-0.06412245903676256,-0.09657879141690835,0.0,-0.008242859878239675,-0.008242859878220772,0.0,0.0,0.008242859878220772,0.06412245903676256,0.022914252964587524,-0.0052093072854008495,0.0,0.19350138354046237,0.0,0.0,0.0,0.0,0.0,0.0,0.0,0.00030904237314902615,0.0,-0.0004305402418343488,0.0,0.0,-0.0004305402418343488,0.0,0.0,-0.0010159534322539106,2.1916639199079376e-05,-0.0017248778831160949,0.0,0.0,0.00030904237314902615,0.0,0.0,0.00030904237314902615,-7.12799448302891e-05,0.0,0.0
522.25,4,5.110965295096147e-06,2.164172924308448e-09,0.9999999999999999,4.117757301582764e-14,-0.000354187117120496,-8.62358144962383e-15,1.1102230246251565e-16,-2.220446049250313e-16,0.0,0.0,-0.0,-0.0,0.001505796814964885,-0.0007918844604505679,-5.332211501614956e-05,-0.00019383806258465078,-0.0,-0.0,-9.83807805262765e-05,-0.0,0.00017800324861552382,-0.00017800324861563923,5.332211501614956e-05,-0.0008981406748995651,0.00017800324861563923,-0.0,-0.0,8.388934212699081e-05,0.0,0.00019383806304482747,0.0,0.0,0.0,0.0,-0.0003541871171158728,0.0,0.0,0.0,0.0,-0.019723306388778967,0.0,0.0,-0.04189769942159744,0.705539813875757,0.0024723019160781375,-0.010059096561313234,0.0,0.024464237137828096,0.02446423713783558,0.0,0.0,-0.02446423713783558,-0.0024723019160781375,0.7054335577956604,0.01119067436857239,0.0,0.019723306388778967,0.0,0.0,0.0,0.0,0.0,0.0,0.0,-0.0003541871171158728,0.0,0.0012313263339846637,0.0,0.0,0.0012313263339846637,0.0,0.0,0.00032282600355974437,-6.507209721833724e-05,0.0013499263621627273,0.0,0.0,-0.0003541871171158728,0.0,0.0,-0.0003541871171158728,9.883815595060501e-05,0.0,0.0
522.25,5,8.046754819062851e-10,5.364480030079073e-17,0.9999999999999999,4.652488022074547e-11,0.0792682896086731,2.171624260668765e-12,-1.0905244264038105e-13,3.936225802768367e-14,0.0,0.0,0.0,0.0,-0.050691723349433095,-0.025071442895493793,0.07482037976968763,-0.00426762810004278,0.0,0.0,-0.0018914758995126676,0.0,8.852852533562003e-05,-8.852852423012139e-05,-0.0748203797696876,-0.0012913543494105489,8.852852423012139e-05,0.0,0.0,-1.5052740697306777e-05,0.0,0.004267625971973766,0.0,0.0,0.0,0.0,0.07926828957734343,0.0,0.0,0.0,0.0,-0.6200976590542091,0.0,0.0,-0.27624014704392724,-0.039241418339124076,0.009125866000699326,-0.26052738681101467,0.0,0.003296578640499946,0.0032965786577782595,0.0,0.0,-0.0032965786577782595,-0.009125866000699326,-0.015460464300935645,-0.0104347678693465,0.0,0.6200976590542091,0.0,0.0,0.0,0.0,0.0,0.0,0.0,0.07926828957734343,0.0,-0.0011301985932503458,0.0,0.0,-0.0011301985932503458,0.0,0.0,-0.19299286362372708,-0.02331582271657629,0.025540121410696448,0.0,0.0,0.07926828957734343,0.0,0.0,0.07926828957734347,-0.019736994843390795,0.0,0.0
522.25,6,6.770141010330442e-10,3.7973578381067646e-17,0.9999999999999999,4.2643030827456146e-11,-0.25860868813409155,-3.4499955346503623e-12,3.2615118322287893e-13,-1.1406618989737334e-13,0.0,1.3877787807814457e-17,1.1102230246251565e-16,-8.673617379884035e-19,0.16359729296107087,0.0840334515043504,-0.24998236872032895,-0.0017632895296476436,0.0,0.0,-0.0016781927635835144,0.0,0.00014970341789079177,-0.00014970341831117937,0.24998236872032892,0.006450742021368895,0.00014970341831117937,0.0,0.0,4.7999832454566237e-05,0.0,0.0017632760530032945,0.0,0.0,0.0,0.0,-0.25860868814534543,0.0,0.0,0.0,0.0,-0.1512079064953893,0.0,0.0,-0.08439538101303422,0.030549602177436738,0.0002065041832219915,-0.2374433364554947,0.0,-0.013897400675631656,-0.013897400737634617,0.0,0.0,0.013897400737634617,-0.000206504183221991,-0.047032290242950935,-0.0124195314393994,0.0,0.15120790649538926,0.0,0.0,0.0,0.0,0.0,0.0,0.0,-0.25860868814534543,0.0,0.0006431152386301985,0.0,0.0,0.0006431152386301985,0.0,0.0,0.6188538671404151,0.07716893613066159,0.022765191469917335,0.0,0.0,-0.25860868814534543,0.0,0.0,-0.25860868814534554,0.06469991014837453,0.0,0.0
522.25,7,6.302593595870177e-11,3.2909759082456255e-19,0.9999999999999999,1.3274540291085116e-09,-0.00916180508452899,-4.027206317667107e-10,-4.0328355558773136e-13,9.726394630026405e-14,-1.3877787807814457e-16,1.6653345369377348e-16,5.551115123125783e-17,0.0,0.8610944031296679,-0.19374478360975336,0.300374056327928,0.0018520448759798665,0.0,0.0,0.0008945295704413646,0.0,0.0015007885822058864,-0.0015007885845012795,-0.30037405632792813,-0.19648668399229946,0.0015007885845012795,0.0,0.0,0.0007529536073557238,0.0,-0.0018519634747083018,0.0,0.0,0.0,0.0,-0.009161804833627654,0.0,0.0,0.0,0.0,-1.365612342626213e-06,0.0,0.0,-0.0005576514475708125,0.0009142418253045581,0.007838143617533596,-0.0042377587361096414,0.0,-0.01430284078684837,-0.014302842399274528,0.0,0.0,0.014302842399274528,-0.007838143617533606,-0.0018026525500440317,-0.006695332548629971,0.0,1.365612342663664e-06,0.0,0.0,0.0,0.0,0.0,0.0,0.0,-0.009161804833627654,0.0,0.011046915196357436,0.0,0.0,0.011046915196357436,0.0,0.0,0.020773445304030084,0.0014859168190659493,0.0012140567813916292,0.0,0.0,-0.009161804833627654,0.0,0.0,-0.009161804833627628,0.0023430797227639495,0.0,0.0
522.25,8,2.8905546627866446e-11,6.922268946995205e-20,0.9999999999999999,1.9216148500433037e-08,0.017191803231238086,-4.447747323971946e-09,-3.762112573102135e-13,-1.284187769415735e-13,-7.771561172376096e-16,-1.1102230246251565e-16,3.3306690738754696e-16,2.220446049250313e-16,0.24151224777302033,0.675241401322301,0.09729827543340994,0.000383945259266159,0.0,0.0,0.00024477629370218734,0.0,-0.0009930575406597519,0.000993057495239043,-0.09729827543341048,0.6804134451842948,-0.000993057495239043,0.0,0.0,-0.0005173977897076088,0.0,-0.00038371104974289135,0.0,0.0,0.0,0.0,0.01719180550251149,0.0,0.0,0.0,0.0,-0.0013398737653520854,0.0,0.0,0.00026890158455161994,-0.002179881397753112,0.008503375884767158,0.007427854786017616,0.0,0.0037128230278077458,0.0037128255715304205,0.0,0.0,-0.0037128255715304205,-0.008503375884767237,0.00302760555096995,-0.0025017259242419688,0.0,0.0013398737653513581,0.0,0.0,0.0,0.0,0.0,0.0,0.0,0.01719180550251149,0.0,-0.005792832906845644,0.0,0.0,-0.005792832906845644,0.0,0.0,-0.043884486831419794,-0.008216572094046023,0.0006181259468835656,0.0,0.0,0.01719180550251149,0.0,0.0,0.017191805502511426,-0.004160341862278835,0.0,0.0
522.25,9,4.057414884341779e-12,1.3639075437552796e-21,0.9999999999999999,6.95221686288719e-08,0.033061523500006185,-1.2564523861225604e-08,-2.3600070301463806e-12,6.769263585526428e-13,-2.1545265571631944e-15,-3.122502256758253e-16,-3.712308238590367e-16,-2.7755575615628914e-17,-0.057462875208659,-0.010517390381823422,0.10068679762170456,-0.00043372265548205675,0.0,0.0,0.00025563761236076465,0.0,-0.08609175577202878,0.08609175608412381,-0.10068679762170546,-0.000497695297070411,-0.08609175608412381,0.0,0.0,-0.041451321460101144,0.0,0.0004353815820951443,0.0,0.0,0.0,0.0,0.033061525550856306,0.0,0.0,0.0,0.0,0.010561968527432734,0.0,0.0,-0.0010253315865027433,-0.005375634684315918,-0.00037620893662614443,-0.05352625724385325,0.0,-0.03687901880238128,-0.03687898630243772,0.0,0.0,0.03687898630243772,0.00037620893662518355,0.0065642038028498745,0.30728694616774616,0.0,-0.0105619685274334,0.0,0.0,0.0,0.0,0.0,0.0,0.0,0.033061525550856306,0.0,-0.6376783583345239,0.0,0.0,-0.6376783583345239,0.0,0.0,0.14574142541132054,0.10294496164771255,-0.004069963075908624,0.0,0.0,0.033061525550856306,0.0,0.0,0.03306152555085593,-0.010150555513082322,0.0,0.0
522.25,10,2.4269059720430518e-12,4.879687341103684e-22,0.9999999999999999,1.353294641482135e-07,-0.13733296524680702,-2.8919756638772184e-08,-4.2506697125933534e-12,1.217435603283884e-12,-2.8928248685389235e-14,-3.608224830031759e-16,-5.377642775528102e-16,2.983724378680108e-16,-0.3821054307139369,0.02980976645367306,0.5298981090404304,0.008086683716492515,0.0,0.0,0.005237094058685482,0.0,0.021717757241809226,-0.021717757781598214,-0.5298981090404317,-0.009434809805112795,0.021717757781598214,0.0,0.0,0.011599619168738199,0.0,-0.008028586168126439,0.0,0.0,0.0,0.0,-0.137332953029823,0.0,0.0,0.0,0.0,-0.03957633105215522,0.0,0.0,-0.0019584431688869208,-0.00637087593980974,-0.0025089323607854195,0.13823377161835076,0.0,-0.026048102230599342,-0.02604819111508355,0.0,0.0,0.02604819111508355,0.0025089323607893083,0.006626517189343553,0.13924612172141212,0.0,0.039576331052141235,0.0,0.0,0.0,0.0,0.0,0.0,0.0,-0.137332953029823,0.0,0.12706807082902236,0.0,0.0,0.12706807082902236,0.0,0.0,0.28518081048331195,-0.15445773206999477,-0.07116483664316346,0.0,0.0,-0.137332953029823,0.0,0.0,-0.13733295302982368,0.0954771701942253,0.0,0.0
522.25,11,1.7169118453585689e-12,2.4422048491978573e-22,0.9999999999999999,8.733134667096689e-08,-0.1562859610045561,-2.6465068095792982e-08,1.7439614518482795e-12,-1.4814955574453072e-13,-2.436245649661828e-14,3.434752482434078e-16,-5.412337245047638e-16,6.904199434387692e-16,-0.04431841254943478,0.017247518395137884,0.06635388550469057,-0.00020190998500235757,-6.938893903907228e-18,-1.0842021724855044e-19,7.542374977368739e-05,0.0,-0.05269435118040846,0.05269435136561142,-0.06635388550469286,-0.028412580642231143,-0.05269435136561142,0.0,0.0,-0.030087810132393086,0.0,0.00023185653081808877,0.0,0.0,0.0,0.0,-0.15628593767647986,0.0,0.0,0.0,0.0,0.033415477089548756,0.0,0.0,0.002081171755802995,0.008721692425784144,-0.0003711391427378659,-0.10414665815515879,0.0,0.1219158569404463,0.12191595293017717,0.0,0.0,-0.12191595293017717,0.0003711391427365622,-0.009181377139562075,-0.6995860493206002,0.0,-0.033415477089567325,0.0,0.0,0.0,0.0,0.0,0.0,0.0,-0.15628593767647986,0.0,-0.2297655253362406,0.0,0.0,-0.2297655253362406,0.0,0.0,-0.2564603844443874,-0.36229478597940556,-0.0025194190457069453,0.0,0.0,-0.15628593767647986,0.0,0.0,-0.15628593767647947,0.08299112515097579,0.0,0.0
522.25,12,5.249916673592965e-13,2.2834468960645375e-23,0.9999999999999999,4.21616508554343e-07,-0.20114413149955035,-8.241596541520137e-08,-1.5338701785748184e-12,1.9254123343630776e-12,-4.330867262036797e-14,-9.549652735252323e-16,-1.4259426972529354e-15,6.192962809237201e-16,-0.0524082892359547,0.03045911826276468,0.07332451778695936,-0.05733344306959326,0.0,-2.7755575615628914e-17,-0.026743015087138843,0.0,0.0074315542952429064,-0.0074315549351243754,-0.07332451778696766,-0.02768968739013399,0.0074315549351243754,0.0,0.0,0.004262830231687975,0.0,0.05738352707112139,0.0,0.0,0.0,0.0,-0.20114408305911488,0.0,0.0,0.0,0.0,0.022301689986804603,0.0,0.0,0.004459777307282691,0.0023752984365170817,-0.0003437020767379875,-0.05175628600836137,0.0,-0.016871373606828798,-0.016871473983381107,0.0,0.0,0.016871473983381107,0.00034370207674694006,-0.0024009814828558104,0.09989957531358717,0.0,-0.02230168998683578,0.0,0.0,0.0,0.0,0.0,0.0,0.0,-0.20114408305911488,0.0,0.008706760692129896,0.0,0.0,0.008706760692129896,0.0,0.0,-0.4611247931428972,0.6124419449228049,0.40265256746633316,0.0,0.0,-0.20114408305911488,0.0,0.0,-0.20114408305911563,0.10242754822051231,0.0,0.0
550.0,1,1.0162962615282398,0.6717768534144413,0.6717768534144413,9.211783950218278e-19,0.0013792727616097622,1.1102230246251565e-16,0.0,0.0,0.0,0.0,0.0,0.0,0.012973342342456949,0.004607631733262549,0.002990965870068021,-3.617894148241048e-05,0.0,0.0,-1.4149186567281448e-05,0.0,1.0544940118768841e-05,-1.0544940118768841e-05,-0.002990965870068021,0.005021413561745322,1.0544940118768841e-05,0.0,0.0,5.27272252009413e-06,0.0,3.617894148241048e-05,0.0,0.0,0.0,0.0,0.0013792727616097034,0.0,0.0,0.0,0.0,0.0077052648680795465,0.0,0.0,-0.08517528971571856,-0.0010323814570567058,-0.7043908848251371,0.004690838282164235,0.0,0.0022429654138818363,0.0022429654138818363,0.0,0.0,-0.0022429654138818363,0.7043908848251371,-0.0006185996285740839,0.0011215363911268217,0.0,-0.0077052648680795465,0.0,0.0,0.0,0.0,0.0,0.0,0.0,0.0013792727616097034,0.0,7.526941490673828e-05,0.0,0.0,7.526941490673828e-05,0.0,0.0,-0.00331024583420921,-0.000413794238480192,0.0004111365271548791,0.0,0.0,0.0013792727616097034,0.0,0.0,0.0013792727616097034,-0.000344818372534733,0.0,0.0
550.0,2,0.7103812554452278,0.32822175740379433,0.9999986108182356,-3.8636686867962755e-18,0.007242042879306521,5.551115123125783e-17,0.0,0.0,0.0,0.0,0.0,0.0,-0.022074330838961126,0.00584996620098996,0.0006609574135182566,-2.0760241416305367e-05,0.0,0.0,1.03088483993693e-05,0.0,-0.0026025904044666417,0.0026025904044666417,-0.0006609574135182566,0.008022579064782256,-0.0026025904044666417,0.0,0.0,-0.0013012956759553885,0.0,2.0760241416305367e-05,0.0,0.0,0.0,0.0,0.007242042879306777,0.0,0.0,0.0,0.0,0.004404966880084286,0.0,0.0,-0.020316802216542282,0.025790990307098503,-0.0016749662740284778,0.006603574203919645,0.0,-0.5536399158116275,-0.5536399158116275,0.0,0.0,0.5536399158116275,0.0016749662740284778,0.027963603170890312,-0.27682005871891474,0.0,-0.004404966880084286,0.0,0.0,0.0,0.0,0.0,0.0,0.0,0.007242042879306777,0.0,-0.018574154134846223,0.0,0.0,-0.018574154134846223,0.0,0.0,-0.017380936725425535,-0.0021726105833583882,-0.0004142451618881023,0.0,0.0,0.007242042879306777,0.0,0.0,0.007242042879306777,-0.0018105100455925284,0.0,0.0
550.0,3,0.001259481703916414,1.0317348628598499e-06,0.9999996425530985,-2.0941006923039567e-15,-0.00030668870587321237,-3.443426099813962e-16,0.0,0.0,0.0,0.0,0.0,0.0,-0.0006917072783171219,-0.0003649207684947199,-0.00041855917929858763,-0.000260772957894284,0.0,0.0,-0.00013123033777587693,0.0,5.077812576704496e-05,-5.077812576704433e-05,0.0004185591792985877,-0.00045692738026892153,5.077812576704433e-05,0.0,0.0,2.9376086602859003e-05,0.0,0.000260772957894284,0.0,0.0,0.0,0.0,-0.0003066887058734436,0.0,0.0,0.0,0.0,0.17247022164404663,0.0,0.0,-0.9616103525149339,-0.018541069746879177,0.06037870169658919,0.0860639865407886,0.0,0.01119864505975952,0.011198645059760643,0.0,0.0,-0.011198645059760643,-0.06037870169658919,-0.01863307635852662,0.006447467688439522,0.0,-0.17247022164404663,0.0,0.0,0.0,0.0,0.0,0.0,0.0,-0.0003066887058734436,0.0,0.0004955359115043267,0.0,0.0,0.0004955359115043267,0.0,0.0,0.00094113172439859,1.66241784483534e-06,0.0018557113085747917,0.0,0.0,-0.0003066887058734436,0.0,0.0,-0.0003066887058734436,7.212544315792993e-05,0.0,0.0
550.0,4,0.0007413322160228965,3.574457412300706e-07,0.9999999999988397,1.5594056830721815e-15,0.00027460422387184984,1.6197980456933436e-16,-3.0531133177191805e-16,-1.1102230246251565e-16,0.0,0.0,0.0,-0.0,-0.0010235792234185022,0.0007739139821049237,0.00010664376398225815,0.00018659470545329202,-0.0,-0.0,9.435173464343603e-05,-0.0,-0.00014261424359063074,0.00014261424359062868,-0.00010664376398225821,0.0008562952488829527,-0.00014261424359062868,-0.0,-0.0,-6.69020102863e-05,0.0,-0.00018659470545329202,0.0,0.0,0.0,0.0,0.0002746042238720042,0.0,0.0,0.0,0.0,0.0229064951313077,0.0,0.0,0.03557464528125167,-0.7057565642141698,-0.0011467410260299084,0.011605241219170585,0.0,-0.021423136858686655,-0.021423136858687648,0.0,0.0,0.021423136858687648,0.0011467410260299084,-0.7056741829475943,-0.009774482671690843,0.0,-0.0229064951313077,0.0,0.0,0.0,0.0,0.0,0.0,0.0,0.0002746042238720042,0.0,-0.001031456019486957,0.0,0.0,-0.001031456019486957,0.0,0.0,-0.00021736637617728854,5.3501946855386436e-05,-0.0013553615220184604,0.0,0.0,0.0002746042238720042,0.0,0.0,0.0002746042238720042,-7.739818156808927e-05,0.0,0.0
550.0,5,1.3356600871294257e-06,1.1603159881741683e-12,1.0,4.4775660970685535e-12,-3.974898268615034e-05,7.366619233427308e-13,6.660470786012951e-15,-3.675879045594854e-15,1.1102230246251565e-16,0.0,0.0,0.0,-0.011278802241916722,-0.0005118843838362175,-0.00440004438409697,0.004185022631770084,0.0,0.0,0.002094602973427325,0.0,-0.0001318907219461034,0.00013189072194891795,0.004400044384096971,-0.0005238088797327255,-0.00013189072194891795,0.0,0.0,-6.623004605150894e-06,0.0,-0.0041850226317700825,0.0,0.0,0.0,0.0,-3.9748982189729653e-05,0.0,0.0,0.0,0.0,0.6431053488348575,0.0,0.0,0.2574103546515802,0.029948626126849596,-0.007621344747779311,0.32153505847173397,0.0,0.0004913546838242024,0.0004913546833550502,0.0,0.0,-0.0004913546833550502,0.007621344747779311,0.0299367014165578,0.012864878351259643,0.0,-0.6431053488348575,0.0,0.0,0.0,0.0,0.0,0.0,0.0,-3.9748982189729653e-05,0.0,0.0005434911793295893,0.0,0.0,0.0005434911793295893,0.0,0.0,0.0025170862094180285,0.000455659022312694,-0.029958708806273483,0.0,0.0,-3.9748982189729653e-05,0.0,0.0,-3.97489821897302e-05,-8.596082912278148e-05,0.0,0.0
550.0,6,8.370882044377929e-09,4.557501542096632e-17,1.0,1.891249643719524e-10,-0.15132057632428417,3.774796074284439e-11,1.1703411372345537e-13,-1.1735650632164162e-13,-7.060324547225605e-16,1.1102230246251565e-16,0.0,-6.938893903907228e-18,0.536250818712547,-0.11089139576271206,0.0037832662119334994,0.001220095022813865,0.0,0.0,3.807680026286094e-05,0.0,0.06337737818901289,-0.06337737818728965,-0.003783266211933577,-0.15628758560920714,0.06337737818728965,0.0,0.0,0.031696222704782624,0.0,-0.001220095022813864,0.0,0.0,0.0,0.0,-0.15132057630254434,0.0,0.0,0.0,0.0,0.006924453803543018,0.0,0.0,0.0014697481340775415,0.022583525756343877,0.002280938411537048,-0.013490065044684255,0.0,-0.024108254607267773,-0.02410825432203463,0.0,0.0,0.02410825432203463,-0.0022809384115370494,-0.022812623591924867,-0.011276985862735357,0.0,-0.006924453803542995,0.0,0.0,0.0,0.0,0.0,0.0,0.0,-0.15132057630254434,0.0,0.45245412729734374,0.0,0.0,0.45245412729734374,0.0,0.0,0.3634021453622096,0.04437165234454295,0.007369272508075416,0.0,0.0,-0.15132057630254434,0.0,0.0,-0.15132057630254434,0.03782882406533889,0.0,0.0
550.0,7,4.5623992813229025e-09,1.353851280653401e-17,1.0,4.0469736685174726e-10,0.12611522590255694,4.9092367075651313e-11,1.5279259469111331e-13,-1.6054697549422025e-13,-1.4029576111962427e-15,2.220446049250313e-16,0.0,-5.551115123125783e-17,0.7025729649167676,0.31883975175309254,0.1994323244462686,-0.009620735550510627,0.0,0.0,-0.004450097281075832,0.0,-0.011399537646157738,0.011399537644141366,-0.19943232444626863,0.35667428118594985,-0.011399537644141366,0.0,0.0,-0.005764712766158118,0.0,0.009620735550510623,0.0,0.0,0.0,0.0,0.12611522594483934,0.0,0.0,0.0,0.0,0.007882586726443605,0.0,0.0,0.003565618179472931,-0.018477884428714706,0.01091323202545753,0.008314638712180945,0.0,0.004312558075290409,0.0043125576367540825,0.0,0.0,-0.0043125576367540825,-0.010913232025457523,0.019356660559526194,-0.016019683553862966,0.0,-0.007882586726443661,0.0,0.0,0.0,0.0,0.0,0.0,0.0,0.12611522594483934,0.0,-0.08259226212018798,0.0,0.0,-0.08259226212018798,0.0,0.0,-0.3061948446249868,-0.041037730684817426,0.0792371603941288,0.0,0.0,0.12611522594483934,0.0,0.0,0.12611522594483932,-0.03134360990964257,0.0,0.0
550.0,8,5.489386943202329e-10,1.9598916821522278e-19,1.0,1.3243334428232197e-09,0.05495473491068057,4.334217845952276e-10,2.0973121351583366e-12,-2.017493824030893e-12,2.927701619548709e-14,-1.700029006457271e-16,-3.608224830031759e-16,1.1102230246251565e-16,-0.1148115774498013,0.30548938738676434,-0.5036487009440553,-0.019574623135844023,0.0,0.0,-0.009685275267584708,0.0,0.041863155894539,-0.0418631558936308,0.5036487009440549,0.3219753499979346,0.0418631558936308,0.0,0.0,0.02078675321985827,0.0,0.01957462313584418,0.0,0.0,0.0,0.0,0.05495473509667742,0.0,0.0,0.0,0.0,0.0013437502023171029,0.0,0.0,0.00044425807253013685,-0.008413468131406292,-0.0001756328258644843,-0.006066850023813698,0.0,0.006251757137454946,0.006251757095498992,0.0,0.0,-0.006251757095498992,0.00017563282586446267,0.008072866335341534,-0.0342557618758728,0.0,-0.0013437502023168513,0.0,0.0,0.0,0.0,0.0,0.0,0.0,0.05495473509667742,0.0,0.29590460487103243,0.0,0.0,0.29590460487103243,0.0,0.0,-0.24247176841867327,0.06198901891096023,0.1463360599714551,0.0,0.0,0.05495473509667742,0.0,0.0,0.054954735096677004,-0.014717862889138091,0.0,0.0
550.0,9,3.22422341070471e-10,6.761368933265162e-20,1.0,1.2603469871718511e-08,0.11094739737308604,2.390632273332501e-09,7.789346474576734e-12,-9.212730825914792e-12,-4.209921799190608e-14,-5.273559366969494e-16,-5.551115123125783e-16,-2.220446049250313e-16,-0.129347914224676,-0.28352128643172525,0.19021041474969058,0.006850496144803979,0.0,0.0,0.0035319598029384244,0.0,0.03330052753652281,-0.03330052751650277,-0.1902104147496941,-0.25023998767717737,0.03330052751650277,0.0,0.0,0.014700105108151604,0.0,-0.006850496144803944,0.0,0.0,0.0,0.0,0.1109473988283208,0.0,0.0,0.0,0.0,-0.02295520607757287,0.0,0.0,0.0004797362992726606,-0.017233770175516944,-0.00023092281635163123,0.10448345964120669,0.0,0.06450500492401923,0.06450500210902652,0.0,0.0,-0.06450500210902652,0.0002309228163515644,0.016051210324281313,-0.3801771822682054,0.0,0.02295520607756728,0.0,0.0,0.0,0.0,0.0,0.0,0.0,0.1109473988283208,0.0,0.3133640185076432,0.0,0.0,0.3133640185076432,0.0,0.0,-0.5386557938246429,-0.2075910325582609,-0.05513774308909848,0.0,0.0,0.1109473988283208,0.0,0.0,0.11094739882831858,-0.022081499229513937,0.0,0.0
550.0,10,1.847873275913084e-10,2.2208986964652854e-20,1.0,3.553385717850245e-08,0.2108887251982863,4.137979185733187e-09,1.436481269022096e-11,-1.0777584469274853e-11,-4.183562133872054e-14,-1.1518563880486e-15,-9.71445146547012e-16,-1.1102230246251565e-16,-0.055721703233183706,-0.16172947137059596,0.08384399975361484,-0.008945867397611707,0.0,0.0,-0.0036713359026068876,0.0,0.04194520963999627,-0.04194520962448503,-0.08384399975361319,-0.09846150839279606,0.04194520962448503,0.0,0.0,0.024639524410862815,0.0,0.008945867397611898,0.0,0.0,0.0,0.0,0.21088872878980502,0.0,0.0,0.0,0.0,-0.044802157654166,0.0,0.0,-0.0012915924546324893,-0.03156732008870184,0.0001111921138479331,0.15739583049041378,0.0,-0.11861972114478,-0.11861972647026771,0.0,0.0,0.11861972647026771,-0.00011119211384802648,0.031696084040721884,0.7167112576812522,0.0,0.04480215765417929,0.0,0.0,0.0,0.0,0.0,0.0,0.0,0.21088872878980502,0.0,0.15818388546730794,0.0,0.0,0.15818388546730794,0.0,0.0,-0.007774794978247736,0.27179341376283994,0.06220445245912779,0.0,0.0,0.21088872878980502,0.0,0.0,0.21088872878980264,-0.06349624974980841,0.0,0.0
550.0,11,1.107724517539741e-10,7.980827356103112e-21,1.0,3.017823587554255e-09,-0.011862315796987958,2.652374767163548e-09,7.596474262656959e-12,-1.2144766186967732e-11,-3.424975943453574e-14,-3.7947076036992655e-16,-1.334869714764153e-15,-2.42861286636753e-17,-0.39077362991445547,0.41857141019233185,0.33436622606510513,0.024903830617631018,0.0,0.0,0.011998185184410563,0.0,0.03215478674602588,-0.03215478674090727,-0.334366226065118,0.4150229195925733,0.03215478674090727,0.0,0.0,0.016209362866912286,0.0,-0.024903830617630986,0.0,0.0,0.0,0.0,-0.011862315151728262,0.0,0.0,0.0,0.0,-0.02338639403715695,0.0,0.0,-0.0022712467408654287,0.0021070027770390756,0.00010438793711998718,0.07006388039759166,0.0,-0.0036609230733877715,-0.0036609265303630474,0.0,0.0,0.0036609265303630474,-0.00010438793711868619,-0.0014545501781791405,0.026994948563163958,0.0,0.023386394037145458,0.0,0.0,0.0,0.0,0.0,0.0,0.0,-0.011862315151728262,0.0,0.23552575532130035,0.0,0.0,0.23552575532130035,0.0,0.0,0.2774402725263079,-0.20097732606886887,-0.18885668105029044,0.0,0.0,-0.011862315151728262,0.0,0.0,-0.01186231515173133,0.005987182615903216,0.0,0.0
550.0,12,4.347373967040426e-11,1.2292448022221938e-21,1.0,-6.559551550292998e-08,0.19661697404633469,-1.916770516544379e-09,-7.695688100060344e-12,-2.3638852551854442e-11,3.838899006623417e-15,8.222589276130066e-16,8.465450562766819e-16,0.0,0.12175576298810913,-0.11406893679004904,-0.18167865139992823,0.00660616778126738,0.0,-2.168404344971009e-19,0.0033035252445641956,5.169878828456423e-26,-0.005376732022368543,0.005376732036630577,0.18167865139989525,-0.05498355687125896,-0.005376732036630577,-0.0,-0.0,-0.002549943203182592,0.0,-0.006606167781267659,0.0,0.0,0.0,0.0,0.19661696806806073,0.0,0.0,0.0,0.0,-0.01568474972381821,0.0,0.0,-0.000690409420379737,-0.029461549812632628,0.00012115866355833926,0.05440877447068557,0.0,-0.0029520792314423755,-0.00295208067815386,0.0,0.0,0.00295208067815386,-0.00012115866354414656,0.029352370838462146,0.017789723279769725,0.0,0.015684749723818076,0.0,0.0,0.0,0.0,0.0,0.0,0.0,0.19661696806806073,0.0,-0.03931057366667349,0.0,0.0,-0.03931057366667349,0.0,0.0,0.3781260501404989,-0.7438150461212413,-0.05764021455423053,0.0,0.0,0.19661696806806073,0.0,0.0,0.19661696806805337,-0.038283029609971306,0.0,0.0
