Q,analysis_period_index,lambda_full,lambda_open_contribution,lambda_phase_contribution,lambda_kappa_contribution,closure_residual
522.25,1,0.007870759414747986,-0.039653484768486034,0.04266111515356974,0.004847832057754049,1.529697191022996e-05
522.25,2,-0.0576410629479062,-0.11285927726857758,0.04954786879976254,0.005622850491692823,4.7495029216020924e-05
522.25,3,0.10010818781930365,0.05187106618571983,0.043393188747646895,0.004933766766240247,-8.983388030331645e-05
522.25,4,-0.14603019757293176,-0.20015248399064503,0.04845209962157987,0.005500256382715977,0.00016993041341742572
522.25,5,0.17515586265942432,0.12560618876759028,0.04466721693616931,0.005077946237558835,-0.0001954892818941071
522.25,6,-0.20546101144291423,-0.25795322279043853,0.04690684782665203,0.0053210780518029655,0.0002642854690692994
522.25,7,0.21801458890341147,0.16675529250763726,0.04627475452531325,0.005261847288236884,-0.00027730541777593563
522.25,8,-0.22325263627868458,-0.27391292955057184,0.045229927496667564,0.0051344453757955115,0.00029592039942418196
522.25,9,0.217999648971734,0.1649487897363177,0.04790435353447141,0.0054446828393334935,-0.00029817713838862624
522.25,10,-0.19636470121405955,-0.24536601172592595,0.043777172369295375,0.004968628963918039,0.00025550917865298835
522.25,11,0.17384321698520194,0.11929037713063134,0.04920731637858553,0.005591114686722091,-0.0002455912107370223
522.25,12,-0.1322696273682826,-0.18013446991225332,0.04282942713617991,0.00486484069935057,0.00017057470844023936
522.25,13,0.09485396394925366,0.0394192170700305,0.04990941154774452,0.00566927949065054,-0.0001439441591718979
522.25,14,-0.04489662749396299,-0.09233264119782869,0.04253221922245769,0.004832062586447804,7.173189496020946e-05
522.25,15,-0.0025513265763371334,-0.058071105820407656,0.04988044713418943,0.0056619025254786145,-2.2570415597520342e-05
522.25,16,0.050017678351923715,0.0022595352332924964,0.042910901025227786,0.004878104666180307,-3.0862572776874965e-05
522.25,17,-0.09946748441405553,-0.15428085054258592,0.04913202482422484,0.005577977170576508,0.00010336413372903728
522.25,18,0.13654952907742737,0.0877934188981296,0.04390292266028705,0.004990827391108148,-0.0001376398720974231
522.25,19,-0.1769724327895039,-0.23041620641585311,0.04780334629737658,0.005422892010618654,0.00021753531835399034
522.25,20,0.19900256220902324,0.14872400792558713,0.04535772844555664,0.005157935437481726,-0.0002371095996022551
522.25,21,-0.2189633374438416,-0.27064559912224606,0.046155407600295906,0.005239192009641477,0.0002876620684670681
522.25,22,0.22363030632649042,0.17156341729187388,0.04701815586419899,0.005344584816731943,-0.000295851646314395
522.25,23,-0.21657579502538452,-0.266451615406332,0.04453638715379033,0.005053653309003528,0.0002857799181536242
522.25,24,0.2034801179459346,0.14970231196424655,0.04854363322741833,0.005517170970285728,-0.00028299821601600935
522.25,25,-0.1716986044466261,-0.2201159787180668,0.04328124486889532,0.0049151056490704115,0.00022102375347495679
522.25,26,0.14212277767354997,0.08708634553601917,0.04960512668583584,0.005635683907416091,-0.00020437845572112735
522.25,27,-0.09534804560802368,-0.14292829080877875,0.042613057039817576,0.004839963605903124,0.00012722455503437306
522.25,28,0.05269555288070411,-0.0028781774149227307,0.04998919879360198,0.005675742982030661,-9.121148000580497e-05
522.25,29,-0.002647205501774041,-0.05013681287700106,0.042619107834021334,0.00484391762595733,2.6581915248354883e-05
522.25,30,-0.04688526113180885,-0.10218498822506883,0.049630853411610054,0.005635313954324296,3.355972732562579e-05
522.25,31,0.09048853755442683,0.042363475368550924,0.04328320339703263,0.004919877088130762,-7.801829928748196e-05
522.25,32,-0.13740733221356513,-0.19167807261856276,0.0485998021152314,0.005513752837253029,0.00015718545251320291
522.25,33,0.16822273151237052,0.11884029619563011,0.044505769309984095,0.005061034488622738,-0.00018436848186641815
522.25,34,-0.20079591903455832,-0.25348752666647334,0.04708996947133749,0.00534522081688202,0.00025641734369550966
522.25,35,0.21525397941892102,0.16419495824115304,0.04609016353628295,0.005239523883058405,-0.00027066624157338036
522.25,36,-0.223525320045306,-0.2743833642064905,0.045409968501662484,0.005151906721136033,0.0002961689383859838
522.25,37,0.2202496248158319,0.16738799347226493,0.047734772643056374,0.005426487950245252,-0.00029962924973465314
522.25,38,-0.20135807712706727,-0.2505236817265747,0.043916441814043396,0.004986334439751507,0.0002628283457125147
522.25,39,0.18065371312245398,0.12624081787565047,0.04908929669948185,0.005578016653584854,-0.0002544181062631946
522.25,40,-0.14076097079476374,-0.1887170080239185,0.042903450307227746,0.004871575497043227,0.00018101142488378442
522.25,41,0.10480257253679706,0.04942872133224113,0.04986690730116106,0.005663461816227632,-0.0001565179128327661
522.25,42,-0.05517198616199852,-0.10261909446145881,0.04253145908228396,0.0048328289809067915,8.282023626954207e-05
522.25,43,0.00849811753602906,-0.047054662099272365,0.049920144062972543,0.005668994864766871,-3.635929243798845e-05
522.25,44,0.03967091213271606,-0.008015463147700104,0.042837281079270956,0.0048684283445801346,-1.933414343492472e-05
522.25,45,-0.08940071519231166,-0.14432496898499256,0.04924661841196626,0.005588000425402375,8.963495531226582e-05
522.25,46,0.12792661068027045,0.07930839818834068,0.043767349984647826,0.004976690781480801,-0.00012582827419885777
522.25,47,-0.16992987334111273,-0.2235527650416221,0.04797103953054055,0.005445423911450066,0.0002064282585187635
522.25,48,0.19375284355640549,0.14366207910735473,0.04518172625138164,0.005136442803305202,-0.00022740460563609385
522.25,49,-0.21643637919582107,-0.2683190188382276,0.04634228524031645,0.005257156813967814,0.00028319758812228764
522.25,50,0.22307994904957618,0.17121199816498797,0.04683533560945153,0.005325187422586536,-0.00029257214744986184
522.25,51,-0.21904799271206113,-0.26911470470714705,0.044702262146743006,0.005074853804796349,0.0002895960435465609
522.25,52,0.20787018883730243,0.1542655615109203,0.04839297661512448,0.005499749503057884,-0.00028809879180023614
522.25,53,-0.17844539855023117,-0.22699507505519434,0.04339361584621453,0.0049258646344232234,0.00023019602432541256
522.25,54,0.15056706729140948,0.09563795878331552,0.049518867083313274,0.005625559685803685,-0.00021531826102299916
522.25,55,-0.10484123880556262,-0.15247911923815335,0.0426541725327716,0.004845614062839512,0.00013809383697962075
522.25,56,0.06338200281095648,0.007826205405602728,0.0499832317864902,0.005677079856839014,-0.00010451423797546832
522.25,57,-0.013181142306277007,-0.06064291475715263,0.04258516815668758,0.004838777192963228,3.7827101224820886e-05
522.25,58,-0.03600115997803475,-0.09136777625103376,0.0497057383692718,0.005641260126304606,1.9617777422606744e-05
522.25,59,0.08070472832284224,0.03268162924120117,0.04318011489578707,0.0049092411918949825,-6.625700604097513e-05
522.25,60,-0.12846405862402852,-0.1828829027949124,0.04874138469679372,0.005533285040008396,0.00014417443408177005
522.25,61,0.16089007186080745,0.11167261601055609,0.04434879002803636,0.00504168324644121,-0.00017301742422620465
522.25,62,-0.19561988644099368,-0.24850120119251798,0.047271129979870444,0.005362398139260804,0.0002477866323930518
522.25,63,0.21199650967916117,0.1611332340458612,0.04590642628970607,0.0052201612674225495,-0.0002633119238286399
522.25,64,-0.22324176634326628,-0.27430490162191207,0.045592215750904726,0.005175420268051171,0.0002954992596898862
522.25,65,0.22192415514062727,0.16925680256928263,0.04756150411535558,0.005405980613789769,-0.0003001321578007072
522.25,66,-0.20588505849508112,-0.25521682988163086,0.044061778850708666,0.005000450684599683,0.0002695418512413837
522.25,67,0.18703837486049646,0.13277261174168575,0.04896425402753528,0.005564108411057478,-0.0002625993197820503
522.25,68,-0.1489329340480107,-0.19699166677786986,0.0429853347877981,0.00488211971745207,0.00019127822460899852
522.25,69,0.11447915133787237,0.05917372583602848,0.049815295689184524,0.005658969576571269,-0.0001688397639119021
522.25,70,-0.06535444658041226,-0.1128196951998921,0.042539028129001635,0.004832341225966425,9.387926451178384e-05
522.25,71,0.01954724126731055,-0.036024254812149006,0.04995108071223345,0.0056704989469551,-5.008357972899249e-05
522.25,72,0.02926656973207143,-0.018358736873140033,0.042771330510560326,0.00486185438342697,-7.878288775833332e-06
522.25,73,-0.07913691231029579,-0.13416971273162684,0.04935358595700262,0.005603390642878888,7.58238214495369e-05
522.25,74,0.11900692759520566,0.07052265215262343,0.04363773848015344,0.0049605113556662256,-0.0001139743932374376
522.25,75,-0.16245654899332698,-0.21624650663663347,0.04813451639230472,0.005460616068693974,0.00019482518230779823
522.25,76,0.18807703166884007,0.13816722457649816,0.04500878092295438,0.005118296216926314,-0.00021727004753877965
522.25,77,-0.21336967405269594,-0.2654579373062809,0.04652887499829067,0.005281534969930658,0.0002778532853636535
522.25,78,0.22195506816607186,0.17028912141566666,0.04665127702228241,0.005303071847131849,-0.0002884021190090588
522.25,79,-0.2209883693453399,-0.2712447169522341,0.04487238743936055,0.0050913958547885736,0.00029256431274508714
522.25,80,0.2117609921841702,0.15833339143680952,0.048237072614594693,0.005482864560935012,-0.00029233642816903996
550.0,1,0.09995087637705208,0.047714844010456316,0.04794437979587984,0.004443163665714715,-0.00015151109499879616
550.0,2,0.03802640859879908,-0.007200436562867464,0.041397779507063755,0.0038393992732002925,-1.033361859750434e-05
550.0,3,-0.1439380056530349,-0.19468128928246992,0.04624076771571692,0.004309572668314017,0.0001929432454040687
550.0,4,0.20215983223844175,0.15353521908239565,0.04472576692425313,0.004136741389400324,-0.00023789515760735264
550.0,5,-0.16128855743289439,-0.20750878745497445,0.042118109738247776,0.0039042927800753066,0.00019782750375697822
550.0,6,0.09169238082624118,0.03940405737624318,0.047982423820453715,0.004446361197942636,-0.00014046156839835587
550.0,7,0.046040373695189145,0.0007603374237678349,0.04145356465604945,0.0038445704316049122,-1.809881623304971e-05
550.0,8,-0.14983304689104676,-0.2004301241238023,0.04609867399139633,0.0042968432444147895,0.0002015599969444051
550.0,9,0.20363554131069445,0.15484928543706383,0.04487844669563082,0.004150943057163486,-0.0002431338791636919
550.0,10,-0.15649844525426934,-0.2026018434508081,0.0420175124352574,0.0038948190344777053,0.0001910667268036426
550.0,11,0.0832483381711178,0.03091536040803359,0.04801322539346655,0.004448853650397338,-0.00012910128077967247
550.0,12,0.053995782342411355,0.008656790558296022,0.0415146540128309,0.0038502602156935796,-2.5922444409143437e-05
550.0,13,-0.15539112479235043,-0.2058381284864624,0.04595356555038138,0.004283804843289882,0.0002096333004407173
550.0,14,0.20472822726924275,0.1557798608282769,0.04503106703224305,0.0041651774680690635,-0.0002478780593462727
550.0,15,-0.15142903034441352,-0.19742093412073386,0.0419219601335637,0.0038858109580148046,0.00018413268474183446
550.0,16,0.0746371492416508,0.022267263610328596,0.048036711823800746,0.0044506337650225105,-0.00011745995750105532
550.0,17,0.061880675302198006,0.016477047236396106,0.04158097446745349,0.0038564624295571487,-3.3808831208740914e-05
550.0,18,-0.1606010136782871,-0.2108944118656649,0.045805776117474106,0.004270486747812978,0.00021713532209071285
550.0,19,0.20543204090834583,0.15632140776633013,0.0451833095897489,0.004179417598785305,-0.00025209404651851345
550.0,20,-0.14609219224849138,-0.19197809452467343,0.04183157161017645,0.0038772786322169715,0.0001770520337886351
550.0,21,0.0658775797478724,0.013478622993818589,0.04805282751304309,0.004451695958503838,-0.00010556671749312966
550.0,22,0.06968304407385637,0.024209187937588566,0.04165244734987235,0.0038631701782884153,-4.176139189296813e-05
550.0,23,-0.1654524218416734,-0.21558902655099935,0.04565564515165441,0.004256919023695018,0.0002240405339765019
550.0,24,0.20574197919642392,0.1564692424170369,0.04533485100397009,0.004193635945470404,-0.00025575017005348335
550.0,25,-0.14049999556381013,-0.18628552967969267,0.04174645379684467,0.003869230879812806,0.00016984943922506704
550.0,26,0.05698871617272131,0.004568595526636968,0.04806153393589261,0.004452036752592853,-9.345004240112354e-05
550.0,27,0.0773908241364333,0.03184124270628643,0.041728988164527525,0.00387037573601627,-4.978247039692015e-05
550.0,28,-0.1699360273332374,-0.21991300182875,0.04550351673997943,0.004243131679567752,0.0002303260759654261
550.0,29,0.20565393277249147,0.15621958121900198,0.04548536392364339,0.004207804777370219,-0.0002588171475241194
550.0,30,-0.13466464936823336,-0.18035557462077093,0.04166670221444016,0.0038616755685904236,0.00016254746950698394
550.0,31,0.04798991609292749,-0.004443409708229696,0.048062809580658755,0.004451654005380021,-8.113778488159137e-05
550.0,32,0.08499189539682823,0.03936119146722489,0.04181050629963957,0.0038780708144461546,-5.787318448237464e-05
550.0,33,-0.17404351000518786,-0.22385837620549928,0.04534973839546793,0.0042291557087821875,0.00023597209606130223
550.0,34,0.2051647254156639,0.15556957983971662,0.04563451808082717,0.004221895963521588,-0.0002612684684014611
550.0,35,-0.12859847378551503,-0.17420066101602524,0.04159240144063119,0.0038546192649501444,0.0001551665249288738
550.0,36,0.03890076810625161,-0.01353777199869428,0.048056649877564514,0.004450547440402891,-6.865721302151424e-05
550.0,37,0.09247407837193154,0.046756960620011334,0.041896904712581666,0.0038862463112123114,-6.603327187376922e-05
550.0,38,-0.17776757812024174,-0.2274182222661284,0.045194659870983825,0.004215022218614011,0.00024096205628882164
550.0,39,0.2042721531719495,0.1545173712216824,0.045781981446045596,0.0042358812431001255,-0.00026308073887863596
550.0,40,-0.12231386638366323,-0.1678332843218695,0.041523625591639336,0.0038480675460081538,0.0001477248005587791
550.0,41,0.029741045641209586,-0.022694704791416748,0.048043067090290784,0.00444871842855247,-5.6035086216920174e-05
550.0,42,0.09982513617412071,0.054016425177159,0.04198807959727759,0.003894892340865584,-7.4260941181467e-05
550.0,43,-0.1811019901684543,-0.230586667664306,0.04503863191738285,0.004200762580527763,0.00024528299794108165
550.0,44,0.20297501632320744,0.1530620966443204,0.045927421417862664,0.00424973224527533,-0.0002642339842509646
550.0,45,-0.11582327396844848,-0.16126597603195883,0.04146043881694369,0.0038420249676106213,0.00014023827895604142
550.0,46,0.020530664613106764,-0.031894298136649624,0.04802209019898049,0.004446170309489231,-4.3297758713332045e-05
550.0,47,0.10703277732419468,0.061127411882259224,0.04208392003867628,0.0039039981308443125,-8.255272758513673e-05
550.0,48,-0.18404157058644244,-0.23335890951670513,0.04488200503466168,0.004186408138544576,0.0002489257570564337
550.0,49,0.2012731469334949,0.15120393204799729,0.04607050605636556,0.0042634207286658555,-0.0002647118995337972
550.0,50,-0.10913916710648489,-0.15451127883795795,0.04140289579639053,0.0038364951848574363,0.00013272075022510103
550.0,51,0.01128964145263666,-0.04111655979015694,0.04799376477525483,0.00444290777069349,-3.0471303154719874e-05
550.0,52,0.1140846626591004,0.0680777063140425,0.042184307652406994,0.0039135520500799634,-9.090335742905666e-05
550.0,53,-0.18658222035988656,-0.23573122407889827,0.044725128212519866,0.004171990381938146,0.00025188512455369665
550.0,54,0.19916742945819899,0.14894410769435656,0.04621090532978979,0.004276918476818854,-0.0002645020427662218
550.0,55,-0.10227401896069392,-0.14758172595392674,0.04135104223727692,0.003831480899271051,0.00012518385668484986
550.0,56,0.0020380519998809514,-0.0503414566203651,0.047958152838941955,0.004438937434055379,-1.7581652751279264e-05
550.0,57,0.12096841352110643,0.07485506137480148,0.04228911622350216,0.003923541543702471,-9.930562089968328e-05
550.0,58,-0.1887209204937131,-0.2377009689194044,0.044568347683279275,0.004157540797901829,0.0002541599445101822
550.0,59,0.19665981578737704,0.14628492176282287,0.046348292375399336,0.004290197616019573,-0.0002635959668647412
550.0,60,-0.09524028777637807,-0.14048982426263146,0.04130491535541672,0.003826983972649427,0.00011763715818724312
550.0,61,-0.007204009861615053,-0.05954895475092036,0.047915332717836295,0.004434266923243222,-4.654751774210361e-06
550.0,62,0.12767162586713846,0.08144721151683479,0.042398211340694526,0.003933953268183935,-0.0001077502585747946
550.0,63,-0.19045572968816124,-0.23926657955893066,0.044412005689608354,0.004143091031426768,0.0002557531497342962
550.0,64,0.1937533344876255,0.14322974858055357,0.04648234476199788,0.004303230430853263,-0.00026198928577921866
550.0,65,-0.08805040032042616,-0.13324803819652659,0.04126454436500956,0.0038230052921837342,0.00011008821890713541
550.0,66,-0.016416471215806555,-0.06871906001608316,0.04786539887511133,0.0044289066349143605,8.28329025091834e-06
550.0,67,0.1341818783283738,0.08784188174865018,0.0425114500344313,0.003944772402468141,-0.00011622585717581402
550.0,68,-0.19178577595540597,-0.2404275582928475,0.04425643934741121,0.0041286712623832345,0.00025667172764709447
550.0,69,0.19045209630644155,0.1397830424161232,0.046612745749872314,0.004315989813055382,-0.00025968167260932967
550.0,70,-0.08071674006346054,-0.12586877901105242,0.04122995090811558,0.003819545334356057,0.00010254270512025142
550.0,71,-0.025579326089733467,-0.07783186184109236,0.047808461742205086,0.004422867963339727,2.120604581408187e-05
550.0,72,0.14048675912313346,0.0940268140165688,0.0426286804378198,0.003955983441423422,-0.00012471877267856285
550.0,73,-0.1927112423872943,-0.24118446062903737,0.04410197942339847,0.004114312192996775,0.00025692662534781106
550.0,74,0.18676128558257787,0.1359503276821726,0.04673918549625802,0.004328449204201137,-0.000256676800053892
550.0,75,-0.07325163995853526,-0.11836439774605717,0.041201149503652605,0.003816603785771977,9.500449809732997e-05
550.0,76,-0.034672672862564306,-0.08686757135945067,0.04774464753708681,0.0044161643344054445,3.408662539411064e-05
550.0,77,0.1465738824963239,0.09998978448086361,0.042749741459978466,0.003967569620731221,-0.000133213065249411
550.0,78,-0.1932333449423547,-0.2415388704922478,0.04394894929099745,0.004100043670183481,0.0002565325887121609
550.0,79,0.18268715397400365,0.1317381912899427,0.046861362242683446,0.004340582651712336,-0.00025298221033484905
550.0,80,-0.06566737463151241,-0.11074717803258546,0.041178147929656655,0.0038141796153673816,8.747585604901428e-05
