Q,lag_support_rotations,lag_line_strokes,signed_overlap,line_overlap_absolute
522.25,0.0,0.0,1.0,1.0
522.25,0.001388888888888889,0.006211180124223602,0.9998054148649601,0.9998054148649601
522.25,0.002777777777777778,0.012422360248447204,0.9992217693039832,0.9992217693039832
522.25,0.004166666666666667,0.018633540372670808,0.9982493488541798,0.9982493488541798
522.25,0.005555555555555556,0.024844720496894408,0.9968886051362824,0.9968886051362824
522.25,0.006944444444444444,0.03105590062111801,0.9951401553520455,0.9951401553520455
522.25,0.008333333333333333,0.037267080745341616,0.9930048163563747,0.9930048163563747
522.25,0.009722222222222222,0.043478260869565216,0.9904836033703717,0.9904836033703717
522.25,0.011111111111111112,0.049689440993788817,0.9875776950517269,0.9875776950517269
522.25,0.0125,0.055900621118012424,0.9842884322423453,0.9842884322423453
522.25,0.013888888888888888,0.06211180124223602,0.9806173251430599,0.9806173251430599
522.25,0.015277777777777777,0.06832298136645962,0.9765660921674761,0.9765660921674761
522.25,0.016666666666666666,0.07453416149068323,0.9721366176366062,0.9721366176366062
522.25,0.018055555555555554,0.08074534161490682,0.9673309425321542,0.9673309425321542
522.25,0.019444444444444445,0.08695652173913043,0.9621512621999478,0.9621512621999478
522.25,0.020833333333333332,0.09316770186335403,0.9565999548911402,0.9565999548911402
522.25,0.022222222222222223,0.09937888198757763,0.9506795769349031,0.9506795769349031
522.25,0.02361111111111111,0.10559006211180123,0.9443928341306986,0.9443928341306986
522.25,0.025,0.11180124223602485,0.9377425783609094,0.9377425783609094
522.25,0.02638888888888889,0.11801242236024845,0.9307318125416331,0.9307318125416331
522.25,0.027777777777777776,0.12422360248447203,0.9233637153353229,0.9233637153353229
522.25,0.029166666666666667,0.13043478260869565,0.9156416121356771,0.9156416121356771
522.25,0.030555555555555555,0.13664596273291924,0.9075689646976097,0.9075689646976097
522.25,0.03194444444444444,0.14285714285714285,0.8991493675541112,0.8991493675541112
522.25,0.03333333333333333,0.14906832298136646,0.8903865671334066,0.8903865671334066
522.25,0.034722222222222224,0.15527950310559005,0.8812844533192055,0.8812844533192055
522.25,0.03611111111111111,0.16149068322981364,0.8718470438927467,0.8718470438927467
522.25,0.0375,0.16770186335403725,0.8620784780685151,0.8620784780685151
522.25,0.03888888888888889,0.17391304347826086,0.8519830196214873,0.8519830196214873
522.25,0.04027777777777778,0.18012422360248448,0.8415650623155286,0.8415650623155286
522.25,0.041666666666666664,0.18633540372670807,0.8308291215037893,0.8308291215037893
522.25,0.043055555555555555,0.19254658385093168,0.8197798221049193,0.8197798221049193
522.25,0.044444444444444446,0.19875776397515527,0.8084218944340347,0.8084218944340347
522.25,0.04583333333333333,0.20496894409937885,0.7967601835434993,0.7967601835434993
522.25,0.04722222222222222,0.21118012422360247,0.7847996369797728,0.7847996369797728
522.25,0.04861111111111111,0.21739130434782608,0.772545304705566,0.772545304705566
522.25,0.05,0.2236024844720497,0.7600023298324986,0.7600023298324986
522.25,0.05138888888888889,0.22981366459627328,0.747175950685476,0.747175950685476
522.25,0.05277777777777778,0.2360248447204969,0.7340714883938552,0.7340714883938552
522.25,0.05416666666666667,0.24223602484472048,0.7206943579446654,0.7206943579446654
522.25,0.05555555555555555,0.24844720496894407,0.7070500555389053,0.7070500555389053
522.25,0.05694444444444444,0.2546583850931677,0.6931441545044668,0.6931441545044668
522.25,0.058333333333333334,0.2608695652173913,0.6789823071115043,0.6789823071115043
522.25,0.059722222222222225,0.2670807453416149,0.6645702293485414,0.6645702293485414
522.25,0.06111111111111111,0.27329192546583847,0.649913713675433,0.649913713675433
522.25,0.0625,0.2795031055900621,0.6350186183527257,0.6350186183527257
522.25,0.06388888888888888,0.2857142857142857,0.6198908688437939,0.6198908688437939
522.25,0.06527777777777778,0.2919254658385093,0.6045364342038451,0.6045364342038451
522.25,0.06666666666666667,0.2981366459627329,0.5889613506842674,0.5889613506842674
522.25,0.06805555555555555,0.3043478260869565,0.57317170986974,0.57317170986974
522.25,0.06944444444444445,0.3105590062111801,0.5571736551409427,0.5571736551409427
522.25,0.07083333333333333,0.3167701863354037,0.5409733783447069,0.5409733783447069
522.25,0.07222222222222222,0.3229813664596273,0.524577105379821,0.524577105379821
522.25,0.07361111111111111,0.32919254658385094,0.5079911150363997,0.5079911150363997
522.25,0.075,0.3354037267080745,0.491221728589083,0.491221728589083
522.25,0.0763888888888889,0.34161490683229817,0.47427531004238055,0.47427531004238055
522.25,0.07777777777777778,0.34782608695652173,0.45715824016095696,0.45715824016095696
522.25,0.07916666666666666,0.3540372670807453,0.43987694480645434,0.43987694480645434
522.25,0.08055555555555556,0.36024844720496896,0.42243788406639343,0.42243788406639343
522.25,0.08194444444444444,0.3664596273291925,0.40484754946455176,0.40484754946455176
522.25,0.08333333333333333,0.37267080745341613,0.3871124564208974,0.3871124564208974
522.25,0.08472222222222223,0.37888198757763975,0.3692391374187116,0.3692391374187116
522.25,0.08611111111111111,0.38509316770186336,0.351234158299064,0.351234158299064
522.25,0.0875,0.3913043478260869,0.33310410932745993,0.33310410932745993
522.25,0.08888888888888889,0.39751552795031053,0.3148556031925552,0.3148556031925552
522.25,0.09027777777777778,0.40372670807453415,0.2964952548103309,0.2964952548103309
522.25,0.09166666666666666,0.4099378881987577,0.27802970838613233,0.27802970838613233
522.25,0.09305555555555556,0.4161490683229814,0.25946562647205296,0.25946562647205296
522.25,0.09444444444444444,0.42236024844720493,0.24080968786549317,0.24080968786549317
522.25,0.09583333333333334,0.4285714285714286,0.22206857618710057,0.22206857618710057
522.25,0.09722222222222222,0.43478260869565216,0.20324898663342741,0.2057194550965185
522.25,0.09861111111111111,0.4409937888198757,0.18435763245569387,0.19282155907873186
522.25,0.1,0.4472049689440994,0.16540123803871443,0.1819323510211578
522.25,0.10138888888888889,0.45341614906832295,0.14638653407870378,0.17265338989607695
522.25,0.10277777777777777,0.45962732919254656,0.12732024827957744,0.164775602408485
522.25,0.10416666666666667,0.4658385093167702,0.1082091269307568,0.15816953153041796
522.25,0.10555555555555556,0.4720496894409938,0.08905992292930472,0.1527472255342652
522.25,0.10694444444444444,0.47826086956521735,0.06987939411066674,0.14844494798970265
522.25,0.10833333333333334,0.48447204968944096,0.05067428960800859,0.14521845808750844
522.25,0.10972222222222222,0.4906832298136646,0.031451370586592746,0.14303785547223272
522.25,0.1111111111111111,0.49689440993788814,0.012217403974436365,0.14188401666490344
522.25,0.1125,0.5031055900621118,-0.007020842450167554,0.14174726469804885
522.25,0.11388888888888889,0.5093167701863354,-0.02625660700141965,0.14262646647733263
522.25,0.11527777777777778,0.515527950310559,-0.045483131400627846,0.1445291793774403
522.25,0.11666666666666667,0.5217391304347826,-0.06469364783524177,0.14747191085272252
522.25,0.11805555555555555,0.5279503105590062,-0.0838813916231166,0.15148162457675463
522.25,0.11944444444444445,0.5341614906832298,-0.103039602817984,0.15659798948505024
522.25,0.12083333333333333,0.5403726708074534,-0.12216153886819431,0.16287725239437012
522.25,0.12222222222222222,0.5465838509316769,-0.1412404457531998,0.17039944775038485
522.25,0.12361111111111112,0.5527950310559007,-0.1602695751402439,0.17928145986488186
522.25,0.125,0.5590062111801242,-0.1792421876072691,0.1897057109349657
522.25,0.12638888888888888,0.5652173913043478,-0.19815156024619968,0.20199803514054487
522.25,0.12777777777777777,0.5714285714285714,-0.2169909742326642,0.21704124665632538
522.25,0.12916666666666668,0.577639751552795,-0.23575371236285408,0.23575371236285408
522.25,0.13055555555555556,0.5838509316770186,-0.25443307091108924,0.25443307091108924
522.25,0.13194444444444445,0.5900621118012422,-0.2730223615581442,0.2730223615581442
522.25,0.13333333333333333,0.5962732919254659,-0.2915149203160354,0.2915149203160354
522.25,0.13472222222222222,0.6024844720496894,-0.309904078525586,0.309904078525586
522.25,0.1361111111111111,0.608695652173913,-0.3281831863169682,0.3281831863169682
522.25,0.1375,0.6149068322981367,-0.3463456145757989,0.3463456145757989
522.25,0.1388888888888889,0.6211180124223602,-0.36438476210512266,0.36438476210512266
522.25,0.14027777777777778,0.6273291925465838,-0.38229403761638786,0.38229403761638786
522.25,0.14166666666666666,0.6335403726708074,-0.400066867351901,0.400066867351901
522.25,0.14305555555555555,0.639751552795031,-0.41769670446610857,0.41769670446610857
522.25,0.14444444444444443,0.6459627329192545,-0.43517703158650317,0.43517703158650317
522.25,0.14583333333333334,0.6521739130434783,-0.4525013656171422,0.4525013656171422
522.25,0.14722222222222223,0.6583850931677019,-0.46966323451614894,0.46966323451614894
522.25,0.1486111111111111,0.6645962732919254,-0.4866562019366493,0.4866562019366493
522.25,0.15,0.670807453416149,-0.5034738683414731,0.5034738683414731
522.25,0.15138888888888888,0.6770186335403726,-0.5201098775622118,0.5201098775622118
522.25,0.1527777777777778,0.6832298136645963,-0.5365578982988073,0.5365578982988073
522.25,0.15416666666666667,0.6894409937888198,-0.5528116387339018,0.5528116387339018
522.25,0.15555555555555556,0.6956521739130435,-0.5688648522294194,0.5688648522294194
522.25,0.15694444444444444,0.7018633540372671,-0.584711340662161,0.584711340662161
522.25,0.15833333333333333,0.7080745341614906,-0.6003449573934063,0.6003449573934063
522.25,0.1597222222222222,0.7142857142857142,-0.6157595923245237,0.6157595923245237
522.25,0.16111111111111112,0.7204968944099379,-0.630949192926729,0.630949192926729
522.25,0.1625,0.7267080745341615,-0.6459077648034874,0.6459077648034874
522.25,0.1638888888888889,0.732919254658385,-0.6606293782421491,0.6606293782421491
522.25,0.16527777777777777,0.7391304347826086,-0.67510815470092,0.67510815470092
522.25,0.16666666666666666,0.7453416149068323,-0.6893382829841894,0.6893382829841894
522.25,0.16805555555555557,0.7515527950310559,-0.7033140206119688,0.7033140206119688
522.25,0.16944444444444445,0.7577639751552795,-0.7170296978284344,0.7170296978284344
522.25,0.17083333333333334,0.7639751552795031,-0.7304797226804829,0.7304797226804829
522.25,0.17222222222222222,0.7701863354037267,-0.7436585741261177,0.7436585741261177
522.25,0.1736111111111111,0.7763975155279502,-0.756560815109822,0.756560815109822
522.25,0.175,0.7826086956521738,-0.7691810927510964,0.7691810927510964
522.25,0.1763888888888889,0.7888198757763976,-0.781514145692776,0.781514145692776
522.25,0.17777777777777778,0.7950310559006211,-0.7935548007990193,0.7935548007990193
522.25,0.17916666666666667,0.8012422360248447,-0.8052979841408784,0.8052979841408784
522.25,0.18055555555555555,0.8074534161490683,-0.8167387179537777,0.8167387179537777
522.25,0.18194444444444444,0.8136645962732919,-0.8278721249372891,0.8278721249372891
522.25,0.18333333333333332,0.8198757763975154,-0.8386934394750392,0.8386934394750392
522.25,0.18472222222222223,0.8260869565217391,-0.8491980069430497,0.8491980069430497
522.25,0.18611111111111112,0.8322981366459627,-0.8593812852543842,0.8593812852543842
522.25,0.1875,0.8385093167701863,-0.8692388447843655,0.8692388447843655
522.25,0.18888888888888888,0.8447204968944099,-0.8787663769853923,0.8787663769853923
522.25,0.19027777777777777,0.8509316770186335,-0.8879597051627315,0.8879597051627315
522.25,0.19166666666666668,0.8571428571428572,-0.8968147837064059,0.8968147837064059
522.25,0.19305555555555556,0.8633540372670807,-0.9053276912430137,0.9053276912430137
522.25,0.19444444444444445,0.8695652173913043,-0.9134946346057056,0.9134946346057056
522.25,0.19583333333333333,0.8757763975155279,-0.9213119687478555,0.9213119687478555
522.25,0.19722222222222222,0.8819875776397514,-0.9287761995742099,0.9287761995742099
522.25,0.1986111111111111,0.888198757763975,-0.9358839719913266,0.9358839719913266
522.25,0.2,0.8944099378881988,-0.9426320696924961,0.9426320696924961
522.25,0.2013888888888889,0.9006211180124224,-0.9490174248441074,0.9490174248441074
522.25,0.20277777777777778,0.9068322981366459,-0.9550371440456175,0.9550371440456175
522.25,0.20416666666666666,0.9130434782608695,-0.9606884913705829,0.9606884913705829
522.25,0.20555555555555555,0.9192546583850931,-0.9659688791081747,0.9659688791081747
522.25,0.20694444444444443,0.9254658385093166,-0.9708758706831435,0.9708758706831435
522.25,0.20833333333333334,0.9316770186335404,-0.9754072091594886,0.9754072091594886
522.25,0.20972222222222223,0.937888198757764,-0.9795608206991377,0.9795608206991377
522.25,0.2111111111111111,0.9440993788819876,-0.9833347898492605,0.9833347898492605
522.25,0.2125,0.9503105590062111,-0.9867273593029532,0.9867273593029532
522.25,0.21388888888888888,0.9565217391304347,-0.9897369397965289,0.9897369397965289
522.25,0.2152777777777778,0.9627329192546584,-0.9923621483632727,0.9923621483632727
522.25,0.21666666666666667,0.9689440993788819,-0.994601775121607,0.994601775121607
522.25,0.21805555555555556,0.9751552795031055,-0.9964547733969247,0.9964547733969247
522.25,0.21944444444444444,0.9813664596273292,-0.9979202609886506,0.9979202609886506
522.25,0.22083333333333333,0.9875776397515527,-0.9989975540975106,0.9989975540975106
522.25,0.2222222222222222,0.9937888198757763,-0.9996861689627756,0.9996861689627756
522.25,0.22361111111111112,1.0,-0.9999857885311974,0.9999857885311974
522.25,0.225,1.0062111801242235,-0.9998962620409012,0.9998962620409012
522.25,0.2263888888888889,1.0124223602484472,-0.9994176139485341,0.9994176139485341
522.25,0.22777777777777777,1.0186335403726707,-0.9985500872007632,0.9985500872007632
522.25,0.22916666666666666,1.0248447204968942,-0.9972940999125072,0.9972940999125072
522.25,0.23055555555555557,1.031055900621118,-0.9956502359950089,0.9956502359950089
522.25,0.23194444444444445,1.0372670807453417,-0.9936192444968486,0.9936192444968486
522.25,0.23333333333333334,1.0434782608695652,-0.9912020734419917,0.9912020734419917
522.25,0.23472222222222222,1.0496894409937887,-0.9883998682559514,0.9883998682559514
522.25,0.2361111111111111,1.0559006211180124,-0.9852139370363585,0.9852139370363585
522.25,0.2375,1.062111801242236,-0.9816457491782347,0.9816457491782347
522.25,0.2388888888888889,1.0683229813664596,-0.9776969423730157,0.9776969423730157
522.25,0.24027777777777778,1.0745341614906831,-0.9733693606445322,0.9733693606445322
522.25,0.24166666666666667,1.0807453416149069,-0.9686650126718315,0.9686650126718315
522.25,0.24305555555555555,1.0869565217391304,-0.9635860625041652,0.9635860625041652
522.25,0.24444444444444444,1.0931677018633539,-0.9581348271367864,0.9581348271367864
522.25,0.24583333333333332,1.0993788819875776,-0.952313804397475,0.952313804397475
522.25,0.24722222222222223,1.1055900621118013,-0.9461256678176664,0.9461256678176664
522.25,0.24861111111111112,1.1118012422360248,-0.9395732388830871,0.9395732388830871
522.25,0.25,1.1180124223602483,-0.9326594834181862,0.9326594834181862
522.25,0.2513888888888889,1.124223602484472,-0.9253875163714073,0.9253875163714073
522.25,0.25277777777777777,1.1304347826086956,-0.9177606250589228,0.9177606250589228
522.25,0.25416666666666665,1.136645962732919,-0.909782241667799,0.909782241667799
522.25,0.25555555555555554,1.1428571428571428,-0.9014559327463483,0.9014559327463483
522.25,0.2569444444444444,1.1490683229813663,-0.8927853955461135,0.8927853955461135
522.25,0.25833333333333336,1.15527950310559,-0.8837744763214922,0.8837744763214922
522.25,0.25972222222222224,1.1614906832298137,-0.8744271615647689,0.8744271615647689
522.25,0.2611111111111111,1.1677018633540373,-0.8647475637021973,0.8647475637021973
522.25,0.2625,1.1739130434782608,-0.8547399143652419,0.8547399143652419
522.25,0.2638888888888889,1.1801242236024845,-0.8444085674136599,0.8444085674136599
522.25,0.2652777777777778,1.186335403726708,-0.8337580027472477,0.8337580027472477
522.25,0.26666666666666666,1.1925465838509317,-0.8227928196687795,0.8227928196687795
522.25,0.26805555555555555,1.1987577639751552,-0.8115177247398785,0.8115177247398785
522.25,0.26944444444444443,1.2049689440993787,-0.7999375275953595,0.7999375275953595
522.25,0.2708333333333333,1.2111801242236024,-0.7880571495833288,0.7880571495833288
522.25,0.2722222222222222,1.217391304347826,-0.7758816111883997,0.7758816111883997
522.25,0.27361111111111114,1.2236024844720497,-0.7634160331945362,0.7634160331945362
522.25,0.275,1.2298136645962734,-0.7506656272262097,0.7506656272262097
522.25,0.2763888888888889,1.236024844720497,-0.7376356977693054,0.7376356977693054
522.25,0.2777777777777778,1.2422360248447204,-0.7243316285098611,0.7243316285098611
522.25,0.2791666666666667,1.2484472049689441,-0.7107588947594269,0.7107588947594269
522.25,0.28055555555555556,1.2546583850931676,-0.6969230508068132,0.6969230508068132
522.25,0.28194444444444444,1.2608695652173911,-0.6828297258614174,0.6828297258614174
522.25,0.2833333333333333,1.2670807453416149,-0.668484625392543,0.668484625392543
522.25,0.2847222222222222,1.2732919254658384,-0.653893515738717,0.653893515738717
522.25,0.2861111111111111,1.279503105590062,-0.6390622376957382,0.6390622376957382
522.25,0.2875,1.2857142857142856,-0.6239966957874661,0.6239966957874661
522.25,0.28888888888888886,1.291925465838509,-0.608702859622578,0.608702859622578
522.25,0.2902777777777778,1.298136645962733,-0.5931867397010002,0.5931867397010002
522.25,0.2916666666666667,1.3043478260869565,-0.577454411742714,0.577454411742714
522.25,0.29305555555555557,1.31055900621118,-0.5615120048908357,0.5615120048908357
522.25,0.29444444444444445,1.3167701863354038,-0.5453656982311517,0.5453656982311517
522.25,0.29583333333333334,1.3229813664596273,-0.5290217171195689,0.5290217171195689
522.25,0.2972222222222222,1.3291925465838508,-0.5124863190681331,0.5124863190681331
522.25,0.2986111111111111,1.3354037267080745,-0.49576581275141324,0.49576581275141324
522.25,0.3,1.341614906832298,-0.4788665476613153,0.4788665476613153
522.25,0.3013888888888889,1.3478260869565215,-0.46179491422608343,0.46179491422608343
522.25,0.30277777777777776,1.3540372670807452,-0.4445573179855127,0.4445573179855127
522.25,0.30416666666666664,1.3602484472049687,-0.42716020808351507,0.42716020808351507
522.25,0.3055555555555556,1.3664596273291927,-0.40961006640991654,0.40961006640991654
522.25,0.30694444444444446,1.3726708074534162,-0.3919134048718755,0.3919134048718755
522.25,0.30833333333333335,1.3788819875776397,-0.37407675752310193,0.37407675752310193
522.25,0.30972222222222223,1.3850931677018634,-0.3561066746432134,0.3561066746432134
522.25,0.3111111111111111,1.391304347826087,-0.3380097384955236,0.3380097384955236
522.25,0.3125,1.3975155279503104,-0.31979255452569655,0.31979255452569655
522.25,0.3138888888888889,1.4037267080745341,-0.30146174914255475,0.30146174914255475
522.25,0.31527777777777777,1.4099378881987576,-0.28302395023455723,0.28302395023455723
522.25,0.31666666666666665,1.4161490683229812,-0.2644858139883241,0.2644858139883241
522.25,0.31805555555555554,1.4223602484472049,-0.2458540138510891,0.2458540138510891
522.25,0.3194444444444444,1.4285714285714284,-0.22713523847589012,0.22713523847589012
522.25,0.32083333333333336,1.4347826086956523,-0.20833618001495582,0.20965312777290115
522.25,0.32222222222222224,1.4409937888198758,-0.18946354211435676,0.1960799953795131
522.25,0.3236111111111111,1.4472049689440993,-0.17052404540320515,0.1847012640602998
522.25,0.325,1.453416149068323,-0.1515244207252939,0.17501307613468067
522.25,0.3263888888888889,1.4596273291925466,-0.13247140409469738,0.1667722573917362
522.25,0.3277777777777778,1.46583850931677,-0.11337172836449903,0.15983287043036395
522.25,0.32916666666666666,1.4720496894409938,-0.0942321442662542,0.15409812943459453
522.25,0.33055555555555555,1.4782608695652173,-0.07505940830553254,0.14949868458318866
522.25,0.33194444444444443,1.4844720496894408,-0.05586028111243172,0.145985256533038
522.25,0.3333333333333333,1.4906832298136645,-0.03664151371717529,0.14352464214932775
522.25,0.3347222222222222,1.496894409937888,-0.01740986929175025,0.14209500408277723
522.25,0.33611111111111114,1.5031055900621118,0.0018278841471175528,0.14168415885567476
522.25,0.3375,1.5093167701863355,0.021064978510316062,0.1422887603389623
522.25,0.3388888888888889,1.515527950310559,0.040294652705949716,0.14391395570050705
522.25,0.3402777777777778,1.5217391304347825,0.05951014903857159,0.14657375627906308
522.25,0.3416666666666667,1.5279503105590062,0.07870470102562316,0.15029215482894503
522.25,0.34305555555555556,1.5341614906832297,0.09787154609804875,0.15510506959958006
522.25,0.34444444444444444,1.5403726708074534,0.11700392721789701,0.16106365967711114
522.25,0.3458333333333333,1.546583850931677,0.13609510535692332,0.16824072943172955
522.25,0.3472222222222222,1.5527950310559004,0.1551383302414768,0.1767411800486743
522.25,0.3486111111111111,1.5590062111801242,0.1741268582495692,0.18672537648499468
522.25,0.35,1.5652173913043477,0.19305395552163016,0.19846625612075613
522.25,0.35138888888888886,1.5714285714285712,0.2119129055785951,0.2125769028541781
522.25,0.3527777777777778,1.5776397515527951,0.2306969962465652,0.2306969962465652
522.25,0.3541666666666667,1.5838509316770186,0.24939951803080032,0.24939951803080032
522.25,0.35555555555555557,1.5900621118012421,0.268013775861126,0.268013775861126
522.25,0.35694444444444445,1.5962732919254659,0.2865330910616097,0.2865330910616097
522.25,0.35833333333333334,1.6024844720496894,0.304950809957482,0.304950809957482
522.25,0.3597222222222222,1.6086956521739129,0.3232602750774647,0.3232602750774647
522.25,0.3611111111111111,1.6149068322981366,0.34145484894582356,0.34145484894582356
522.25,0.3625,1.62111801242236,0.35952791596613126,0.35952791596613126
522.25,0.3638888888888889,1.6273291925465838,0.377472889547091,0.377472889547091
522.25,0.36527777777777776,1.6335403726708073,0.3952831938266607,0.3952831938266607
522.25,0.36666666666666664,1.6397515527950308,0.41295227200422296,0.41295227200422296
522.25,0.3680555555555556,1.6459627329192548,0.4304735954780192,0.4304735954780192
522.25,0.36944444444444446,1.6521739130434783,0.44784066646636034,0.44784066646636034
522.25,0.37083333333333335,1.6583850931677018,0.4650470225757144,0.4650470225757144
522.25,0.37222222222222223,1.6645962732919255,0.4820862141294191,0.4820862141294191
522.25,0.3736111111111111,1.670807453416149,0.4989518287343716,0.4989518287343716
522.25,0.375,1.6770186335403725,0.5156374923368003,0.5156374923368003
522.25,0.3763888888888889,1.6832298136645962,0.5321368757675463,0.5321368757675463
522.25,0.37777777777777777,1.6894409937888197,0.5484436764057672,0.5484436764057672
522.25,0.37916666666666665,1.6956521739130432,0.5645516331635384,0.5645516331635384
522.25,0.38055555555555554,1.701863354037267,0.5804545318512265,0.5804545318512265
522.25,0.3819444444444444,1.7080745341614905,0.5961462085750785,0.5961462085750785
522.25,0.38333333333333336,1.7142857142857144,0.6116205527353098,0.6116205527353098
522.25,0.38472222222222224,1.720496894409938,0.6268714927245972,0.6268714927245972
522.25,0.3861111111111111,1.7267080745341614,0.6418930165080012,0.6418930165080012
522.25,0.3875,1.7329192546583851,0.656679172140318,0.656679172140318
522.25,0.3888888888888889,1.7391304347826086,0.6712240743646954,0.6712240743646954
522.25,0.3902777777777778,1.7453416149068322,0.6855218917062552,0.6855218917062552
522.25,0.39166666666666666,1.7515527950310559,0.6995668625226997,0.6995668625226997
522.25,0.39305555555555555,1.7577639751552794,0.7133532960005797,0.7133532960005797
522.25,0.39444444444444443,1.7639751552795029,0.726875576205351,0.726875576205351
522.25,0.3958333333333333,1.7701863354037266,0.7401281675221576,0.7401281675221576
522.25,0.3972222222222222,1.77639751552795,0.75310560832708,0.75310560832708
522.25,0.39861111111111114,1.782608695652174,0.7658025232788934,0.7658025232788934
522.25,0.4,1.7888198757763976,0.7782136234695254,0.7782136234695254
522.25,0.4013888888888889,1.795031055900621,0.7903337138718072,0.7903337138718072
522.25,0.4027777777777778,1.8012422360248448,0.8021576910270963,0.8021576910270963
522.25,0.4041666666666667,1.8074534161490683,0.8136805533563649,0.8136805533563649
522.25,0.40555555555555556,1.8136645962732918,0.82489739775589,0.82489739775589
522.25,0.40694444444444444,1.8198757763975155,0.8358034238958476,0.8358034238958476
522.25,0.4083333333333333,1.826086956521739,0.8463939460755389,0.8463939460755389
522.25,0.4097222222222222,1.8322981366459625,0.8566643929170636,0.8566643929170636
522.25,0.4111111111111111,1.8385093167701863,0.8666103078847817,0.8666103078847817
522.25,0.4125,1.8447204968944098,0.8762273491799449,0.8762273491799449
522.25,0.41388888888888886,1.8509316770186333,0.885511298462835,0.885511298462835
522.25,0.4152777777777778,1.8571428571428572,0.8944580728353403,0.8944580728353403
522.25,0.4166666666666667,1.8633540372670807,0.9030637229316264,0.9030637229316264
522.25,0.41805555555555557,1.8695652173913042,0.9113244257895605,0.9113244257895605
522.25,0.41944444444444445,1.875776397515528,0.9192364887621867,0.9192364887621867
522.25,0.42083333333333334,1.8819875776397514,0.9267963701652061,0.9267963701652061
522.25,0.4222222222222222,1.8881987577639752,0.9340006822691673,0.9340006822691673
522.25,0.4236111111111111,1.8944099378881987,0.94084617826094,0.94084617826094
522.25,0.425,1.9006211180124222,0.9473297520112642,0.9473297520112642
522.25,0.4263888888888889,1.906832298136646,0.9534484478184903,0.9534484478184903
522.25,0.42777777777777776,1.9130434782608694,0.9591994875131326,0.9591994875131326
522.25,0.42916666666666664,1.919254658385093,0.9645802521467529,0.9645802521467529
522.25,0.4305555555555556,1.9254658385093169,0.9695882725981602,0.9695882725981602
522.25,0.43194444444444446,1.9316770186335404,0.9742212323783821,0.9742212323783821
522.25,0.43333333333333335,1.9378881987577639,0.9784769967255122,0.9784769967255122
522.25,0.43472222222222223,1.9440993788819876,0.982353616002652,0.982353616002652
522.25,0.4361111111111111,1.950310559006211,0.9858493000915927,0.9858493000915927
522.25,0.4375,1.9565217391304346,0.9889624181437257,0.9889624181437257
522.25,0.4388888888888889,1.9627329192546583,0.9916915084430239,0.9916915084430239
522.25,0.44027777777777777,1.9689440993788818,0.9940353173864129,0.9940353173864129
522.25,0.44166666666666665,1.9751552795031053,0.9959927651502511,0.9959927651502511
522.25,0.44305555555555554,1.981366459627329,0.9975629358194106,0.9975629358194106
522.25,0.4444444444444444,1.9875776397515525,0.998745078502488,0.998745078502488
522.25,0.44583333333333336,1.9937888198757765,0.9995386414768919,0.9995386414768919
522.25,0.44722222222222224,2.0,0.9999432736042017,0.9999432736042017
522.25,0.4486111111111111,2.0062111801242235,0.999958790583808,0.999958790583808
522.25,0.45,2.012422360248447,0.9995851744960144,0.9995851744960144
522.25,0.4513888888888889,2.018633540372671,0.9988225826017596,0.9988225826017596
522.25,0.4527777777777778,2.0248447204968945,0.997671390594255,0.997671390594255
522.25,0.45416666666666666,2.031055900621118,0.9961321489160965,0.9961321489160965
522.25,0.45555555555555555,2.0372670807453415,0.9942055734314984,0.9942055734314984
522.25,0.45694444444444443,2.043478260869565,0.9918925446120097,0.9918925446120097
522.25,0.4583333333333333,2.0496894409937885,0.9891941411011282,0.9891941411011282
522.25,0.4597222222222222,2.0559006211180124,0.9861116378508556,0.9861116378508556
522.25,0.46111111111111114,2.062111801242236,0.9826464716493711,0.9826464716493711
522.25,0.4625,2.0683229813664594,0.9788002396151629,0.9788002396151629
522.25,0.4638888888888889,2.0745341614906834,0.9745747060188764,0.9745747060188764
522.25,0.4652777777777778,2.080745341614907,0.9699718394352592,0.9699718394352592
522.25,0.4666666666666667,2.0869565217391304,0.964993771781228,0.964993771781228
522.25,0.46805555555555556,2.093167701863354,0.9596427889825712,0.9596427889825712
522.25,0.46944444444444444,2.0993788819875774,0.9539213284257266,0.9539213284257266
522.25,0.4708333333333333,2.1055900621118013,0.9478320061657224,0.9478320061657224
522.25,0.4722222222222222,2.111801242236025,0.9413776114932215,0.9413776114932215
522.25,0.4736111111111111,2.1180124223602483,0.9345610800898965,0.9345610800898965
522.25,0.475,2.124223602484472,0.9273854901774746,0.9273854901774746
522.25,0.47638888888888886,2.1304347826086953,0.9198540671421278,0.9198540671421278
522.25,0.4777777777777778,2.1366459627329193,0.9119702052733636,0.9119702052733636
522.25,0.4791666666666667,2.142857142857143,0.9037374418358929,0.9037374418358929
522.25,0.48055555555555557,2.1490683229813663,0.895159446415347,0.895159446415347
522.25,0.48194444444444445,2.15527950310559,0.8862400171901662,0.8862400171901662
522.25,0.48333333333333334,2.1614906832298137,0.8769830984158291,0.8769830984158291
522.25,0.4847222222222222,2.1677018633540373,0.8673927713270175,0.8673927713270175
522.25,0.4861111111111111,2.1739130434782608,0.8574732411073741,0.8574732411073741
522.25,0.4875,2.1801242236024843,0.847228829896699,0.847228829896699
522.25,0.4888888888888889,2.1863354037267078,0.8366639797179398,0.8366639797179398
522.25,0.49027777777777776,2.1925465838509313,0.8257832546784318,0.8257832546784318
522.25,0.49166666666666664,2.198757763975155,0.8145913360895064,0.8145913360895064
522.25,0.4930555555555556,2.2049689440993787,0.8030930102074765,0.8030930102074765
522.25,0.49444444444444446,2.2111801242236027,0.7912931640357672,0.7912931640357672
522.25,0.49583333333333335,2.217391304347826,0.7791967932846257,0.7791967932846257
522.25,0.49722222222222223,2.2236024844720497,0.7668089894569405,0.7668089894569405
522.25,0.4986111111111111,2.229813664596273,0.7541349422398739,0.7541349422398739
522.25,0.5,2.2360248447204967,0.7411799298617519,0.7411799298617519
522.25,0.5013888888888889,2.24223602484472,0.7279493210752909,0.7279493210752909
522.25,0.5027777777777778,2.248447204968944,0.7144485602823005,0.7144485602823005
522.25,0.5041666666666667,2.2546583850931676,0.7006831812897452,0.7006831812897452
522.25,0.5055555555555555,2.260869565217391,0.6866587946640061,0.6866587946640061
522.25,0.5069444444444444,2.2670807453416146,0.6723810837075836,0.6723810837075836
522.25,0.5083333333333333,2.273291925465838,0.6578558053417844,0.6578558053417844
522.25,0.5097222222222222,2.2795031055900616,0.6430887745665709,0.6430887745665709
522.25,0.5111111111111111,2.2857142857142856,0.628085878845277,0.628085878845277
522.25,0.5125,2.291925465838509,0.6128530673252646,0.6128530673252646
522.25,0.5138888888888888,2.2981366459627326,0.597396352148042,0.597396352148042
522.25,0.5152777777777777,2.304347826086956,0.5817217837255904,0.5817217837255904
522.25,0.5166666666666667,2.31055900621118,0.5658354757486859,0.5658354757486859
522.25,0.5180555555555556,2.316770186335404,0.5497435934540806,0.5497435934540806
522.25,0.5194444444444445,2.3229813664596275,0.5334523502020053,0.5334523502020053
522.25,0.5208333333333334,2.329192546583851,0.5169680034675371,0.5169680034675371
522.25,0.5222222222222223,2.3354037267080745,0.5002968410689068,0.5002968410689068
522.25,0.5236111111111111,2.341614906832298,0.4834452002879328,0.4834452002879328
522.25,0.525,2.3478260869565215,0.4664194575921065,0.4664194575921065
522.25,0.5263888888888889,2.3540372670807455,0.44922602862027355,0.44922602862027355
522.25,0.5277777777777778,2.360248447204969,0.4318713425527411,0.4318713425527411
522.25,0.5291666666666667,2.3664596273291925,0.41436187072602776,0.41436187072602776
522.25,0.5305555555555556,2.372670807453416,0.3967041157774834,0.3967041157774834
522.25,0.5319444444444444,2.3788819875776395,0.3789046089772033,0.3789046089772033
522.25,0.5333333333333333,2.3850931677018634,0.3609699020266885,0.3609699020266885
522.25,0.5347222222222222,2.391304347826087,0.3429065620923775,0.3429065620923775
522.25,0.5361111111111111,2.3975155279503104,0.32472118697903607,0.32472118697903607
522.25,0.5375,2.403726708074534,0.30642039646299835,0.30642039646299835
522.25,0.5388888888888889,2.4099378881987574,0.28801082985001564,0.28801082985001564
522.25,0.5402777777777777,2.416149068322981,0.2694991272384258,0.2694991272384258
522.25,0.5416666666666666,2.422360248447205,0.2508919560673378,0.2508919560673378
522.25,0.5430555555555555,2.4285714285714284,0.23219599997714951,0.23219599997714951
522.25,0.5444444444444444,2.434782608695652,0.2134179567995662,0.21385571687154656
522.25,0.5458333333333333,2.4409937888198754,0.19456452657481416,0.19949375862621807
522.25,0.5472222222222223,2.4472049689440993,0.175642420795768,0.18759214321412773
522.25,0.5486111111111112,2.4534161490683233,0.1566583668844941,0.17747764060538274
522.25,0.55,2.459627329192547,0.13761910157777701,0.16886345788997295
522.25,0.5513888888888889,2.4658385093167703,0.11853136566275442,0.1615838246760719
522.25,0.5527777777777778,2.472049689440994,0.09940189663113258,0.15553160408919317
522.25,0.5541666666666667,2.4782608695652173,0.08023744915297223,0.15063144692179242
522.25,0.5555555555555556,2.484472049689441,0.06104478285080921,0.14682873011606118
522.25,0.5569444444444445,2.4906832298136647,0.041830660667442864,0.144086530575305
522.25,0.5583333333333333,2.4968944099378882,0.02260183507600617,0.1423801702456427
522.25,0.5597222222222222,2.5031055900621118,0.003365070797496616,0.1416950353370133
522.25,0.5611111111111111,2.5093167701863353,-0.01587286351948513,0.14202538233696557
522.25,0.5625,2.5155279503105588,-0.035105199929728714,0.14337410250966398
522.25,0.5638888888888889,2.5217391304347823,-0.054325178381696995,0.14575270929235837
522.25,0.5652777777777778,2.527950310559006,-0.0735260422060064,0.1491823577041374
522.25,0.5666666666666667,2.5341614906832297,-0.09270102671343063,0.15369546632478612
522.25,0.5680555555555555,2.540372670807453,-0.11184337191679883,0.15933869848231966
522.25,0.5694444444444444,2.5465838509316767,-0.1309463241633491,0.16617820005161843
522.25,0.5708333333333333,2.5527950310559,-0.15000314841850873,0.17430851686595614
522.25,0.5722222222222222,2.559006211180124,-0.16900709866235852,0.18387163907086918
522.25,0.5736111111111111,2.5652173913043477,-0.18795143650733745,0.19510017024579898
522.25,0.575,2.571428571428571,-0.20682943419525077,0.20846256832296117
522.25,0.5763888888888888,2.5776397515527947,-0.2256343822268161,0.2256343822268161
522.25,0.5777777777777777,2.583850931677018,-0.24435957565723204,0.24435957565723204
522.25,0.5791666666666667,2.590062111801242,-0.2629983133179553,0.2629983133179553
522.25,0.5805555555555556,2.596273291925466,-0.2815439094332703,0.2815439094332703
522.25,0.5819444444444445,2.6024844720496896,-0.2999896956334007,0.2999896956334007
522.25,0.5833333333333334,2.608695652173913,-0.318329029244336,0.318329029244336
522.25,0.5847222222222223,2.6149068322981366,-0.3365552647248281,0.3365552647248281
522.25,0.5861111111111111,2.62111801242236,-0.3546617777660768,0.3546617777660768
522.25,0.5875,2.627329192546584,-0.37264196709157377,0.37264196709157377
522.25,0.5888888888888889,2.6335403726708075,-0.3904892615487952,0.3904892615487952
522.25,0.5902777777777778,2.639751552795031,-0.40819710159084105,0.40819710159084105
522.25,0.5916666666666667,2.6459627329192545,-0.42575894830873934,0.42575894830873934
522.25,0.5930555555555556,2.652173913043478,-0.44316829231219823,0.44316829231219823
522.25,0.5944444444444444,2.6583850931677016,-0.460418656412007,0.460418656412007
522.25,0.5958333333333333,2.6645962732919255,-0.47750359996983527,0.47750359996983527
522.25,0.5972222222222222,2.670807453416149,-0.4944166967891326,0.4944166967891326
522.25,0.5986111111111111,2.6770186335403725,-0.5111515595822809,0.5111515595822809
522.25,0.6,2.683229813664596,-0.527701840966305,0.527701840966305
522.25,0.6013888888888889,2.6894409937888195,-0.5440612399997021,0.5440612399997021
522.25,0.6027777777777777,2.695652173913043,-0.5602234840417106,0.5602234840417106
522.25,0.6041666666666666,2.701863354037267,-0.5761823440777364,0.5761823440777364
522.25,0.6055555555555555,2.7080745341614905,-0.5919316397459,0.5919316397459
522.25,0.6069444444444444,2.714285714285714,-0.607465242795821,0.607465242795821
522.25,0.6083333333333333,2.7204968944099375,-0.6227770801413267,0.6227770801413267
522.25,0.6097222222222223,2.7267080745341614,-0.6378611201998543,0.6378611201998543
522.25,0.6111111111111112,2.7329192546583854,-0.6527113929953476,0.6527113929953476
522.25,0.6125,2.739130434782609,-0.6673219906302756,0.6673219906302756
522.25,0.6138888888888889,2.7453416149068324,-0.681687073936124,0.681687073936124
522.25,0.6152777777777778,2.751552795031056,-0.6958008602080891,0.6958008602080891
522.25,0.6166666666666667,2.7577639751552794,-0.7096576390879303,0.7096576390879303
522.25,0.6180555555555556,2.763975155279503,-0.7232517731850272,0.7232517731850272
522.25,0.6194444444444445,2.770186335403727,-0.7365777021652556,0.7365777021652556
522.25,0.6208333333333333,2.7763975155279503,-0.7496299485789087,0.7496299485789087
522.25,0.6222222222222222,2.782608695652174,-0.7624031120862722,0.7624031120862722
522.25,0.6236111111111111,2.7888198757763973,-0.7748918809394786,0.7748918809394786
522.25,0.625,2.795031055900621,-0.7870910320958219,0.7870910320958219
522.25,0.6263888888888889,2.8012422360248443,-0.7989954387662708,0.7989954387662708
522.25,0.6277777777777778,2.8074534161490683,-0.8106000691215671,0.8106000691215671
522.25,0.6291666666666667,2.813664596273292,-0.8218999958828735,0.8218999958828735
522.25,0.6305555555555555,2.8198757763975153,-0.832890392560246,0.832890392560246
522.25,0.6319444444444444,2.826086956521739,-0.8435665377457732,0.8435665377457732
522.25,0.6333333333333333,2.8322981366459623,-0.8539238276181275,0.8539238276181275
522.25,0.6347222222222222,2.8385093167701863,-0.8639577760095922,0.8639577760095922
522.25,0.6361111111111111,2.8447204968944098,-0.8736640138824792,0.8736640138824792
522.25,0.6375,2.8509316770186333,-0.883038289195539,0.883038289195539
522.25,0.6388888888888888,2.8571428571428568,-0.8920764757297674,0.8920764757297674
522.25,0.6402777777777777,2.8633540372670803,-0.9007745862897266,0.9007745862897266
522.25,0.6416666666666667,2.8695652173913047,-0.9091287696186284,0.9091287696186284
522.25,0.6430555555555556,2.875776397515528,-0.9171353030009105,0.9171353030009105
522.25,0.6444444444444445,2.8819875776397517,-0.9247905961103488,0.9247905961103488
522.25,0.6458333333333334,2.888198757763975,-0.9320912123876609,0.9320912123876609
522.25,0.6472222222222223,2.8944099378881987,-0.9390338721798207,0.9390338721798207
522.25,0.6486111111111111,2.900621118012422,-0.9456154386126682,0.9456154386126682
522.25,0.65,2.906832298136646,-0.9518329173440986,0.9518329173440986
550.0,0.0,0.0,1.0,1.0
550.0,0.001388888888888889,0.006097560975609756,0.9998117749780064,0.9998117749780064
550.0,0.002777777777777778,0.012195121951219513,0.9992471994637965,0.9992471994637965
550.0,0.004166666666666667,0.018292682926829267,0.9983065349464814,0.9983065349464814
550.0,0.005555555555555556,0.024390243902439025,0.9969901965550599,0.9969901965550599
550.0,0.006944444444444444,0.03048780487804878,0.9952987526478115,0.9952987526478115
550.0,0.008333333333333333,0.036585365853658534,0.9932329510959867,0.9932329510959867
550.0,0.009722222222222222,0.042682926829268296,0.9907937209591079,0.9907937209591079
550.0,0.011111111111111112,0.04878048780487805,0.9879821425352358,0.9879821425352358
550.0,0.0125,0.05487804878048781,0.984799446531258,0.984799446531258
550.0,0.013888888888888888,0.06097560975609756,0.9812470184038744,0.9812470184038744
550.0,0.015277777777777777,0.06707317073170732,0.9773264325260436,0.9773264325260436
550.0,0.016666666666666666,0.07317073170731707,0.9730394169390952,0.9730394169390952
550.0,0.018055555555555554,0.07926829268292682,0.9683878454986344,0.9683878454986344
550.0,0.019444444444444445,0.08536585365853659,0.9633737359911256,0.9633737359911256
550.0,0.020833333333333332,0.09146341463414634,0.9579992700940776,0.9579992700940776
550.0,0.022222222222222223,0.0975609756097561,0.9522667968872742,0.9522667968872742
550.0,0.02361111111111111,0.10365853658536585,0.9461788043540658,0.9461788043540658
550.0,0.025,0.10975609756097562,0.9397379174778937,0.9397379174778937
550.0,0.02638888888888889,0.11585365853658537,0.9329468995097878,0.9329468995097878
550.0,0.027777777777777776,0.12195121951219512,0.925808677514776,0.925808677514776
550.0,0.029166666666666667,0.12804878048780488,0.9183263162010417,0.9183263162010417
550.0,0.030555555555555555,0.13414634146341464,0.9105030090895816,0.9105030090895816
550.0,0.03194444444444444,0.14024390243902438,0.9023420755392678,0.9023420755392678
550.0,0.03333333333333333,0.14634146341463414,0.8938469712495992,0.8938469712495992
550.0,0.034722222222222224,0.1524390243902439,0.8850212931270547,0.8850212931270547
550.0,0.03611111111111111,0.15853658536585363,0.8758687582549066,0.8758687582549066
550.0,0.0375,0.16463414634146342,0.8663931999029786,0.8663931999029786
550.0,0.03888888888888889,0.17073170731707318,0.8565985661998002,0.8565985661998002
550.0,0.04027777777777778,0.17682926829268295,0.8464889314010515,0.8464889314010515
550.0,0.041666666666666664,0.18292682926829268,0.8360684868613453,0.8360684868613453
550.0,0.043055555555555555,0.18902439024390244,0.8253415299300157,0.8253415299300157
550.0,0.044444444444444446,0.1951219512195122,0.8143124604268978,0.8143124604268978
550.0,0.04583333333333333,0.20121951219512194,0.8029857810410329,0.8029857810410329
550.0,0.04722222222222222,0.2073170731707317,0.7913661029390772,0.7913661029390772
550.0,0.04861111111111111,0.21341463414634146,0.779458135716595,0.779458135716595
550.0,0.05,0.21951219512195125,0.7672666807728241,0.7672666807728241
550.0,0.05138888888888889,0.22560975609756098,0.7547966283982901,0.7547966283982901
550.0,0.05277777777777778,0.23170731707317074,0.7420529535937961,0.7420529535937961
550.0,0.05416666666666667,0.2378048780487805,0.7290407262495017,0.7290407262495017
550.0,0.05555555555555555,0.24390243902439024,0.7157650975285167,0.7157650975285167
550.0,0.05694444444444444,0.25,0.7022312963278274,0.7022312963278274
550.0,0.058333333333333334,0.25609756097560976,0.6884446219196655,0.6884446219196655
550.0,0.059722222222222225,0.2621951219512195,0.6744104488286561,0.6744104488286561
550.0,0.06111111111111111,0.2682926829268293,0.6601342279048891,0.6601342279048891
550.0,0.0625,0.27439024390243905,0.6456214775450968,0.6456214775450968
550.0,0.06388888888888888,0.28048780487804875,0.6308777804933918,0.6308777804933918
550.0,0.06527777777777778,0.28658536585365857,0.6159087675476896,0.6159087675476896
550.0,0.06666666666666667,0.2926829268292683,0.600720142186682,0.600720142186682
550.0,0.06805555555555555,0.29878048780487804,0.5853176658489487,0.5853176658489487
550.0,0.06944444444444445,0.3048780487804878,0.5697071547706278,0.5697071547706278
550.0,0.07083333333333333,0.31097560975609756,0.553894469309807,0.553894469309807
550.0,0.07222222222222222,0.31707317073170727,0.5378855158214039,0.5378855158214039
550.0,0.07361111111111111,0.3231707317073171,0.5216862563666379,0.5216862563666379
550.0,0.075,0.32926829268292684,0.5053026990436275,0.5053026990436275
550.0,0.0763888888888889,0.3353658536585366,0.4887408957946378,0.4887408957946378
550.0,0.07777777777777778,0.34146341463414637,0.4720069197331391,0.4720069197331391
550.0,0.07916666666666666,0.3475609756097561,0.4551068956671197,0.4551068956671197
550.0,0.08055555555555556,0.3536585365853659,0.43804698646861123,0.43804698646861123
550.0,0.08194444444444444,0.3597560975609756,0.4208333904720827,0.4208333904720827
550.0,0.08333333333333333,0.36585365853658536,0.4034723323906316,0.4034723323906316
550.0,0.08472222222222223,0.3719512195121952,0.385970059809282,0.385970059809282
550.0,0.08611111111111111,0.3780487804878049,0.36833285797391085,0.36833285797391085
550.0,0.0875,0.38414634146341464,0.3505670405628301,0.3505670405628301
550.0,0.08888888888888889,0.3902439024390244,0.33267894952876975,0.33267894952876975
550.0,0.09027777777777778,0.39634146341463417,0.31467493175421124,0.31467493175421124
550.0,0.09166666666666666,0.40243902439024387,0.2965613669531654,0.2965613669531654
550.0,0.09305555555555556,0.4085365853658537,0.2783446569624456,0.2783446569624456
550.0,0.09444444444444444,0.4146341463414634,0.2600312236791067,0.2600312236791067
550.0,0.09583333333333334,0.4207317073170732,0.24162750554536433,0.24162750554536433
550.0,0.09722222222222222,0.4268292682926829,0.22313994690215444,0.22313994690215444
550.0,0.09861111111111111,0.4329268292682927,0.20457501449752383,0.2045753850995838
550.0,0.1,0.4390243902439025,0.1859391895856675,0.18945125489147194
550.0,0.10138888888888889,0.4451219512195122,0.16723897035693544,0.1772748365688219
550.0,0.10277777777777777,0.45121951219512196,0.1484808521770914,0.1670286785158083
550.0,0.10416666666666667,0.4573170731707317,0.1296713467034406,0.15837104126884172
550.0,0.10555555555555556,0.4634146341463415,0.11081697501211506,0.1511131549022426
550.0,0.10694444444444444,0.4695121951219512,0.091924265892804,0.1451363176995753
550.0,0.10833333333333334,0.475609756097561,0.07299976008830673,0.1403599075720896
550.0,0.10972222222222222,0.4817073170731707,0.05404999197162383,0.13672814239112216
550.0,0.1111111111111111,0.4878048780487805,0.035081505147134616,0.1342028608203251
550.0,0.1125,0.49390243902439024,0.01610084621335206,0.13275966674435058
550.0,0.11388888888888889,0.5,-0.0028854303214092005,0.13238491944790098
550.0,0.11527777777777778,0.5060975609756098,-0.021870775778262165,0.13307551759485947
550.0,0.11666666666666667,0.5121951219512195,-0.04084864004338953,0.13483783817218975
550.0,0.11805555555555555,0.5182926829268293,-0.059812474618430936,0.1376888867178253
550.0,0.11944444444444445,0.524390243902439,-0.07875573424384741,0.14165727907506528
550.0,0.12083333333333333,0.5304878048780488,-0.09767186499812561,0.14678611289901203
550.0,0.12222222222222222,0.5365853658536586,-0.11655432900482361,0.1531382243974428
550.0,0.12361111111111112,0.5426829268292683,-0.13539659169611704,0.16080404265913512
550.0,0.125,0.5487804878048781,-0.1541921264587364,0.1699202607284885
550.0,0.12638888888888888,0.5548780487804877,-0.17293440814453107,0.1807094332621503
550.0,0.12777777777777777,0.5609756097560975,-0.19161691995804284,0.19360990265703584
550.0,0.12916666666666668,0.5670731707317074,-0.21023315804106144,0.21023315804106144
550.0,0.13055555555555556,0.5731707317073171,-0.2287766314734111,0.2287766314734111
550.0,0.13194444444444445,0.5792682926829269,-0.2472408641102135,0.2472408641102135
550.0,0.13333333333333333,0.5853658536585366,-0.26561937762037535,0.26561937762037535
550.0,0.13472222222222222,0.5914634146341463,-0.28390571894391115,0.28390571894391115
550.0,0.1361111111111111,0.5975609756097561,-0.30209345199596405,0.30209345199596405
550.0,0.1375,0.603658536585366,-0.3201761610034305,0.3201761610034305
550.0,0.1388888888888889,0.6097560975609756,-0.3381474441812761,0.3381474441812761
550.0,0.14027777777777778,0.6158536585365854,-0.35600091423110514,0.35600091423110514
550.0,0.14166666666666666,0.6219512195121951,-0.3737302120212784,0.3737302120212784
550.0,0.14305555555555555,0.6280487804878049,-0.3913290048524913,0.3913290048524913
550.0,0.14444444444444443,0.6341463414634145,-0.4087909887514269,0.4087909887514269
550.0,0.14583333333333334,0.6402439024390244,-0.4261098712486174,0.4261098712486174
550.0,0.14722222222222223,0.6463414634146342,-0.44327939589488047,0.44327939589488047
550.0,0.1486111111111111,0.6524390243902439,-0.4602933395934786,0.4602933395934786
550.0,0.15,0.6585365853658537,-0.4771455149536862,0.4771455149536862
550.0,0.15138888888888888,0.6646341463414633,-0.4938297663401242,0.4938297663401242
550.0,0.1527777777777778,0.6707317073170732,-0.5103399656556808,0.5103399656556808
550.0,0.15416666666666667,0.676829268292683,-0.5266700302787497,0.5266700302787497
550.0,0.15555555555555556,0.6829268292682927,-0.5428139210314484,0.5428139210314484
550.0,0.15694444444444444,0.6890243902439025,-0.5587656450492287,0.5587656450492287
550.0,0.15833333333333333,0.6951219512195121,-0.5745192439707537,0.5745192439707537
550.0,0.1597222222222222,0.7012195121951219,-0.590068809772418,0.590068809772418
550.0,0.16111111111111112,0.7073170731707318,-0.605408487766743,0.605408487766743
550.0,0.1625,0.7134146341463415,-0.6205324782360326,0.6205324782360326
550.0,0.1638888888888889,0.7195121951219512,-0.6354350366616482,0.6354350366616482
550.0,0.16527777777777777,0.725609756097561,-0.6501104678818556,0.6501104678818556
550.0,0.16666666666666666,0.7317073170731707,-0.6645531425679376,0.6645531425679376
550.0,0.16805555555555557,0.7378048780487806,-0.6787574957331902,0.6787574957331902
550.0,0.16944444444444445,0.7439024390243903,-0.6927180301187331,0.6927180301187331
550.0,0.17083333333333334,0.75,-0.7064293141491362,0.7064293141491362
550.0,0.17222222222222222,0.7560975609756098,-0.7198859866003279,0.7198859866003279
550.0,0.1736111111111111,0.7621951219512195,-0.7330827629298798,0.7330827629298798
550.0,0.175,0.7682926829268293,-0.7460144363454767,0.7460144363454767
550.0,0.1763888888888889,0.774390243902439,-0.7586758826694924,0.7586758826694924
550.0,0.17777777777777778,0.7804878048780488,-0.7710620573630274,0.7710620573630274
550.0,0.17916666666666667,0.7865853658536586,-0.7831680053893835,0.7831680053893835
550.0,0.18055555555555555,0.7926829268292683,-0.7949888598978329,0.7949888598978329
550.0,0.18194444444444444,0.798780487804878,-0.8065198458588332,0.8065198458588332
550.0,0.18333333333333332,0.8048780487804877,-0.8177562891537415,0.8177562891537415
550.0,0.18472222222222223,0.8109756097560976,-0.8286936126508107,0.8286936126508107
550.0,0.18611111111111112,0.8170731707317074,-0.8393273409366107,0.8393273409366107
550.0,0.1875,0.8231707317073171,-0.8496531008846891,0.8496531008846891
550.0,0.18888888888888888,0.8292682926829268,-0.8596666300484892,0.8596666300484892
550.0,0.19027777777777777,0.8353658536585366,-0.8693637814208606,0.8693637814208606
550.0,0.19166666666666668,0.8414634146341464,-0.8787405230378087,0.8787405230378087
550.0,0.19305555555555556,0.8475609756097562,-0.8877929355498633,0.8877929355498633
550.0,0.19444444444444445,0.8536585365853658,-0.8965172156542247,0.8965172156542247
550.0,0.19583333333333333,0.8597560975609756,-0.9049096948392847,0.9049096948392847
550.0,0.19722222222222222,0.8658536585365854,-0.9129668324808785,0.9129668324808785
550.0,0.1986111111111111,0.8719512195121951,-0.9206852133444575,0.9206852133444575
550.0,0.2,0.878048780487805,-0.9280615477040521,0.9280615477040521
550.0,0.2013888888888889,0.8841463414634146,-0.9350926813021403,0.9350926813021403
550.0,0.20277777777777778,0.8902439024390244,-0.9417756111451062,0.9417756111451062
550.0,0.20416666666666666,0.8963414634146342,-0.9481074729549069,0.9481074729549069
550.0,0.20555555555555555,0.9024390243902439,-0.9540855365846745,0.9540855365846745
550.0,0.20694444444444443,0.9085365853658536,-0.9597072086976783,0.9597072086976783
550.0,0.20833333333333334,0.9146341463414634,-0.9649700581244287,0.9649700581244287
550.0,0.20972222222222223,0.9207317073170732,-0.969871810686724,0.969871810686724
550.0,0.2111111111111111,0.926829268292683,-0.9744103360286619,0.9744103360286619
550.0,0.2125,0.9329268292682926,-0.9785836473964388,0.9785836473964388
550.0,0.21388888888888888,0.9390243902439024,-0.9823899112199357,0.9823899112199357
550.0,0.2152777777777778,0.9451219512195123,-0.9858274739876461,0.9858274739876461
550.0,0.21666666666666667,0.951219512195122,-0.988894837694961,0.988894837694961
550.0,0.21805555555555556,0.9573170731707318,-0.9915906532373908,0.9915906532373908
550.0,0.21944444444444444,0.9634146341463414,-0.9939137218367853,0.9939137218367853
550.0,0.22083333333333333,0.9695121951219512,-0.9958630233018977,0.9958630233018977
550.0,0.2222222222222222,0.975609756097561,-0.9974377143112204,0.9974377143112204
550.0,0.22361111111111112,0.9817073170731708,-0.9986371050271854,0.9986371050271854
550.0,0.225,0.9878048780487805,-0.9994606586689275,0.9994606586689275
550.0,0.2263888888888889,0.9939024390243902,-0.9999079992238662,0.9999079992238662
550.0,0.22777777777777777,1.0,-0.9999789456992557,0.9999789456992557
550.0,0.22916666666666666,1.0060975609756098,-0.99967347858926,0.99967347858926
550.0,0.23055555555555557,1.0121951219512195,-0.9989917323005866,0.9989917323005866
550.0,0.23194444444444445,1.0182926829268293,-0.9979339950380279,0.9979339950380279
550.0,0.23333333333333334,1.024390243902439,-0.9965007358054652,0.9965007358054652
550.0,0.23472222222222222,1.0304878048780488,-0.9946926056440879,0.9946926056440879
550.0,0.2361111111111111,1.0365853658536586,-0.992510408162863,0.992510408162863
550.0,0.2375,1.0426829268292683,-0.9899550988140886,0.9899550988140886
550.0,0.2388888888888889,1.048780487804878,-0.9870277898107616,0.9870277898107616
550.0,0.24027777777777778,1.0548780487804879,-0.9837297850440745,0.9837297850440745
550.0,0.24166666666666667,1.0609756097560976,-0.9800625442564125,0.9800625442564125
550.0,0.24305555555555555,1.0670731707317074,-0.976027675247501,0.976027675247501
550.0,0.24444444444444444,1.0731707317073171,-0.9716269322458745,0.9716269322458745
550.0,0.24583333333333332,1.079268292682927,-0.9668622373413177,0.9668622373413177
550.0,0.24722222222222223,1.0853658536585367,-0.9617356837002363,0.9617356837002363
550.0,0.24861111111111112,1.0914634146341464,-0.9562495062969818,0.9562495062969818
550.0,0.25,1.0975609756097562,-0.9504060802876628,0.9504060802876628
550.0,0.2513888888888889,1.103658536585366,-0.944207922835107,0.944207922835107
550.0,0.25277777777777777,1.1097560975609755,-0.9376577208018161,0.9376577208018161
550.0,0.25416666666666665,1.1158536585365852,-0.9307583021542897,0.9307583021542897
550.0,0.25555555555555554,1.121951219512195,-0.9235126274181458,0.9235126274181458
550.0,0.2569444444444444,1.1280487804878048,-0.9159237868692698,0.9159237868692698
550.0,0.25833333333333336,1.1341463414634148,-0.9079950129400418,0.9079950129400418
550.0,0.25972222222222224,1.1402439024390245,-0.8997296848726504,0.8997296848726504
550.0,0.2611111111111111,1.1463414634146343,-0.8911313059243027,0.8911313059243027
550.0,0.2625,1.152439024390244,-0.8822034998333811,0.8822034998333811
550.0,0.2638888888888889,1.1585365853658538,-0.8729500099106341,0.8729500099106341
550.0,0.2652777777777778,1.1646341463414633,-0.8633747132203323,0.8633747132203323
550.0,0.26666666666666666,1.170731707317073,-0.8534816079815186,0.8534816079815186
550.0,0.26805555555555555,1.1768292682926829,-0.8432748029468838,0.8432748029468838
550.0,0.26944444444444443,1.1829268292682926,-0.832758513938474,0.832758513938474
550.0,0.2708333333333333,1.1890243902439024,-0.8219370660311969,0.8219370660311969
550.0,0.2722222222222222,1.1951219512195121,-0.810814899131451,0.810814899131451
550.0,0.27361111111111114,1.2012195121951221,-0.7993965557538787,0.7993965557538787
550.0,0.275,1.207317073170732,-0.7876866748801173,0.7876866748801173
550.0,0.2763888888888889,1.2134146341463417,-0.7756899892431652,0.7756899892431652
550.0,0.2777777777777778,1.2195121951219512,-0.763411323895664,0.763411323895664
550.0,0.2791666666666667,1.225609756097561,-0.750855603009159,0.750855603009159
550.0,0.28055555555555556,1.2317073170731707,-0.7380278366414751,0.7380278366414751
550.0,0.28194444444444444,1.2378048780487805,-0.7249331171650586,0.7249331171650586
550.0,0.2833333333333333,1.2439024390243902,-0.7115766130438224,0.7115766130438224
550.0,0.2847222222222222,1.25,-0.6979635740441679,0.6979635740441679
550.0,0.2861111111111111,1.2560975609756098,-0.6840993303469513,0.6840993303469513
550.0,0.2875,1.2621951219512195,-0.6699892840795524,0.6699892840795524
550.0,0.28888888888888886,1.268292682926829,-0.6556389060620561,0.6556389060620561
550.0,0.2902777777777778,1.274390243902439,-0.6410537213681973,0.6410537213681973
550.0,0.2916666666666667,1.2804878048780488,-0.6262393318943874,0.6262393318943874
550.0,0.29305555555555557,1.2865853658536586,-0.6112014016494158,0.6112014016494158
550.0,0.29444444444444445,1.2926829268292683,-0.5959456535010049,0.5959456535010049
550.0,0.29583333333333334,1.298780487804878,-0.5804778587180682,0.5804778587180682
550.0,0.2972222222222222,1.3048780487804879,-0.5648038396359065,0.5648038396359065
550.0,0.2986111111111111,1.3109756097560976,-0.5489294780057349,0.5489294780057349
550.0,0.3,1.3170731707317074,-0.5328607053676602,0.5328607053676602
550.0,0.3013888888888889,1.3231707317073171,-0.5166035005779906,0.5166035005779906
550.0,0.30277777777777776,1.3292682926829267,-0.5001638678460377,0.5001638678460377
550.0,0.30416666666666664,1.3353658536585364,-0.48354786691082596,0.48354786691082596
550.0,0.3055555555555556,1.3414634146341464,-0.4667615990038208,0.4667615990038208
550.0,0.30694444444444446,1.3475609756097562,-0.44981120413817416,0.44981120413817416
550.0,0.30833333333333335,1.353658536585366,-0.43270285136832204,0.43270285136832204
550.0,0.30972222222222223,1.3597560975609757,-0.41544273647389895,0.41544273647389895
550.0,0.3111111111111111,1.3658536585365855,-0.3980370960808863,0.3980370960808863
550.0,0.3125,1.3719512195121952,-0.3804921982472568,0.3804921982472568
550.0,0.3138888888888889,1.378048780487805,-0.36281434186990996,0.36281434186990996
550.0,0.31527777777777777,1.3841463414634145,-0.3450098330551565,0.3450098330551565
550.0,0.31666666666666665,1.3902439024390243,-0.32708501413495594,0.32708501413495594
550.0,0.31805555555555554,1.396341463414634,-0.30904625227312027,0.30904625227312027
550.0,0.3194444444444444,1.4024390243902438,-0.290899937311609,0.290899937311609
550.0,0.32083333333333336,1.4085365853658538,-0.27265247698662837,0.27265247698662837
550.0,0.32222222222222224,1.4146341463414636,-0.2543102876957186,0.2543102876957186
550.0,0.3236111111111111,1.4207317073170733,-0.23587981093457103,0.23587981093457103
550.0,0.325,1.426829268292683,-0.21736750508612634,0.21736750508612634
550.0,0.3263888888888889,1.4329268292682928,-0.19877984736570692,0.19937107658146905
550.0,0.3277777777777778,1.4390243902439024,-0.18012331310732616,0.18541977302826315
550.0,0.32916666666666666,1.4451219512195121,-0.16140439691316136,0.17389819961965622
550.0,0.33055555555555555,1.451219512195122,-0.1426296050064308,0.16417343841814155
550.0,0.33194444444444443,1.4573170731707317,-0.12380545347830747,0.15596758131967817
550.0,0.3333333333333333,1.4634146341463414,-0.10493847103067501,0.14911926535338357
550.0,0.3347222222222222,1.4695121951219512,-0.08603518200945917,0.1435234754941972
550.0,0.33611111111111114,1.4756097560975612,-0.06710212238624254,0.13910835291548446
550.0,0.3375,1.481707317073171,-0.0481458331848954,0.13582462768025927
550.0,0.3388888888888889,1.4878048780487807,-0.029172864998923333,0.13363827111530596
550.0,0.3402777777777778,1.4939024390243902,-0.010189762966681715,0.1325286902682014
550.0,0.3416666666666667,1.5,0.008796923606982974,0.13248554134163484
550.0,0.34305555555555556,1.5060975609756098,0.027780644999834094,0.1335086644012906
550.0,0.34444444444444444,1.5121951219512195,0.04675485268803531,0.13560762018066538
550.0,0.3458333333333333,1.5182926829268293,0.06571298871739692,0.138802898646649
550.0,0.3472222222222222,1.524390243902439,0.08464850950052386,0.14312720639517582
550.0,0.3486111111111111,1.5304878048780488,0.1035548723531713,0.14862925659091847
550.0,0.35,1.5365853658536586,0.12242554044035997,0.1553789432477081
550.0,0.35138888888888886,1.542682926829268,0.1412539764407519,0.16347899649116807
550.0,0.3527777777777778,1.548780487804878,0.16003365077434886,0.1730860598334002
550.0,0.3541666666666667,1.5548780487804879,0.17875804406489873,0.18446759342505833
550.0,0.35555555555555557,1.5609756097560976,0.19742064763542974,0.19821475415278125
550.0,0.35694444444444445,1.5670731707317074,0.21601496528436828,0.21601496528436828
550.0,0.35833333333333334,1.5731707317073171,0.23453449690772193,0.23453449690772193
550.0,0.3597222222222222,1.579268292682927,0.25297276593610357,0.25297276593610357
550.0,0.3611111111111111,1.5853658536585367,0.27132331002770843,0.27132331002770843
550.0,0.3625,1.5914634146341464,0.2895796846426694,0.2895796846426694
550.0,0.3638888888888889,1.597560975609756,0.3077354564911531,0.3077354564911531
550.0,0.36527777777777776,1.6036585365853657,0.3257842051922403,0.3257842051922403
550.0,0.36666666666666664,1.6097560975609755,0.34371953554843826,0.34371953554843826
550.0,0.3680555555555556,1.6158536585365855,0.36153507602399526,0.36153507602399526
550.0,0.36944444444444446,1.6219512195121952,0.3792244809392176,0.3792244809392176
550.0,0.37083333333333335,1.628048780487805,0.39678141280881574,0.39678141280881574
550.0,0.37222222222222223,1.6341463414634148,0.4141995679950678,0.4141995679950678
550.0,0.3736111111111111,1.6402439024390245,0.43147267286648155,0.43147267286648155
550.0,0.375,1.6463414634146343,0.4485944863253481,0.4485944863253481
550.0,0.3763888888888889,1.6524390243902438,0.46555879521984267,0.46555879521984267
550.0,0.37777777777777777,1.6585365853658536,0.4823594108556609,0.4823594108556609
550.0,0.37916666666666665,1.6646341463414633,0.4989901865652697,0.4989901865652697
550.0,0.38055555555555554,1.670731707317073,0.5154450156321307,0.5154450156321307
550.0,0.3819444444444444,1.6768292682926829,0.5317178340502083,0.5317178340502083
550.0,0.38333333333333336,1.6829268292682928,0.5478026072569913,0.5478026072569913
550.0,0.38472222222222224,1.6890243902439026,0.5636933479980011,0.5636933479980011
550.0,0.3861111111111111,1.6951219512195124,0.5793841183213506,0.5793841183213506
550.0,0.3875,1.7012195121951221,0.5948690313343155,0.5948690313343155
550.0,0.3888888888888889,1.7073170731707317,0.6101422505509659,0.6101422505509659
550.0,0.3902777777777778,1.7134146341463414,0.625197984049154,0.625197984049154
550.0,0.39166666666666666,1.7195121951219512,0.640030501674599,0.640030501674599
550.0,0.39305555555555555,1.725609756097561,0.6546341334227928,0.6546341334227928
550.0,0.39444444444444443,1.7317073170731707,0.6690032727418322,0.6690032727418322
550.0,0.3958333333333333,1.7378048780487805,0.6831323724354035,0.6831323724354035
550.0,0.3972222222222222,1.7439024390243902,0.6970159513951422,0.6970159513951422
550.0,0.39861111111111114,1.7500000000000002,0.710648600624318,0.710648600624318
550.0,0.4,1.75609756097561,0.72402498439728,0.72402498439728
550.0,0.4013888888888889,1.7621951219512195,0.7371398443022745,0.7371398443022745
550.0,0.4027777777777778,1.7682926829268293,0.7499879953086177,0.7499879953086177
550.0,0.4041666666666667,1.774390243902439,0.7625643372518169,0.7625643372518169
550.0,0.40555555555555556,1.7804878048780488,0.7748638535472663,0.7748638535472663
550.0,0.40694444444444444,1.7865853658536586,0.7868816148090897,0.7868816148090897
550.0,0.4083333333333333,1.7926829268292683,0.7986127858970319,0.7986127858970319
550.0,0.4097222222222222,1.798780487804878,0.8100526231848836,0.8100526231848836
550.0,0.4111111111111111,1.8048780487804879,0.8211964800824328,0.8211964800824328
550.0,0.4125,1.8109756097560974,0.8320398076775783,0.8320398076775783
550.0,0.41388888888888886,1.8170731707317072,0.8425781626220714,0.8425781626220714
550.0,0.4152777777777778,1.8231707317073171,0.8528072100536289,0.8528072100536289
550.0,0.4166666666666667,1.829268292682927,0.8627227253884479,0.8627227253884479
550.0,0.41805555555555557,1.8353658536585367,0.8723205921819859,0.8723205921819859
550.0,0.41944444444444445,1.8414634146341464,0.8815968056412198,0.8815968056412198
550.0,0.42083333333333334,1.8475609756097562,0.8905474897744594,0.8905474897744594
550.0,0.4222222222222222,1.853658536585366,0.899168890563311,0.899168890563311
550.0,0.4236111111111111,1.8597560975609757,0.9074573752400213,0.9074573752400213
550.0,0.425,1.8658536585365852,0.9154094324638941,0.9154094324638941
550.0,0.4263888888888889,1.871951219512195,0.9230216821647832,0.9230216821647832
550.0,0.42777777777777776,1.8780487804878048,0.9302908890946064,0.9302908890946064
550.0,0.42916666666666664,1.8841463414634145,0.9372139526779951,0.9372139526779951
550.0,0.4305555555555556,1.8902439024390245,0.9437879028390104,0.9437879028390104
550.0,0.43194444444444446,1.8963414634146343,0.9500099028643815,0.9500099028643815
550.0,0.43333333333333335,1.902439024390244,0.9558772738033096,0.9558772738033096
550.0,0.43472222222222223,1.9085365853658538,0.9613874886994511,0.9613874886994511
550.0,0.4361111111111111,1.9146341463414636,0.9665381615585282,0.9665381615585282
550.0,0.4375,1.920731707317073,0.9713270471626921,0.9713270471626921
550.0,0.4388888888888889,1.9268292682926829,0.9757520508666503,0.9757520508666503
550.0,0.44027777777777777,1.9329268292682926,0.9798112535330715,0.9798112535330715
550.0,0.44166666666666665,1.9390243902439024,0.9835028891408953,0.9835028891408953
550.0,0.44305555555555554,1.9451219512195121,0.9868253384747673,0.9868253384747673
550.0,0.4444444444444444,1.951219512195122,0.989777130816935,0.989777130816935
550.0,0.44583333333333336,1.957317073170732,0.9923569719786144,0.9923569719786144
550.0,0.44722222222222224,1.9634146341463417,0.9945637419101749,0.9945637419101749
550.0,0.4486111111111111,1.9695121951219514,0.9963964730299292,0.9963964730299292
550.0,0.45,1.975609756097561,0.9978543498219355,0.9978543498219355
550.0,0.4513888888888889,1.9817073170731707,0.9989367169907056,0.9989367169907056
550.0,0.4527777777777778,1.9878048780487805,0.9996431127668044,0.9996431127668044
550.0,0.45416666666666666,1.9939024390243902,0.9999732366678413,0.9999732366678413
550.0,0.45555555555555555,2.0,0.9999269420129258,0.9999269420129258
550.0,0.45694444444444443,2.0060975609756095,0.9995042361050698,0.9995042361050698
550.0,0.4583333333333333,2.0121951219512195,0.9987053078062049,0.9987053078062049
550.0,0.4597222222222222,2.018292682926829,0.9975305283084931,0.9975305283084931
550.0,0.46111111111111114,2.024390243902439,0.9959804223537879,0.9959804223537879
550.0,0.4625,2.030487804878049,0.994055667593294,0.994055667593294
550.0,0.4638888888888889,2.0365853658536586,0.9917571000676108,0.9917571000676108
550.0,0.4652777777777778,2.0426829268292686,0.9890857496229415,0.9890857496229415
550.0,0.4666666666666667,2.048780487804878,0.9860428038202774,0.9860428038202774
550.0,0.46805555555555556,2.054878048780488,0.9826296001816571,0.9826296001816571
550.0,0.46944444444444444,2.0609756097560976,0.9788476248278777,0.9788476248278777
550.0,0.4708333333333333,2.067073170731707,0.9746985352633583,0.9746985352633583
550.0,0.4722222222222222,2.073170731707317,0.9701841632990167,0.9701841632990167
550.0,0.4736111111111111,2.0792682926829267,0.9653064852079924,0.9653064852079924
550.0,0.475,2.0853658536585367,0.9600676203452106,0.9600676203452106
550.0,0.47638888888888886,2.091463414634146,0.9544698335376378,0.9544698335376378
550.0,0.4777777777777778,2.097560975609756,0.9485155647314347,0.9485155647314347
550.0,0.4791666666666667,2.103658536585366,0.9422073982575848,0.9422073982575848
550.0,0.48055555555555557,2.1097560975609757,0.9355480545252643,0.9355480545252643
550.0,0.48194444444444445,2.1158536585365852,0.9285403873974007,0.9285403873974007
550.0,0.48333333333333334,2.1219512195121952,0.9211873984623513,0.9211873984623513
550.0,0.4847222222222222,2.1280487804878048,0.9134922414714015,0.9134922414714015
550.0,0.4861111111111111,2.1341463414634148,0.9054581979022638,0.9054581979022638
550.0,0.4875,2.1402439024390243,0.8970886738603396,0.8970886738603396
550.0,0.4888888888888889,2.1463414634146343,0.8883871996222217,0.8883871996222217
550.0,0.49027777777777776,2.152439024390244,0.8793574466724565,0.8793574466724565
550.0,0.49166666666666664,2.158536585365854,0.8700032116361865,0.8700032116361865
550.0,0.4930555555555556,2.164634146341464,0.8603284061234038,0.8603284061234038
550.0,0.49444444444444446,2.1707317073170733,0.8503370533438022,0.8503370533438022
550.0,0.49583333333333335,2.176829268292683,0.8400332921523407,0.8400332921523407
550.0,0.49722222222222223,2.182926829268293,0.8294213825408596,0.8294213825408596
550.0,0.4986111111111111,2.1890243902439024,0.8185056912656372,0.8185056912656372
550.0,0.5,2.1951219512195124,0.8072906862003358,0.8072906862003358
550.0,0.5013888888888889,2.201219512195122,0.7957809338701058,0.7957809338701058
550.0,0.5027777777777778,2.207317073170732,0.7839811008569961,0.7839811008569961
550.0,0.5041666666666667,2.2134146341463414,0.7718959570848474,0.7718959570848474
550.0,0.5055555555555555,2.219512195121951,0.7595303630127993,0.7595303630127993
550.0,0.5069444444444444,2.225609756097561,0.7468892660456896,0.7468892660456896
550.0,0.5083333333333333,2.2317073170731705,0.7339776956137252,0.7339776956137252
550.0,0.5097222222222222,2.2378048780487805,0.720800768601818,0.720800768601818
550.0,0.5111111111111111,2.24390243902439,0.7073636864489291,0.7073636864489291
550.0,0.5125,2.25,0.6936717270278321,0.6936717270278321
550.0,0.5138888888888888,2.2560975609756095,0.6797302413962063,0.6797302413962063
550.0,0.5152777777777777,2.2621951219512195,0.6655446413805685,0.6655446413805685
550.0,0.5166666666666667,2.2682926829268295,0.6511204198102432,0.6511204198102432
550.0,0.5180555555555556,2.2743902439024395,0.6364631358940699,0.6364631358940699
550.0,0.5194444444444445,2.280487804878049,0.6215784118832145,0.6215784118832145
550.0,0.5208333333333334,2.2865853658536586,0.606471923024631,0.606471923024631
550.0,0.5222222222222223,2.2926829268292686,0.5911494008812075,0.5911494008812075
550.0,0.5236111111111111,2.298780487804878,0.5756166402370175,0.5756166402370175
550.0,0.525,2.304878048780488,0.5598794895530685,0.5598794895530685
550.0,0.5263888888888889,2.3109756097560976,0.5439438482658487,0.5439438482658487
550.0,0.5277777777777778,2.3170731707317076,0.5278156457047012,0.5278156457047012
550.0,0.5291666666666667,2.323170731707317,0.5115008706361643,0.5115008706361643
550.0,0.5305555555555556,2.3292682926829267,0.4950055568883162,0.4950055568883162
550.0,0.5319444444444444,2.3353658536585367,0.4783357805307915,0.4783357805307915
550.0,0.5333333333333333,2.341463414634146,0.4614976496381356,0.4614976496381356
550.0,0.5347222222222222,2.347560975609756,0.4444973030529515,0.4444973030529515
550.0,0.5361111111111111,2.3536585365853657,0.4273409237563822,0.4273409237563822
550.0,0.5375,2.3597560975609757,0.41003472929509227,0.41003472929509227
550.0,0.5388888888888889,2.3658536585365852,0.392584970783847,0.392584970783847
550.0,0.5402777777777777,2.3719512195121952,0.374997909120815,0.374997909120815
550.0,0.5416666666666666,2.3780487804878048,0.3572798449038124,0.3572798449038124
550.0,0.5430555555555555,2.3841463414634143,0.33943710639182356,0.33943710639182356
550.0,0.5444444444444444,2.3902439024390243,0.3214760472541176,0.3214760472541176
550.0,0.5458333333333333,2.396341463414634,0.3034030406088786,0.3034030406088786
550.0,0.5472222222222223,2.4024390243902443,0.28522447114962063,0.28522447114962063
550.0,0.5486111111111112,2.408536585365854,0.266946751439309,0.266946751439309
550.0,0.55,2.414634146341464,0.2485763134020914,0.2485763134020914
550.0,0.5513888888888889,2.4207317073170733,0.23011960978452287,0.23011960978452287
550.0,0.5527777777777778,2.4268292682926833,0.21158309257153027,0.21158309257153027
550.0,0.5541666666666667,2.432926829268293,0.1929732360460988,0.1946842093229967
550.0,0.5555555555555556,2.4390243902439024,0.17429652838175422,0.18161160356739123
550.0,0.5569444444444445,2.4451219512195124,0.15555946983199356,0.1706918368057309
550.0,0.5583333333333333,2.451219512195122,0.13676857397955836,0.1614626525260198
550.0,0.5597222222222222,2.457317073170732,0.11793035215637573,0.153693903318687
550.0,0.5611111111111111,2.4634146341463414,0.09905132973762443,0.14724525977824632
550.0,0.5625,2.4695121951219514,0.0801380392373343,0.1420238294243236
550.0,0.5638888888888889,2.475609756097561,0.061197024391761196,0.13796559682678067
550.0,0.5652777777777778,2.481707317073171,0.0422348238975946,0.13502675244544093
550.0,0.5666666666666667,2.4878048780487805,0.02325798335199828,0.13317768714342013
550.0,0.5680555555555555,2.49390243902439,0.004273050800345098,0.1324010068945692
550.0,0.5694444444444444,2.5,-0.014713424882712208,0.1326896523263625
550.0,0.5708333333333333,2.5060975609756095,-0.033694884730344765,0.13404651607891002
550.0,0.5722222222222222,2.5121951219512195,-0.0526647824336745,0.1364843519101455
550.0,0.5736111111111111,2.518292682926829,-0.07161657022998749,0.14002719168398037
550.0,0.575,2.524390243902439,-0.09054370414339884,0.1447124602777733
550.0,0.5763888888888888,2.5304878048780486,-0.10943963787685211,0.15059454282206997
550.0,0.5777777777777777,2.536585365853658,-0.12829783235319234,0.15775199158774042
550.0,0.5791666666666667,2.5426829268292686,-0.1471117560199035,0.1663013104018689
550.0,0.5805555555555556,2.548780487804878,-0.16587488585632473,0.17642474820722484
550.0,0.5819444444444445,2.554878048780488,-0.1845807090977708,0.18845051262862608
550.0,0.5833333333333334,2.5609756097560976,-0.20322270762431788,0.20327088675247848
550.0,0.5847222222222223,2.5670731707317076,-0.2217943851392114,0.2217943851392114
550.0,0.5861111111111111,2.573170731707317,-0.2402892569404997,0.2402892569404997
550.0,0.5875,2.579268292682927,-0.25870085372299784,0.25870085372299784
550.0,0.5888888888888889,2.5853658536585367,-0.27702271489706215,0.27702271489706215
550.0,0.5902777777777778,2.5914634146341466,-0.2952483914079159,0.2952483914079159
550.0,0.5916666666666667,2.597560975609756,-0.3133714565029929,0.3133714565029929
550.0,0.5930555555555556,2.6036585365853657,-0.33138550444514564,0.33138550444514564
550.0,0.5944444444444444,2.6097560975609757,-0.34928415261294044,0.34928415261294044
550.0,0.5958333333333333,2.6158536585365852,-0.3670610236254805,0.3670610236254805
550.0,0.5972222222222222,2.6219512195121952,-0.3847097718678392,0.3847097718678392
550.0,0.5986111111111111,2.6280487804878048,-0.4022240785381345,0.4022240785381345
550.0,0.6,2.6341463414634148,-0.4195976543368248,0.4195976543368248
550.0,0.6013888888888889,2.6402439024390243,-0.43682423432971773,0.43682423432971773
550.0,0.6027777777777777,2.6463414634146343,-0.45389757524426194,0.45389757524426194
550.0,0.6041666666666666,2.652439024390244,-0.470811472518738,0.470811472518738
550.0,0.6055555555555555,2.6585365853658534,-0.48755975819465275,0.48755975819465275
550.0,0.6069444444444444,2.6646341463414633,-0.504136303566462,0.504136303566462
550.0,0.6083333333333333,2.670731707317073,-0.5205350046372208,0.5205350046372208
550.0,0.6097222222222223,2.6768292682926833,-0.5367498018719717,0.5367498018719717
550.0,0.6111111111111112,2.682926829268293,-0.5527746811476313,0.5527746811476313
550.0,0.6125,2.689024390243903,-0.5686036756263153,0.5686036756263153
550.0,0.6138888888888889,2.6951219512195124,-0.5842308642528778,0.5842308642528778
550.0,0.6152777777777778,2.7012195121951224,-0.5996503660530804,0.5996503660530804
550.0,0.6166666666666667,2.707317073170732,-0.6148563578898925,0.6148563578898925
550.0,0.6180555555555556,2.7134146341463414,-0.6298430727041102,0.6298430727041102
550.0,0.6194444444444445,2.7195121951219514,-0.6446048027262107,0.6446048027262107
550.0,0.6208333333333333,2.725609756097561,-0.6591358933899515,0.6591358933899515
550.0,0.6222222222222222,2.731707317073171,-0.6734307522089674,0.6734307522089674
550.0,0.6236111111111111,2.7378048780487805,-0.6874838543157994,0.6874838543157994
550.0,0.625,2.7439024390243905,-0.7012897437176363,0.7012897437176363
550.0,0.6263888888888889,2.75,-0.7148430364737429,0.7148430364737429
550.0,0.6277777777777778,2.75609756097561,-0.7281384160164314,0.7281384160164314
550.0,0.6291666666666667,2.7621951219512195,-0.7411706460865236,0.7411706460865236
550.0,0.6305555555555555,2.768292682926829,-0.7539345694427471,0.7539345694427471
550.0,0.6319444444444444,2.774390243902439,-0.7664251114472332,0.7664251114472332
550.0,0.6333333333333333,2.7804878048780486,-0.7786372850144557,0.7786372850144557
550.0,0.6347222222222222,2.7865853658536586,-0.7905661893150652,0.7905661893150652
550.0,0.6361111111111111,2.792682926829268,-0.8022070158346873,0.8022070158346873
550.0,0.6375,2.798780487804878,-0.813555049107185,0.813555049107185
550.0,0.6388888888888888,2.8048780487804876,-0.8246056740016444,0.8246056740016444
550.0,0.6402777777777777,2.810975609756097,-0.8353543770029467,0.8353543770029467
550.0,0.6416666666666667,2.8170731707317076,-0.8457967500519885,0.8457967500519885
550.0,0.6430555555555556,2.823170731707317,-0.8559284886766552,0.8559284886766552
550.0,0.6444444444444445,2.829268292682927,-0.8657453955617037,0.8657453955617037
550.0,0.6458333333333334,2.8353658536585367,-0.8752433959820333,0.8752433959820333
550.0,0.6472222222222223,2.8414634146341466,-0.8844185312884022,0.8844185312884022
550.0,0.6486111111111111,2.847560975609756,-0.8932669597603821,0.8932669597603821
550.0,0.65,2.853658536585366,-0.9017849568655999,0.9017849568655999
