Q,segment_index,orientation_used_for_line_alignment,signed_overlap_with_previous_segment,line_overlap_with_previous_segment
522.25,1,1.0,nan,nan
522.25,2,-1.0,-0.9999857369383096,0.9999857369383096
522.25,3,1.0,-0.9999858406748718,0.9999858406748718
522.25,4,-1.0,-0.999985733605083,0.999985733605083
522.25,5,1.0,-0.9999858377863364,0.9999858377863364
522.25,6,-1.0,-0.9999857351675795,0.9999857351675795
522.25,7,1.0,-0.9999858417411465,0.9999858417411465
522.25,8,-1.0,-0.9999857352066395,0.9999857352066395
522.25,9,1.0,-0.9999858360042967,0.9999858360042967
522.25,10,-1.0,-0.9999857351892075,0.9999857351892075
522.25,11,1.0,-0.9999858391835121,0.9999858391835121
522.25,12,-1.0,-0.999985737303075,0.999985737303075
522.25,13,1.0,-0.9999858362548497,0.9999858362548497
522.25,14,-1.0,-0.9999857349507013,0.9999857349507013
522.25,15,1.0,-0.9999858374497684,0.9999858374497684
522.25,16,-1.0,-0.9999857383979257,0.9999857383979257
522.25,17,1.0,-0.999985837413196,0.999985837413196
522.25,18,-1.0,-0.9999857336399192,0.9999857336399192
522.25,19,1.0,-0.9999858373472956,0.9999858373472956
522.25,20,-1.0,-0.9999857363000118,0.9999857363000118
522.25,21,1.0,-0.9999858391154244,0.9999858391154244
522.25,22,-1.0,-0.9999857338908998,0.9999857338908998
522.25,23,1.0,-0.9999858371502534,0.9999858371502534
522.25,24,-1.0,-0.9999857348659986,0.9999857348659986
522.25,25,1.0,-0.999985839948123,0.999985839948123
522.25,26,-1.0,-0.9999857349168287,0.9999857349168287
522.25,27,1.0,-0.9999858359855096,0.9999858359855096
522.25,28,-1.0,-0.9999857349712525,0.9999857349712525
522.25,29,1.0,-0.9999858379632859,0.9999858379632859
522.25,30,-1.0,-0.9999857365926513,0.9999857365926513
522.25,31,1.0,-0.9999858358653942,0.9999858358653942
522.25,32,-1.0,-0.9999857352088024,0.9999857352088024
522.25,33,1.0,-0.9999858364232398,0.9999858364232398
522.25,34,-1.0,-0.9999857375972342,0.9999857375972342
522.25,35,1.0,-0.9999858363247881,0.9999858363247881
522.25,36,-1.0,-0.9999857346455705,0.9999857346455705
522.25,37,1.0,-0.9999858362543221,0.9999858362543221
522.25,38,-1.0,-0.9999857362118875,0.9999857362118875
522.25,39,1.0,-0.9999858374581403,0.9999858374581403
522.25,40,-1.0,-0.9999857346926755,0.9999857346926755
522.25,41,1.0,-0.999985836362558,0.999985836362558
522.25,42,-1.0,-0.9999857351263212,0.9999857351263212
522.25,43,1.0,-0.9999858380503649,0.9999858380503649
522.25,44,-1.0,-0.99998573519369,0.99998573519369
522.25,45,1.0,-0.9999858357801155,0.9999858357801155
522.25,46,-1.0,-0.9999857353124035,0.9999857353124035
522.25,47,1.0,-0.9999858366214911,0.9999858366214911
522.25,48,-1.0,-0.9999857364477055,0.9999857364477055
522.25,49,1.0,-0.9999858353265996,0.9999858353265996
522.25,50,-1.0,-0.9999857359857763,0.9999857359857763
522.25,51,1.0,-0.9999858352880355,0.9999858352880355
522.25,52,-1.0,-0.999985737352737,0.999985737352737
522.25,53,1.0,-0.9999858351386793,0.9999858351386793
522.25,54,-1.0,-0.9999857361413099,0.9999857361413099
522.25,55,1.0,-0.9999858350494837,0.9999858350494837
522.25,56,-1.0,-0.9999857366679059,0.9999857366679059
522.25,57,1.0,-0.9999858356972715,0.9999858356972715
522.25,58,-1.0,-0.9999857360197367,0.9999857360197367
522.25,59,1.0,-0.9999858354283564,0.9999858354283564
522.25,60,-1.0,-0.9999857359461638,0.9999857359461638
522.25,61,1.0,-0.9999858360288091,0.9999858360288091
522.25,62,-1.0,-0.9999857360424474,0.9999857360424474
522.25,63,1.0,-0.9999858354044574,0.9999858354044574
522.25,64,-1.0,-0.9999857362122564,0.9999857362122564
522.25,65,1.0,-0.9999858351456575,0.9999858351456575
522.25,66,-1.0,-0.9999857368637817,0.9999857368637817
522.25,67,1.0,-0.9999858346502163,0.9999858346502163
522.25,68,-1.0,-0.9999857372881263,0.9999857372881263
522.25,69,1.0,-0.999985834038473,0.999985834038473
522.25,70,-1.0,-0.9999857376464146,0.9999857376464146
522.25,71,1.0,-0.9999858338511882,0.9999858338511882
522.25,72,-1.0,-0.999985738145287,0.999985738145287
522.25,73,1.0,-0.9999858337307439,0.9999858337307439
522.25,74,-1.0,-0.9999857376575868,0.9999857376575868
522.25,75,1.0,-0.9999858338163741,0.9999858338163741
522.25,76,-1.0,-0.9999857378861474,0.9999857378861474
522.25,77,1.0,-0.9999858343482162,0.9999858343482162
522.25,78,-1.0,-0.9999857373253488,0.9999857373253488
522.25,79,1.0,-0.999985833863392,0.999985833863392
522.25,80,-1.0,-0.9999857374619253,0.9999857374619253
522.25,81,1.0,-0.999985834870441,0.999985834870441
522.25,82,-1.0,-0.9999857376734165,0.9999857376734165
522.25,83,1.0,-0.999985833527754,0.999985833527754
522.25,84,-1.0,-0.9999857378260785,0.9999857378260785
522.25,85,1.0,-0.9999858338428766,0.9999858338428766
522.25,86,-1.0,-0.999985739126335,0.999985739126335
522.25,87,1.0,-0.9999858326684895,0.9999858326684895
522.25,88,-1.0,-0.9999857384630864,0.9999857384630864
522.25,89,1.0,-0.9999858324591486,0.9999858324591486
522.25,90,-1.0,-0.9999857406788539,0.9999857406788539
522.25,91,1.0,-0.9999858322907411,0.9999858322907411
522.25,92,-1.0,-0.9999857391825075,0.9999857391825075
522.25,93,1.0,-0.999985831795371,0.999985831795371
522.25,94,-1.0,-0.9999857403102499,0.9999857403102499
522.25,95,1.0,-0.9999858331238055,0.9999858331238055
522.25,96,-1.0,-0.9999857392678498,0.9999857392678498
522.25,97,1.0,-0.9999858315265695,0.9999858315265695
522.25,98,-1.0,-0.9999857394593838,0.9999857394593838
522.25,99,1.0,-0.9999858341929162,0.9999858341929162
522.25,100,-1.0,-0.9999857396993003,0.9999857396993003
522.25,101,1.0,-0.999985831753381,0.999985831753381
522.25,102,-1.0,-0.9999857393310538,0.9999857393310538
522.25,103,1.0,-0.9999858329097154,0.9999858329097154
522.25,104,-1.0,-0.9999857415127757,0.9999857415127757
522.25,105,1.0,-0.9999858311735672,0.9999858311735672
522.25,106,-1.0,-0.9999857397889066,0.9999857397889066
522.25,107,1.0,-0.9999858309531763,0.9999858309531763
522.25,108,-1.0,-0.9999857437707035,0.9999857437707035
522.25,109,1.0,-0.9999858307217092,0.9999858307217092
522.25,110,-1.0,-0.9999857412442325,0.9999857412442325
522.25,111,1.0,-0.9999858296157164,0.9999858296157164
522.25,112,-1.0,-0.9999857433099026,0.9999857433099026
522.25,113,1.0,-0.9999858317522142,0.9999858317522142
522.25,114,-1.0,-0.9999857417857467,0.9999857417857467
522.25,115,1.0,-0.9999858289915323,0.9999858289915323
522.25,116,-1.0,-0.9999857420435846,0.9999857420435846
522.25,117,1.0,-0.9999858333802302,0.9999858333802302
522.25,118,-1.0,-0.9999857423027867,0.9999857423027867
522.25,119,1.0,-0.9999858298072664,0.9999858298072664
522.25,120,-1.0,-0.9999857413767012,0.9999857413767012
550.0,1,1.0,nan,nan
550.0,2,-1.0,-0.9999783159579185,0.9999783159579185
550.0,3,1.0,-0.999979225221567,0.999979225221567
550.0,4,-1.0,-0.9999782968436517,0.9999782968436517
550.0,5,1.0,-0.9999792105297008,0.9999792105297008
550.0,6,-1.0,-0.9999782773229374,0.9999782773229374
550.0,7,1.0,-0.9999791956414691,0.9999791956414691
550.0,8,-1.0,-0.999978257011963,0.999978257011963
550.0,9,1.0,-0.9999791827114929,0.9999791827114929
550.0,10,-1.0,-0.9999782370561511,0.9999782370561511
550.0,11,1.0,-0.9999791697859266,0.9999791697859266
550.0,12,-1.0,-0.9999782160558429,0.9999782160558429
550.0,13,1.0,-0.9999791566269055,0.9999791566269055
550.0,14,-1.0,-0.9999781949430194,0.9999781949430194
550.0,15,1.0,-0.9999791428481297,0.9999791428481297
550.0,16,-1.0,-0.9999781735428177,0.9999781735428177
550.0,17,1.0,-0.9999791272531336,0.9999791272531336
550.0,18,-1.0,-0.9999781549387311,0.9999781549387311
550.0,19,1.0,-0.9999791119355673,0.9999791119355673
550.0,20,-1.0,-0.9999781365464258,0.9999781365464258
550.0,21,1.0,-0.999979095314001,0.999979095314001
550.0,22,-1.0,-0.9999781181178963,0.9999781181178963
550.0,23,1.0,-0.9999790788511466,0.9999790788511466
550.0,24,-1.0,-0.9999780990968811,0.9999780990968811
550.0,25,1.0,-0.999979061804017,0.999979061804017
550.0,26,-1.0,-0.9999780773519158,0.9999780773519158
550.0,27,1.0,-0.9999790482344473,0.9999790482344473
550.0,28,-1.0,-0.999978055967143,0.999978055967143
550.0,29,1.0,-0.9999790348831347,0.9999790348831347
550.0,30,-1.0,-0.9999780332110724,0.9999780332110724
550.0,31,1.0,-0.9999790215833362,0.9999790215833362
550.0,32,-1.0,-0.9999780111174962,0.9999780111174962
550.0,33,1.0,-0.9999790075671814,0.9999790075671814
550.0,34,-1.0,-0.9999779883822664,0.9999779883822664
550.0,35,1.0,-0.999978989705839,0.999978989705839
550.0,36,-1.0,-0.9999779698701905,0.9999779698701905
550.0,37,1.0,-0.9999789720459499,0.9999789720459499
550.0,38,-1.0,-0.9999779518255234,0.9999779518255234
550.0,39,1.0,-0.9999789527302447,0.9999789527302447
550.0,40,-1.0,-0.9999779340497678,0.9999779340497678
550.0,41,1.0,-0.9999789344278682,0.9999789344278682
550.0,42,-1.0,-0.9999779156871647,0.9999779156871647
550.0,43,1.0,-0.9999789152728631,0.9999789152728631
550.0,44,-1.0,-0.9999778926374057,0.9999778926374057
550.0,45,1.0,-0.9999789010577544,0.9999789010577544
550.0,46,-1.0,-0.9999778697224685,0.9999778697224685
550.0,47,1.0,-0.9999788870952314,0.9999788870952314
550.0,48,-1.0,-0.9999778449786809,0.9999778449786809
550.0,49,1.0,-0.9999788735148449,0.9999788735148449
550.0,50,-1.0,-0.9999778218692124,0.9999778218692124
550.0,51,1.0,-0.9999788593039288,0.9999788593039288
550.0,52,-1.0,-0.9999777979655365,0.9999777979655365
550.0,53,1.0,-0.9999788393455423,0.9999788393455423
550.0,54,-1.0,-0.9999777798227195,0.9999777798227195
550.0,55,1.0,-0.999978819227253,0.999978819227253
550.0,56,-1.0,-0.9999777619878419,0.9999777619878419
550.0,57,1.0,-0.9999787968270304,0.9999787968270304
550.0,58,-1.0,-0.9999777447604369,0.9999777447604369
550.0,59,1.0,-0.9999787764788205,0.9999787764788205
550.0,60,-1.0,-0.9999777271149671,0.9999777271149671
550.0,61,1.0,-0.9999787552272953,0.9999787552272953
550.0,62,-1.0,-0.9999777029036728,0.9999777029036728
550.0,63,1.0,-0.9999787404409596,0.9999787404409596
550.0,64,-1.0,-0.9999776784247061,0.9999776784247061
550.0,65,1.0,-0.9999787257494034,0.9999787257494034
550.0,66,-1.0,-0.9999776514247979,0.9999776514247979
550.0,67,1.0,-0.9999787116508432,0.9999787116508432
550.0,68,-1.0,-0.999977627109507,0.999977627109507
550.0,69,1.0,-0.9999786971451992,0.9999786971451992
550.0,70,-1.0,-0.9999776020558074,0.9999776020558074
550.0,71,1.0,-0.9999786750395735,0.9999786750395735
550.0,72,-1.0,-0.9999775844275407,0.9999775844275407
550.0,73,1.0,-0.999978652379037,0.999978652379037
550.0,74,-1.0,-0.999977566854483,0.999977566854483
550.0,75,1.0,-0.9999786265913834,0.9999786265913834
550.0,76,-1.0,-0.9999775500707422,0.9999775500707422
550.0,77,1.0,-0.999978603916895,0.999978603916895
550.0,78,-1.0,-0.9999775331111598,0.9999775331111598
550.0,79,1.0,-0.9999785804772678,0.9999785804772678
550.0,80,-1.0,-0.9999775078333182,0.9999775078333182
550.0,81,1.0,-0.9999785652896453,0.9999785652896453
550.0,82,-1.0,-0.9999774818866299,0.9999774818866299
550.0,83,1.0,-0.9999785498417549,0.9999785498417549
550.0,84,-1.0,-0.9999774524592027,0.9999774524592027
550.0,85,1.0,-0.9999785350609708,0.9999785350609708
550.0,86,-1.0,-0.9999774267841527,0.9999774267841527
550.0,87,1.0,-0.9999785200828588,0.9999785200828588
550.0,88,-1.0,-0.9999774005729641,0.9999774005729641
550.0,89,1.0,-0.9999784957637341,0.9999784957637341
550.0,90,-1.0,-0.9999773837219086,0.9999773837219086
550.0,91,1.0,-0.9999784705831762,0.9999784705831762
550.0,92,-1.0,-0.9999773665648363,0.9999773665648363
550.0,93,1.0,-0.9999784411915508,0.9999784411915508
550.0,94,-1.0,-0.9999773501425581,0.9999773501425581
550.0,95,1.0,-0.9999784158702316,0.9999784158702316
550.0,96,-1.0,-0.9999773337033023,0.9999773337033023
550.0,97,1.0,-0.9999783900743545,0.9999783900743545
550.0,98,-1.0,-0.9999773073502473,0.9999773073502473
550.0,99,1.0,-0.9999783745822574,0.9999783745822574
550.0,100,-1.0,-0.9999772801030534,0.9999772801030534
550.0,101,1.0,-0.9999783584995418,0.9999783584995418
550.0,102,-1.0,-0.9999772482573774,0.9999772482573774
550.0,103,1.0,-0.9999783428420385,0.9999783428420385
550.0,104,-1.0,-0.9999772210238085,0.9999772210238085
550.0,105,1.0,-0.9999783270724475,0.9999783270724475
550.0,106,-1.0,-0.9999771935968896,0.9999771935968896
550.0,107,1.0,-0.9999783003726227,0.9999783003726227
550.0,108,-1.0,-0.999977177718246,0.999977177718246
550.0,109,1.0,-0.9999782726926202,0.9999782726926202
550.0,110,-1.0,-0.9999771612068559,0.9999771612068559
550.0,111,1.0,-0.9999782397100028,0.9999782397100028
550.0,112,-1.0,-0.9999771451838086,0.9999771451838086
550.0,113,1.0,-0.9999782115532525,0.9999782115532525
550.0,114,-1.0,-0.9999771290594313,0.9999771290594313
550.0,115,1.0,-0.9999781832028406,0.9999781832028406
550.0,116,-1.0,-0.9999771015059887,0.9999771015059887
550.0,117,1.0,-0.9999781673590068,0.9999781673590068
550.0,118,-1.0,-0.9999770730728736,0.9999770730728736
550.0,119,1.0,-0.999978150690628,0.999978150690628
550.0,120,-1.0,-0.9999770390101825,0.9999770390101825
