eta_phase,eta_kappa,lambda_per_reference_period,block_standard_error,second_minus_first_drift
0.0,0.0,-1.8849175507273532,0.0007695208124245096,0.0006686847354260284
0.0,0.0625,-0.04667379471607973,0.0003761388565924899,0.0021574964327703006
0.0,0.125,-0.046477290445351316,0.00037429302267601877,0.002122825185070662
0.0,0.1875,-0.046285065485479414,0.00037233446474890835,0.0020720576296331533
0.0,0.25,-0.04609714905344116,0.0003701042316061462,0.0020055793824030055
0.0,0.3125,-0.04591353272732986,0.00036744856142915505,0.0019239062055681905
0.0,0.375,-0.04573417012108702,0.00036422294633919086,0.0018276754597990885
0.0,0.4375,-0.045558974811015396,0.0003602960908907641,0.001717640805597699
0.0,0.5,-0.04538781814152736,0.00035555378008532185,0.0015946672022632002
0.0,0.5625,-0.04522052567464794,0.00034990308090809694,0.0014597289434191765
0.0,0.625,-0.04505687316513907,0.00034327697649086104,0.001313909186392688
0.0,0.6875,-0.04489658187062681,0.00033563965480016764,0.001158401527290867
0.0,0.75,-0.04473931325915497,0.00032699257443658973,0.000994513615894893
0.0,0.8125,-0.044584664054037576,0.0003173810992008473,0.0008236709997939407
0.0,0.875,-0.04443216125651387,0.00030690156106967,0.000647421943341206
0.0,0.9375,-0.044281258616369466,0.0002957078558436902,0.0004674402690235807
0.0,1.0,-0.04413133476066016,0.00028401643568866917,0.0002855257607222092
0.08333333333333333,0.0,-0.04280982159780575,0.00035160947426869627,0.002250060528332362
0.08333333333333333,0.0625,-0.042599215888901296,0.0003482334464582365,0.0023327104719232453
0.08333333333333333,0.125,-0.04239618782848628,0.0003453577982536384,0.002372494263577829
0.08333333333333333,0.1875,-0.04220051764960333,0.00034256709357905043,0.0023727821193920973
0.08333333333333333,0.25,-0.04201190484357684,0.0003394846814148378,0.0023370316178244754
0.08333333333333333,0.3125,-0.04182999092151233,0.00033578274875854016,0.002268708631642101
0.08333333333333333,0.375,-0.04165436976762249,0.00033118669495159017,0.0021712408698612365
0.08333333333333333,0.4375,-0.0414845900209032,0.00032547705998683545,0.002047994213424005
0.08333333333333333,0.5,-0.04132015235992726,0.00031849119323971086,0.0019022654181794774
0.08333333333333333,0.5625,-0.04116050359666211,0.0003101260444936111,0.0017372867186372584
0.08333333333333333,0.625,-0.041005029042074564,0.0003003428450580385,0.0015562386911261092
0.08333333333333333,0.6875,-0.0408530443769136,0.00028917397000749825,0.0013622681342824808
0.08333333333333333,0.75,-0.04070378832173383,0.00027673178583928135,0.0011585075816555948
0.08333333333333333,0.8125,-0.04055641751290305,0.0002632186874830002,0.0009480928594287966
0.08333333333333333,0.875,-0.0404100052600629,0.000248936594830908,0.0007341746264801843
0.08333333333333333,0.9375,-0.04026354602761745,0.00023429272976118452,0.000519919587236975
0.08333333333333333,1.0,-0.04011596757781191,0.0002197962967570181,0.00030849697781753366
0.16666666666666666,0.0,-0.03856039408605911,0.00033192637334927003,0.002342985414271942
0.16666666666666666,0.0625,-0.0383847935016117,0.000327497946288746,0.0022785333034969282
0.16666666666666666,0.125,-0.03821478706440282,0.0003220734697816031,0.0021877007228998657
0.16666666666666666,0.1875,-0.03805003030921288,0.0003154615342769461,0.0020726664066099063
0.16666666666666666,0.25,-0.037890106144932816,0.0003075162305294659,0.0019358207414660947
0.16666666666666666,0.3125,-0.03773451969165549,0.0002981437246236697,0.0017797375219539766
0.16666666666666666,0.375,-0.03758269198633519,0.00028731023374899573,0.0016071525067570605
0.16666666666666666,0.4375,-0.037433953563482836,0.0002750517524508655,0.0014209475662675872
0.16666666666666666,0.5,-0.037287539173186425,0.00026148549606231286,0.0012241382061420336
0.16666666666666666,0.5625,-0.03714258521770462,0.0002468224693518289,0.0010198612077504665
0.16666666666666666,0.625,-0.036998131790342524,0.00023137967704562576,0.0008113582204056918
0.16666666666666666,0.6875,-0.0368531314373271,0.0002155889792229626,0.0006019504708845227
0.16666666666666666,0.75,-0.03670646675871925,0.0001999970790300397,0.00039499966351225213
0.16666666666666666,0.8125,-0.036556978576982715,0.00018524737528287561,0.00019385089236332448
0.16666666666666666,0.875,-0.03640350545924514,0.00017203046225075852,1.7553002670048223e-06
0.16666666666666666,0.9375,-0.036244933817887875,0.00016099065205940703,-0.000178226594643352
0.16666666666666666,1.0,-0.036080255728458153,0.00015259084642964236,-0.00034333573035786463
0.25,0.0,-0.03447375981828494,0.00029201322769791265,0.0018015993758774412
0.25,0.0625,-0.03432366094911114,0.0002807717099685181,0.0016362592800161432
0.25,0.125,-0.0341764474727445,0.0002681004646765133,0.00145734770352611
0.25,0.1875,-0.03403137033071035,0.00025410928985424675,0.0012676774382326741
0.25,0.25,-0.03388757872445878,0.00023899824937488725,0.001070233627807081
0.25,0.3125,-0.03374412271504147,0.00022307069599832895,0.0008681512365113497
0.25,0.375,-0.033599962759666806,0.00020674390890994406,0.0006646827504562455
0.25,0.4375,-0.033453988297505816,0.00019055267372152483,0.0004631515849117737
0.25,0.5,-0.033305047078785045,0.0001751373799670364,0.00026688738004135987
0.25,0.5625,-0.03315198594375728,0.0001612031796979915,7.914127536891996e-05
0.25,0.625,-0.03299370213811619,0.00014943409716013063,-9.701752478226411e-05
0.25,0.6875,-0.03282920211820272,0.0001403563796088496,-0.0002588182984642612
0.25,0.75,-0.03265766253038832,0.0001341812951822978,-0.00040390829006235057
0.25,0.8125,-0.03247848626239148,0.00013070505129961086,-0.0005304613269716124
0.25,0.875,-0.032291345852353756,0.0001293430235444146,-0.00063726048054423
0.25,0.9375,-0.0320962075953378,0.00012929314160421498,-0.0007237417302033144
0.25,1.0,-0.03189333240405786,0.00012973650943473775,-0.0007899909675099584
0.3333333333333333,0.0,-0.03049829154622738,0.00021090721408571254,0.0008205350725499529
0.3333333333333333,0.0625,-0.030354033222322618,0.00019426169671927723,0.0006223516900091715
0.3333333333333333,0.125,-0.030207420773422696,0.00017794484588000347,0.0004271568004644531
0.3333333333333333,0.1875,-0.0300573126122246,0.00016261932100461928,0.0002382019609677953
0.3333333333333333,0.25,-0.029902586890530505,0.00014899770634948107,5.8631242718397425e-05
0.3333333333333333,0.3125,-0.029742196020492398,0.00013774392861961131,-0.00010862999315746497
0.3333333333333333,0.375,-0.029575226525509767,0.0001293229599616302,-0.00026099515556919986
0.3333333333333333,0.4375,-0.029400958123782704,0.00012384174715695953,-0.00039633350956916336
0.3333333333333333,0.5,-0.029218914622093348,0.00012097325189579209,-0.0005130697945295547
0.3333333333333333,0.5625,-0.02902889927408969,0.00012003420577133695,-0.0006102519912668802
0.3333333333333333,0.625,-0.02883100903301868,0.00012018117324001392,-0.0006875763604420743
0.3333333333333333,0.6875,-0.028625625346889155,0.00012061240597460859,-0.0007453652651780787
0.3333333333333333,0.75,-0.028413383005462995,0.00012069315469177795,-0.000784500971209013
0.3333333333333333,0.8125,-0.02819512199578802,0.00011999559395747455,-0.0008063254745301653
0.3333333333333333,0.875,-0.027971829466040127,0.00011828389597329414,-0.0008125206597990528
0.3333333333333333,0.9375,-0.027744579347254557,0.00011547585004135707,-0.0008049839648183212
0.3333333333333333,1.0,-0.027514476124938583,0.00011160026610890141,-0.0007857125887264782
0.41666666666666663,0.0,-0.026488868753642748,0.00012630948243016758,-0.0001673172561955684
0.41666666666666663,0.0625,-0.026317600358290387,0.00011941349941131038,-0.0003066264046365924
0.41666666666666663,0.125,-0.026138743979753194,0.00011535405146775814,-0.00042825012174161486
0.41666666666666663,0.1875,-0.02595201112826056,0.00011358550566655055,-0.0005310219781001491
0.41666666666666663,0.25,-0.025757400320705566,0.0001133014687970579,-0.0006144085262348789
0.41666666666666663,0.3125,-0.025555196044773073,0.00011365530880131996,-0.000678504315587497
0.41666666666666663,0.375,-0.025345945300350954,0.00011392867696296661,-0.0007239817633655637
0.41666666666666663,0.4375,-0.025130415488324787,0.0001136060206908872,-0.0007520035774311699
0.41666666666666663,0.5,-0.024909540017002324,0.00011237677318224219,-0.000764110595707912
0.41666666666666663,0.5625,-0.02468435902274365,0.00011010177487265082,-0.0007620999312263448
0.41666666666666663,0.625,-0.024455962046385525,0.0001067696391316695,-0.0007479071781183941
0.41666666666666663,0.6875,-0.024225437825361316,0.00010245579369151276,-0.0007235030507432225
0.41666666666666663,0.75,-0.02399383420628765,9.72888802864246e-05,-0.0006908105018595366
0.41666666666666663,0.8125,-0.023762129140558266,9.142530758684034e-05,-0.0006516442686394751
0.41666666666666663,0.875,-0.023531212161503185,8.503114747026195e-05,-0.0006076716575409598
0.41666666666666663,0.9375,-0.023301874778502756,7.827003269247028e-05,-0.0005603914453188898
0.41666666666666663,1.0,-0.023074807805343076,7.129565827513369e-05,-0.0005111269317809759
0.5,0.0,-0.022269665586286163,0.00010867570071918812,-0.0006790905206247658
0.5,0.0625,-0.022055983395780483,0.00010853027229927778,-0.0007104848091374905
0.5,0.125,-0.021836808772554856,0.00010756327877758094,-0.0007259323403385962
0.5,0.1875,-0.021613155085061366,0.00010559865997224221,-0.000727156621312959
0.5,0.25,-0.021386095630013865,0.00010259827200814592,-0.0007160407862972402
0.5,0.3125,-0.021156712558823024,9.86192542298877e-05,-0.0006945226611460367
0.5,0.375,-0.020926055257212906,9.37784910533421e-05,-0.0006645089215816212
0.5,0.4375,-0.02069510951012846,8.822543138759356e-05,-0.0006278110414634427
0.5,0.5,-0.02046477714742754,8.212257056321547e-05,-0.0005861024433468816
0.5,0.5625,-0.02023586480258382,7.563224787173828e-05,-0.0005408941287258079
0.5,0.625,-0.02000907990313015,6.890832182857636e-05,-0.0004935250320018299
0.5,0.6875,-0.019785031920472287,6.20914235730242e-05,-0.0004451631553057424
0.5,0.75,-0.01956423708269536,5.5306708454071004e-05,-0.00039681388982626756
0.5,0.8125,-0.019347125060976206,4.8663257498940544e-05,-0.0003493325408343191
0.5,0.875,-0.019134046480655306,4.2254491315973026e-05,-0.00030343875270111634
0.5,0.9375,-0.01892528042335756,3.615913538583023e-05,-0.00025973115959924964
0.5,1.0,-0.01872104134906167,3.044241469047437e-05,-0.000218701111552963
0.5833333333333333,0.0,-0.017849694686318165,9.053197371907284e-05,-0.0006406294371789009
0.5833333333333333,0.0625,-0.017619499545869353,8.517943780289792e-05,-0.0006054690764689119
0.5833333333333333,0.125,-0.01738983922575064,7.927522572055188e-05,-0.0005652607380879672
0.5833333333333333,0.1875,-0.01716152385978421,7.297988488434627e-05,-0.000521510431036442
0.5833333333333333,0.25,-0.016935265819905947,6.644627606992847e-05,-0.0004755550845447383
0.5833333333333333,0.3125,-0.016711680436620725,5.9814551683379223e-05,-0.00042856262362805583
0.5833333333333333,0.375,-0.01649129029796447,5.320970587342954e-05,-0.00038153944859613265
0.5833333333333333,0.4375,-0.016274531633677144,4.67408324600159e-05,-0.0003353423304669305
0.5833333333333333,0.5,-0.016061761622172852,4.0501440080587664e-05,-0.00029069239393572296
0.5833333333333333,0.5625,-0.015853265769484034,3.457035263230127e-05,-0.0002481894811846609
0.5833333333333333,0.625,-0.015649264771740445,2.9012864183344838e-05,-0.00020832571336797806
0.5833333333333333,0.6875,-0.015449920476936961,2.3881923824158045e-05,-0.0001714974739004914
0.5833333333333333,0.75,-0.015255340710932853,1.9219202838149814e-05,-0.00013801533491041192
0.5833333333333333,0.8125,-0.015065582835872698,1.5055950301440086e-05,-0.00010811165336050213
0.5833333333333333,0.875,-0.014880655977599494,1.1413579863495046e-05,-8.194569837733506e-05
0.5833333333333333,0.9375,-0.014700521903175725,8.303955766877881e-06,-5.960625816953634e-05
0.5833333333333333,1.0,-0.014525094560592753,5.729366260602809e-06,-4.111173393987928e-05
0.6666666666666666,0.0,-0.013412446481106396,5.100032750136275e-05,-0.0003655375319862684
0.6666666666666666,0.0625,-0.013196338821007085,4.46893889585283e-05,-0.0003204889364835685
0.6666666666666666,0.125,-0.012984203795426091,3.861014711265897e-05,-0.0002770040272047254
0.6666666666666666,0.1875,-0.012776327148422938,3.284045364471992e-05,-0.0002356751380814051
0.6666666666666666,0.25,-0.012572930192886942,2.7444702569596993e-05,-0.00019698752659792762
0.6666666666666666,0.3125,-0.012374175679460843,2.2474991624265423e-05,-0.00016133114822963236
0.6666666666666666,0.375,-0.012180172548175171,1.797216874393553e-05,-0.0001290104082468605
0.6666666666666666,0.4375,-0.011990979428537439,1.3966669904569749e-05,-0.00010025161378639409
0.6666666666666666,0.5,-0.01180660682177407,1.047909121864515e-05,-7.520798331872754e-05
0.6666666666666666,0.5625,-0.011627017943367879,7.520463893785694e-06,-5.3962157377650255e-05
0.6666666666666666,0.625,-0.011452128235048473,5.092222340038621e-06,-3.65262136641422e-05
0.6666666666666666,0.6875,-0.011281803582270367,3.185886193205889e-06,-2.283923984544231e-05
0.6666666666666666,0.75,-0.011115857304772877,1.7825588656164723e-06,-1.2762576024599043e-05
0.6666666666666666,0.8125,-0.010954046032735084,8.526583715158933e-07,-6.0729232077404854e-06
0.6666666666666666,0.875,-0.010796064648107038,3.5676193680105145e-07,-2.453641601505782e-06
0.6666666666666666,0.9375,-0.010641540568558178,2.3159236257061583e-07,-1.4847504723677907e-06
0.6666666666666666,1.0,-0.010490027787760831,3.801163338304561e-07,-2.6324048106093206e-06
0.75,0.0,-0.009101901977354356,1.6639712882158132e-05,-0.00011940790859752727
0.75,0.0625,-0.008913590090492415,1.280454323138538e-05,-9.188088677924457e-05
0.75,0.125,-0.00873008776507564,9.48602172557353e-06,-6.805915855634392e-05
0.75,0.1875,-0.008551356149174164,6.693801444423586e-06,-4.8015189303292e-05
0.75,0.25,-0.00837730859954953,4.42791320410602e-06,-3.1750652856604375e-05
0.75,0.3125,-0.008207808792406351,2.6784459125617503e-06,-1.919378219764588e-05
0.75,0.375,-0.008042667615617623,1.42512630262489e-06,-1.0194409896656376e-05
0.75,0.4375,-0.007881638956381337,6.37466316851204e-07,-4.516899011132447e-06
0.75,0.5,-0.007724414567130245,2.7494714579198907e-07,-1.8312964022776032e-06
0.75,0.5625,-0.007570618292759289,2.587455118827216e-07,-1.7032332573566067e-06
0.75,0.625,-0.007419800081398432,5.087986055250799e-07,-3.5833670632657785e-06
0.75,0.6875,-0.007271430383403415,9.548320447724436e-07,-6.79751412275241e-06
0.75,0.75,-0.007124895766498486,1.4862309315602872e-06,-1.0539057181368529e-05
0.75,0.8125,-0.006979496824547588,1.980345671807326e-06,-1.3865700049475911e-05
0.75,0.875,-0.006834449700102756,2.3132814067897935e-06,-1.570311443914972e-05
0.75,0.9375,-0.006688892718761311,2.39286814941635e-06,-1.485836842655009e-05
0.75,1.0,-0.006541899661402962,2.28630313770504e-06,-1.0046071795231752e-05
0.8333333333333333,0.0,-0.004968460750040955,1.0894130998334604e-06,-7.780703502480862e-06
0.8333333333333333,0.0625,-0.004808430971302039,4.56176510178669e-07,-3.194385794541045e-06
0.8333333333333333,0.125,-0.004652158851310421,2.3368395754100235e-07,-1.5050305342129144e-06
0.8333333333333333,0.1875,-0.004499260280740552,3.3042654252920054e-07,-2.2581153927446126e-06
0.8333333333333333,0.25,-0.004349276461942706,6.876913035472071e-07,-4.882477107226446e-06
0.8333333333333333,0.3125,-0.004201668378177571,1.2194498640814701e-06,-8.680605947128904e-06
0.8333333333333333,0.375,-0.004055812592572624,1.8120735109775356e-06,-1.2821449879549945e-05
0.8333333333333333,0.4375,-0.003910999485821883,2.342386431896241e-06,-1.6337864634354514e-05
0.8333333333333333,0.5,-0.0037664352814097135,2.6880896061899526e-06,-1.8131313305793425e-05
0.8333333333333333,0.5625,-0.003621249373538756,2.764592320607421e-06,-1.6986740196341804e-05
0.8333333333333333,0.625,-0.0034745084776633523,2.65785670393608e-06,-1.1600542550832017e-05
0.8333333333333333,0.6875,-0.0033252388595254815,2.986900435283106e-06,-6.240277386406617e-07
0.8333333333333333,0.75,-0.0031724572646507627,4.727694701467484e-06,1.727652872674087e-05
0.8333333333333333,0.8125,-0.003015210114544847,8.071131673425748e-06,4.334421919723183e-05
0.8333333333333333,0.875,-0.002852619111837951,1.2900910070691221e-05,7.864406840474465e-05
0.8333333333333333,0.9375,-0.0026839298100513106,1.919069019108887e-05,0.00012397081671743646
0.8333333333333333,1.0,-0.0025085583157749944,2.6930040506217946e-05,0.0001797616602103127
0.9166666666666666,0.0,-0.0009866591668483743,2.1746957524034807e-06,-1.534397096777094e-05
0.9166666666666666,0.0625,-0.0008424314704047228,2.7249178357525637e-06,-1.8912799236404433e-05
0.9166666666666666,0.125,-0.0006983042367170771,3.0631352870537397e-06,-2.0471089963629415e-05
0.9166666666666666,0.1875,-0.0005533946066011678,3.117808843661223e-06,-1.877780028802388e-05
0.9166666666666666,0.25,-0.0004067600945214933,3.013665009817429e-06,-1.250953295330639e-05
0.9166666666666666,0.3125,-0.00025742230372452957,3.428564400095114e-06,-3.069891447277074e-07
0.9166666666666666,0.375,-0.00010439937227257025,5.33275024119621e-06,1.9161914494541008e-05
0.9166666666666666,0.4375,5.325350353461203e-05,8.903394691644367e-06,4.712369942275581e-05
0.9166666666666666,0.5,0.00021639759629726743,1.4015916555675194e-05,8.461012481908055e-05
0.9166666666666666,0.5625,0.0003857619394139127,2.0628122291765368e-05,0.0001323656641638774
0.9166666666666666,0.625,0.0005618974119151857,2.8713824631162144e-05,0.00019076178998576144
0.9166666666666666,0.6875,0.0007451392388726274,3.820980011897081e-05,0.00025972934760719346
0.9166666666666666,0.75,0.0009355830547703308,4.899668467845107e-05,0.0003387192969297499
0.9166666666666666,0.8125,0.0011330780539699596,6.089644884954998e-05,0.0004266987922391499
0.9166666666666666,0.875,0.0013372382696226082,7.367951565859434e-05,0.0005221845328610931
0.9166666666666666,0.9375,0.001547470275484316,8.707808818589993e-05,0.0006233097467418657
0.9166666666666666,1.0,0.0017630132881895626,0.0001008029415060234,0.0007279164582536871
1.0,0.0,0.0029644987702766453,6.11146934382935e-06,2.263691147330691e-05
1.0,0.0625,0.0031228448202580555,9.998670422458393e-06,5.295521007890689e-05
1.0,0.125,0.00328686102704419,1.547000929082967e-05,9.310865914808958e-05
1.0,0.1875,0.003457241534477473,2.247266580772703e-05,0.0001437713497926766
1.0,0.25,0.0036344930559221974,3.0964817485069435e-05,0.00020522604753962174
1.0,0.3125,0.0038188998917435906,4.086618114192841e-05,0.0002773016547015965
1.0,0.375,0.0040105034769896426,5.204055862998889e-05,0.0003593409748549798
1.0,0.4375,0.004209099502359894,6.429465429030538e-05,0.0004502047846290068
1.0,0.5,0.004414253047540637,7.738637612625564e-05,0.0005483129380181246
1.0,0.5625,0.004625329450229484,9.103902556916898e-05,0.0006517177197549193
1.0,0.625,0.004841536488682822,0.00010495850061824023,0.0007582002963430288
1.0,0.6875,0.005061972352210076,0.0001188509264638003,0.0008653788364862388
1.0,0.75,0.005285673927552784,0.0001324385896970361,0.0009708169239930212
1.0,0.8125,0.005511660914868342,0.00014547273795131988,0.0010721228239070077
1.0,0.875,0.005738972785726728,0.00015774257449432515,0.0011670331542127169
1.0,0.9375,0.005966697172090632,0.00016908046082043398,0.0012534776951121313
1.0,1.0,0.006193989609193348,0.00017936382998553417,0.0013296247957210105
