period,full_rms_half_separation_x,full_smoothed_amplitude,full_fit_mask,replay_local_log_factor,replay_cumulative_lambda,mean_local_log_factor,mean_cumulative_lambda
1.0,3.676515801877278e-07,2.3293857212883845e-07,0,-1.8420123642617448,-1.8420123642617448,-1.8424457666794445,-1.8424457666794445
2.0,5.168207418193941e-08,1.6056764247792898e-07,0,-1.8800240725192918,-1.8610182183905182,-1.880760704492556,-1.8616032355860002
3.0,1.0056045899069513e-08,8.824435525143966e-08,0,-1.9231711999478869,-1.881735878909641,-1.920560389827916,-1.8812556203333053
4.0,5.796931933180491e-09,1.585622253806811e-08,0,-1.9304996425402077,-1.8939268198172827,-1.9287967544314704,-1.8931409038578466
5.0,6.035144055281002e-09,6.728359947201589e-09,0,-1.8879326030350259,-1.8927279764608316,-1.887191970292579,-1.891951117144793
6.0,5.71091662087013e-09,5.920087978329209e-09,0,-1.8424448514076581,-1.884347455618636,-1.841016403782729,-1.8834619982511158
7.0,6.042761227606803e-09,5.93404564248141e-09,1,-1.8423421045399473,-1.8783466911788231,-1.8414577409973334,-1.8774613900720039
8.0,6.014686054707622e-09,5.9801479957416705e-09,1,-1.8826031435373474,-1.8788787477236386,-1.8810653448025474,-1.8779118844133218
9.0,5.866720253941493e-09,6.018272048956124e-09,1,-1.9243604608476503,-1.8839322714040843,-1.922444415066171,-1.8828599433747495
10.0,6.265655821582303e-09,6.054610998216743e-09,1,-1.9290203297449948,-1.8884410772381752,-1.9281345010542486,-1.8873873991426993
11.0,5.901536886942395e-09,6.094242261189674e-09,1,-1.8855801462936859,-1.8881809926068582,-1.8853813580922267,-1.8872050317744746
12.0,6.2244559739098986e-09,6.129706513909611e-09,1,-1.840981755599862,-1.8842477228562753,-1.8401763754883065,-1.8832859770839605
13.0,6.212842369572275e-09,6.169280277890827e-09,1,-1.8439404799484507,-1.8811471657095196,-1.842906554100092,-1.8801798676236632
14.0,6.044041517541182e-09,6.207332321100539e-09,1,-1.8846960239069732,-1.881400655580766,-1.8827226416098555,-1.8803614943369626
15.0,6.4635246414883825e-09,6.244655243283181e-09,1,-1.9249328252376618,-1.8843028002245592,-1.9228905735363249,-1.8831967662835867
16.0,6.091797102990954e-09,6.285598537921303e-09,1,-1.928186513093152,-1.8870455322788462,-1.927433438900215,-1.885961558322126
17.0,6.4110705848231065e-09,6.322225424972092e-09,1,-1.8834675255692332,-1.886835061295928,-1.8835603325585981,-1.885820309747801
18.0,6.417558842762885e-09,6.362985985359804e-09,1,-1.8405570681689887,-1.8842640616777646,-1.839425877227858,-1.8832428412744708
19.0,6.227175952795129e-09,6.402373949913991e-09,1,-1.8454908512479171,-1.8822233663919832,-1.8439163516980892,-1.8811730260336088
20.0,6.6673274434269445e-09,6.440805107932587e-09,1,-1.8852003489703866,-1.8823722155209033,-1.8844198747613172,-1.8813353684699945
21.0,6.288736925761882e-09,6.48308989759082e-09,1,-1.9259358417086023,-1.8844466739107937,-1.9246726130399514,-1.8833990467828496
22.0,6.603226374916094e-09,6.520910001736031e-09,1,-1.9273354314036684,-1.8863961628877426,-1.9264819384789347,-1.8853573600417626
23.0,6.628982791054045e-09,6.5628826327254905e-09,1,-1.8818751879474422,-1.8861995987599034,-1.8815579340088107,-1.8851921676055472
24.0,6.416276473521184e-09,6.603617110178159e-09,1,-1.838969377072303,-1.8842316728562534,-1.838803580916749,-1.8832593098268473
25.0,6.877190598374242e-09,6.643156631655095e-09,1,-1.8463422814950594,-1.8827160972018058,-1.8445444171504968,-1.881710714119793
26.0,6.4924093130252286e-09,6.686737435208114e-09,1,-1.8879487772397432,-1.8829173541263418,-1.8861333383008156,-1.8818808150498325
27.0,6.800923982300773e-09,6.725770326552157e-09,1,-1.9268968875009758,-1.8845462257328096,-1.9252909541642065,-1.8834885979799945
28.0,6.846886808819141e-09,6.768955360279313e-09,1,-1.9266563449366416,-1.886050158561518,-1.925533041219772,-1.8849901852385578
29.0,6.611440930241399e-09,6.811065978320576e-09,1,-1.8792317848530584,-1.8858150422267435,-1.8797737724535233,-1.8848103089356256
30.0,7.0931157670100204e-09,6.8517364180260434e-09,1,-1.8381239610719522,-1.8842253395215838,-1.837650290567088,-1.8832383083233413
31.0,6.702962403231539e-09,6.8968198970064765e-09,1,-1.8477997504797212,-1.8830503205202334,-1.8457067275223928,-1.8820276121684718
32.0,7.0042761808281104e-09,6.93710544936552e-09,1,-1.8896679957235787,-1.8832571228703379,-1.8874468237876159,-1.88219696253157
33.0,7.0723042037213075e-09,6.981555367169638e-09,1,-1.9283326808741805,-1.8846230488704543,-1.9262696062897293,-1.8835324971909082
34.0,6.812868692036621e-09,7.025122098309147e-09,1,-1.9258197767310599,-1.8858347173369427,-1.9247178252045434,-1.88474383036778
35.0,7.315365356030611e-09,7.066997970438495e-09,1,-1.8772772632374424,-1.8855902186483855,-1.8780663033868676,-1.884553043882611
36.0,6.92079605892908e-09,7.113487769678378e-09,1,-1.83838912747344,-1.8842790772268592,-1.8371772637816464,-1.8832370499909175
37.0,7.213655541474849e-09,7.155115560047242e-09,1,-1.8482556416504587,-1.8833054708599293,-1.8469315697429514,-1.8822558207950264
38.0,7.304753199920725e-09,7.20088604515571e-09,1,-1.891976618752056,-1.8835336589623537,-1.8892114556858335,-1.8824388638184688
39.0,7.02100764388094e-09,7.245961225915825e-09,1,-1.928980289804751,-1.8846989571890818,-1.9272155542677334,-1.8835869840863988
40.0,7.544217781572952e-09,7.289073298594637e-09,1,-1.924365461901814,-1.8856906198069001,-1.923878835184418,-1.8845942803638494
41.0,7.146171962729659e-09,7.337059505197292e-09,1,-1.8753128429244315,-1.8854375032975716,-1.8758882325222213,-1.8843819377335655
42.0,7.429215904868909e-09,7.380055685299915e-09,1,-1.8369658233964976,-1.8842834156808794,-1.8366726720624118,-1.8832460028366331
43.0,7.544684232933999e-09,7.427168108184189e-09,1,-1.8502675367229955,-1.8834923487283703,-1.8489700642264886,-1.8824488879852346
44.0,7.235988544394056e-09,7.473789270147484e-09,1,-1.8936707722234078,-1.8837236765350758,-1.891250885229626,-1.8826489333771526
45.0,7.779779895994317e-09,7.518169721009623e-09,1,-1.9290943143530455,-1.8847319129310307,-1.9282316958206283,-1.8836618836536743
46.0,7.379277772546141e-09,7.56767544396388e-09,1,-1.9229925377445767,-1.8855636656443686,-1.923353513071588,-1.8845247451627594
47.0,7.651118159179596e-09,7.612080556328669e-09,1,-1.87254665178141,-1.8852867079026034,-1.8742383577466997,-1.8843058858560346
48.0,7.792212847705287e-09,7.66055595480309e-09,1,-1.8369802033775329,-1.8842803223916647,-1.836398799567201,-1.8833078215583507
49.0,7.458014106218e-09,7.708763256682783e-09,1,-1.851480267866791,-1.88361093352381,-1.8497006892794026,-1.8826219617159232
50.0,8.022156888366422e-09,7.754445289354332e-09,1,-1.8959665941878814,-1.8838580467370916,-1.893013246422404,-1.8828297874100528
51.0,7.620314281944612e-09,7.805519593895109e-09,1,-1.9308423634435317,-1.8847793078489825,-1.9289666531049299,-1.8837344318354428
52.0,7.87952832253734e-09,7.851389525841172e-09,1,-1.9210782720526556,-1.8854773648528993,-1.9224819146931313,-1.8844795757365522
53.0,8.047584370409167e-09,7.9012782352563e-09,1,-1.8706590128416305,-1.8851977733055167,-1.8727421860362214,-1.884258115553527
54.0,7.687363765948312e-09,7.951136108038328e-09,1,-1.8363055057928643,-1.8842923609441713,-1.8363561133897546,-1.8833710414393832
55.0,8.27160043544207e-09,7.998158121940397e-09,1,-1.8526845176889268,-1.8837176728849852,-1.850765577197458,-1.8827782148168029
56.0,7.869603645854752e-09,8.050838416304748e-09,1,-1.8977094009818236,-1.8839675251724286,-1.8947653263427293,-1.882992270379766
57.0,8.114638392047678e-09,8.098219358011594e-09,1,-1.9309752886507379,-1.8847922227773113,-1.929810096018719,-1.8838136357418527
58.0,8.310985842230928e-09,8.149542885181008e-09,1,-1.919713128965516,-1.8853943073667632,-1.9216049119821041,-1.8844652094701329
59.0,7.924268474482537e-09,8.201094201511196e-09,1,-1.8689028167485155,-1.8851147905766232,-1.8712476136928076,-1.8842411824230594
60.0,8.528218071289144e-09,8.249502320388354e-09,1,-1.8360412634568295,-1.8842968984579602,-1.8362724359828155,-1.883441703315722
61.0,8.12736022750569e-09,8.303834455460008e-09,1,-1.8547259863845296,-1.883812129407576,-1.8521634870804826,-1.8829289456725216
62.0,8.356678986433466e-09,8.352779717136973e-09,1,-1.8990092088296073,-1.8840572435918024,-1.8965004913343118,-1.8831478415702922
63.0,8.582646517589206e-09,8.405587078370527e-09,1,-1.931956186443843,-1.8848175442719934,-1.9305515198334333,-1.8839002809078023
64.0,8.16899478286736e-09,8.458893241997583e-09,1,-1.918802985968265,-1.8853485667984977,-1.9204820710035944,-1.884471871378049
65.0,8.792254877456913e-09,8.50874527869964e-09,1,-1.8668656154984196,-1.8850642137015736,-1.8696531823736104,-1.8842438915472115
66.0,8.39389104564097e-09,8.564791521343585e-09,1,-1.836304329978972,-1.8843254275845644,-1.83625240427758,-1.8835167478007018
67.0,8.605939169943745e-09,8.615385236822084e-09,1,-1.8555575053658167,-1.8838960556111504,-1.8537235565182997,-1.8830720733039497
68.0,8.86287773080893e-09,8.669730610015295e-09,1,-1.901124709629208,-1.8841494181702396,-1.8979678053998674,-1.8832911281877132
69.0,8.42196336025986e-09,8.724858498206537e-09,1,-1.9326253483244507,-1.8848519678826194,-1.930906858888014,-1.883981211241341
70.0,9.063981743422969e-09,8.776205107452505e-09,1,-1.9165614259655905,-1.8853049601409477,-1.9191056368394213,-1.8844829887498848
71.0,8.669530486597176e-09,8.83401874366341e-09,1,-1.86504866555568,-1.8850196602172116,-1.8680355152264485,-1.8842513341932166
72.0,8.862672216173587e-09,8.88630803617189e-09,1,-1.8355165607603259,-1.8843321171691996,-1.8363194807278398,-1.8835856140061975
73.0,9.151945911863453e-09,8.94223244878127e-09,1,-1.857285482973923,-1.8839616153309082,-1.8553979776107175,-1.88319948200078
74.0,8.683409822802268e-09,8.999242032064423e-09,1,-1.9031223525074363,-1.8842205442116722,-1.8998681947849423,-1.8834247348762416
75.0,9.34360380646987e-09,9.052142239844299e-09,1,-1.9330707848912125,-1.884871880754066,-1.9314011015914305,-1.8840644197657774
76.0,8.954578403012939e-09,9.111752898201214e-09,1,-1.9155209544664897,-1.885275158039756,-1.9176912113504256,-1.884506877549786
77.0,9.127173255072966e-09,9.165800595886897e-09,1,-1.8627612857244433,-1.8849827700876092,-1.8669252623388481,-1.8842785448847086
78.0,9.449999203648024e-09,9.22334168633363e-09,1,-1.835646597392966,-1.8843502550530626,-1.835636408461363,-1.8836549277510761
79.0,8.953648311230691e-09,9.282289023019668e-09,1,-1.859267988476983,-1.8840327580077956,-1.8574518682685428,-1.883323243453829
80.0,9.631309258703529e-09,9.336753890313656e-09,1,-1.9043885821217352,-1.8842872058092197,-1.9015693690461957,-1.8835513200237337
81.0,9.249315086443125e-09,9.398222604670161e-09,1,-1.9332656229374563,-1.8848918776256178,-1.9320516686689804,-1.8841500897600947
82.0,9.39949759154291e-09,9.454087657177046e-09,1,-1.913766160126683,-1.885244003021972,-1.9161368806770578,-1.884540172576155
83.0,9.757342775430553e-09,9.513284560564414e-09,1,-1.8606342687812174,-1.8849475001997942,-1.8644233599685884,-1.8842978013399192
84.0,9.232973573765112e-09,9.57421765726832e-09,1,-1.8361682731395699,-1.884366795115744,-1.8355293068456078,-1.8837172240245108
85.0,9.92729377564037e-09,9.630335948143232e-09,1,-1.8603346833521512,-1.8840840643891137,-1.859030970934639,-1.8834267975175711
86.0,9.553980569962651e-09,9.693702518172683e-09,1,-1.9063446007070275,-1.8843429078346707,-1.9033035149879323,-1.8836579221393195
87.0,9.68008904591748e-09,9.751445086288701e-09,1,-1.9336727993221574,-1.8849099180816533,-1.9319540367123522,-1.8842130498930323
88.0,1.0074175625577807e-08,9.812335464842347e-09,1,-1.9116327903009063,-1.8852135870841449,-1.9144496581731076,-1.884556647714397
89.0,9.52168641434519e-09,9.875337766168674e-09,1,-1.8593899541903396,-1.8849234339055627,-1.8625441221476515,-1.884309315966456
90.0,1.0231745668408606e-08,9.933159828252971e-09,1,-1.8362629205345289,-1.8843827615347732,-1.8355087823634975,-1.8837670878153119
91.0,9.868992076594287e-09,9.998491274920186e-09,1,-1.862487354789923,-1.8841421526694453,-1.8606593589071698,-1.8835131567284091
92.0,9.96919935633896e-09,1.0058196192958896e-08,1,-1.9081891827605746,-1.8844035334313052,-1.9050249694232833,-1.8837469807794405
93.0,1.0400832858913887e-08,1.0120866637295387e-08,1,-1.9331028568059287,-1.8849271820697422,-1.9323700277464242,-1.8842698092414512
94.0,9.820211004538737e-09,1.018598287970616e-08,1,-1.9097671454939944,-1.8851914369997873,-1.912295032232815,-1.884567949911572
95.0,1.0545097890091057e-08,1.0245554241109889e-08,1,-1.8573257742901574,-1.8848981142344228,-1.860073023098683,-1.8843101085766996
96.0,1.0194573288648156e-08,1.0312876479899724e-08,1,-1.8365057181479187,-1.8843940267751884,-1.8354821684156633,-1.8838014842000221
97.0,1.0267056163357606e-08,1.0374598388322911e-08,1,-1.8642769935753276,-1.8841866346803442,-1.8623474632981927,-1.8835803087268073
98.0,1.073744405286307e-08,1.0439056372797576e-08,1,-1.909567365562478,-1.884445621730162,-1.906742779490458,-1.8838166604692936
99.0,1.0128820546654669e-08,1.050636247225589e-08,1,-1.9335680907337538,-1.8849418082857539,-1.9332906212296264,-1.8843163974466706
100.0,1.086738781246439e-08,1.0567749611593962e-08,1,-1.9078018721450314,-1.8851704089243466,-1.9104743527457664,-1.8845779769996616
101.0,1.0531103785939713e-08,1.0637144714443994e-08,1,-1.8556550281781576,-1.88487817743181,-1.8581338473885405,-1.8843161539342048
102.0,1.0573991860047967e-08,1.0700963420182885e-08,1,-1.8369471303702793,-1.8844082652057166,-1.8356368861567802,-1.8838389062108967
103.0,1.1084419567113224e-08,1.0767271216365597e-08,1,-1.8658027119287017,-1.884227628766134,-1.8635028563062923,-1.8836414688331822
104.0,1.0447914075349119e-08,1.0836833446629842e-08,1,-1.911803122589405,-1.8844927777452039,-1.9084320387784384,-1.8838798396980405
105.0,1.1198926793377957e-08,1.0900103358234266e-08,1,-1.9334950261509254,-1.8849594658252584,-1.933086100170652,-1.8843484707501605
106.0,1.0878914937260932e-08,1.0971614967508875e-08,1,-1.9063690956395747,-1.8851614434650161,-1.908578637516927,-1.8845770572290923
107.0,1.0890341418070101e-08,1.103760158016284e-08,1,-1.8541994946726434,-1.8848720794576108,-1.8563801491660328,-1.88431353472383
108.0,1.1441977613486267e-08,1.1105818093469886e-08,1,-1.8372281636125074,-1.8844309320886747,-1.8359732287648618,-1.883865939298284
109.0,1.0777847138618945e-08,1.1177712257522014e-08,1,-1.8683917767064997,-1.8842837838741593,-1.8652282284290245,-1.8836949511251717
110.0,1.1540009359913187e-08,1.1242932110453179e-08,1,-1.9129447079983077,-1.8845443377298334,-1.909650709028056,-1.8839309125606525
111.0,1.1238385757521572e-08,1.131662107450137e-08,1,-1.933844161067747,-1.8849884802824273,-1.9331479053348815,-1.8843743088919518
112.0,1.1216440682725924e-08,1.138486504332894e-08,1,-1.9046624830807253,-1.8851641410216977,-1.9066272767891337,-1.8845729961053195
113.0,1.1810422433727216e-08,1.1455045759007407e-08,1,-1.8526194589309686,-1.8848761349854968,-1.854571731154453,-1.8843074981854004
114.0,1.1119066982756791e-08,1.1529339876431157e-08,1,-1.8388682860226224,-1.8844725573630154,-1.8363026417215087,-1.8838864029532612
115.0,1.1890912938305527e-08,1.1596564142137758e-08,1,-1.8687355478725267,-1.8843357138022285,-1.8666236296961503,-1.8837362918814602
116.0,1.1609856344640314e-08,1.1672491852052926e-08,1,-1.9143892124983457,-1.88459479568754,-1.911286318534566,-1.8839737921112283
117.0,1.1552562011258941e-08,1.1743060852126347e-08,1,-1.9338931446003855,-1.8850161490970514,-1.9331206304025814,-1.884393850558163
118.0,1.2190060983303043e-08,1.1815262895453352e-08,1,-1.9027538664992472,-1.885166468736053,-1.9053157445787814,-1.8845711547447785
119.0,1.1471911983123904e-08,1.1892032755760193e-08,1,-1.8519830720085633,-1.8848876166627127,-1.8528323473515136,-1.8843044420776083
120.0,1.2251923154940554e-08,1.1961360407371433e-08,1,-1.8375670974831735,-1.884493279002883,-1.8367165370446188,-1.8839078762023334
121.0,1.1993705646174524e-08,1.2039580102177931e-08,1,-1.8709769125349427,-1.8843815734948837,-1.868363019427624,-1.8837794063116333
122.0,1.189920026931514e-08,1.2112567035103821e-08,1,-1.9160034833986996,-1.8846407694777019,-1.913145561397907,-1.8840201125008649
123.0,1.2581159457335533e-08,1.2186848539598836e-08,1,-1.9337106491752802,-1.8850397115890642,-1.9330043161176458,-1.8844183580587248
124.0,1.1836846647753353e-08,1.2266173412711732e-08,1,-1.9021818895011324,-1.8851779549593228,-1.902869765776277,-1.8845671597338665
125.0,1.2623330677415626e-08,1.2337665385338469e-08,1,-1.8489930137031356,-1.8848884754292732,-1.8515854282586102,-1.8843033058820642
126.0,1.2390330011739006e-08,1.2418263936382082e-08,1,-1.8386217649621863,-1.8845212793144552,-1.8372103856498843,-1.8839295525468882
127.0,1.2256660132448822e-08,1.249376559617417e-08,1,-1.8728324817125712,-1.8844292415380626,-1.8701249279714927,-1.883820854715586
128.0,1.2984152212553602e-08,1.2570191655405933e-08,1,-1.9174628987807631,-1.8846873169852711,-1.9146836770900517,-1.8840619705153863
129.0,1.2214354946713793e-08,1.265215360570082e-08,1,-1.9347083953950972,-1.8850750772830216,-1.9332342270412233,-1.8844431507985322
130.0,1.3005460973574447e-08,1.2725881588881514e-08,1,-1.897671925724436,-1.8851719761171863,-1.900806677770171,-1.8845690240829294
131.0,1.2800139763213437e-08,1.2808895656509627e-08,1,-1.8480642004388825,-1.884888710653993,-1.8500061015798057,-1.884305184979852
132.0,1.2625300048352285e-08,1.2886972875623311e-08,1,-1.8394542784870485,-1.8845445104103042,-1.8382002407552942,-1.883955905099363
133.0,1.3399222550694174e-08,1.2965604533166696e-08,1,-1.8746532420311228,-1.8844701399713628,-1.8718932289781365,-1.8838652082864216
134.0,1.2604741042282203e-08,1.305025159114551e-08,1,-1.9186722093021116,-1.8847253792947267,-1.9161640033090859,-1.8841062440701728
135.0,1.339861926129138e-08,1.3126291512883229e-08,1,-1.9324438455251218,-1.8850788494149517,-1.9329425053762985,-1.884467994153922
136.0,1.3223375053107504e-08,1.3211796820385869e-08,1,-1.8964732929727133,-1.8851626320881707,-1.8987196066592837,-1.8845727854223435
137.0,1.3005499657040871e-08,1.3292561236685175e-08,1,-1.8469523783098132,-1.8848837251262849,-1.848509376404616,-1.8843095488601702
138.0,1.3826749088207377e-08,1.3373460344067914e-08,1,-1.8401950617005631,-1.8845598942318957,-1.838846307850472,-1.8839801050847376
139.0,1.3008563123778742e-08,1.3460915748460317e-08,1,-1.8762715032368782,-1.8845002655197012,-1.8736862231566378,-1.883906048380219
140.0,1.3803114798205067e-08,1.353937683069886e-08,1,-1.9198591202506672,-1.8847528287677797,-1.9176000594960498,-1.8841467198881894
141.0,1.3660652075069525e-08,1.3627439309577237e-08,1,-1.9320674467827128,-1.8850883934345521,-1.9320898362602388,-1.8844867419901186
142.0,1.339780506823358e-08,1.3710972340187335e-08,1,-1.8940134964624078,-1.8851512462727769,-1.8965935956013626,-1.8845720015225922
143.0,1.426706148259927e-08,1.3794202290237117e-08,1,-1.8457535012447055,-1.8848757375662868,-1.8471148708342195,-1.8843100635457504
144.0,1.3426228276829236e-08,1.3884525643808282e-08,1,-1.8408553867964534,-1.884570040685941,-1.8397836737232938,-1.8840008525053165
145.0,1.4219264548453967e-08,1.3965471690882947e-08,1,-1.8776241151639275,-1.8845221377513064,-1.8755024049662508,-1.8839422425222885
146.0,1.4112268842925352e-08,1.4056169492612913e-08,1,-1.9211191645069168,-1.8847728023181256,-1.918992488742189,-1.8841823127018766
147.0,1.3802535303606902e-08,1.414258494847737e-08,1,-1.9311302620855246,-1.8850881591872914,-1.9316190165545024,-1.8845050113675408
148.0,1.4720550491249103e-08,1.4228234876721634e-08,1,-1.8921534870207004,-1.8851358978888688,-1.89485889603775,-1.884574970047745
149.0,1.3858305556151522e-08,1.4321509939075463e-08,1,-1.8442766029357238,-1.8848616744328075,-1.8457776691160792,-1.8843145854777341
150.0,1.4647514189675278e-08,1.4405034007822306e-08,1,-1.8412369690740784,-1.8845708430637493,-1.8405768674535707,-1.8840230006909064
151.0,1.4578644154694499e-08,1.4498419372964813e-08,1,-1.8799396091546827,-1.8845401726405104,-1.8773237243591003,-1.8839786346224838
152.0,1.4220155647341129e-08,1.4587802164317345e-08,1,-1.922611599178418,-1.884790642551944,-1.9203274089419409,-1.884217771295638
153.0,1.518747731696163e-08,1.467592716407144e-08,1,-1.9307716478363481,-1.8850911719982475,-1.9313913246269134,-1.8845260951736205
154.0,1.4305219512914182e-08,1.4772248584535011e-08,1,-1.8901165010528578,-1.8851238040050955,-1.8923060058030745,-1.8845766140738116
155.0,1.5088139188445753e-08,1.4858451426034608e-08,1,-1.8434003555957093,-1.8848546204669703,-1.8445201626454173,-1.8843181853549187
156.0,1.506025125701236e-08,1.495460944751019e-08,1,-1.8425263288160807,-1.8845832852640798,-1.8414420640274014,-1.884043338423332
157.0,1.465116985483911e-08,1.504706022169028e-08,1,-1.8818435803935696,-1.8845658349145864,-1.8791589275974045,-1.8840122275263516
158.0,1.5668267424339536e-08,1.5137729247019725e-08,1,-1.9233141977171104,-1.8848110777171339,-1.9216534716028246,-1.8842504632483548
159.0,1.4767473383814633e-08,1.5237161465839687e-08,1,-1.9304260189218994,-1.8850979641398053,-1.9307455250950454,-1.8845428850209756
160.0,1.5541484315092973e-08,1.5326106271840813e-08,1,-1.888251608630088,-1.8851176744178695,-1.8901303342599725,-1.8845778065787193
161.0,1.5557412351112164e-08,1.5425074081627054e-08,1,-1.8420121910603129,-1.8848499384963937,-1.84335823519265,-1.884321784396197
162.0,1.509589388484476e-08,1.5520674202946145e-08,1,-1.8436800984195747,-1.8845958036811046,-1.842377391819702,-1.8840628683926384
163.0,1.6163106473270727e-08,1.561395736586611e-08,1,-1.8829770364074154,-1.8845858725935358,-1.8810052678411562,-1.8840441101070464
164.0,1.52454739904101e-08,1.571660188631503e-08,1,-1.9249520772979245,-1.8848320079880747,-1.922883572662784,-1.88428093609824
165.0,1.6007900129692806e-08,1.5808408030834986e-08,1,-1.9297632578770312,-1.8851043185934624,-1.9300118914833,-1.8845580934036037
166.0,1.6070634953356756e-08,1.591028558023064e-08,1,-1.8859316898784853,-1.88510930275783,-1.8886546514065479,-1.8845827714638625
167.0,1.5554924607444548e-08,1.6009166575637868e-08,1,-1.8414707423481445,-1.8848479940128617,-1.842428219084781,-1.884330348994527
168.0,1.6672494220248995e-08,1.6105156356186742e-08,1,-1.8441096908056036,-1.8846055041128185,-1.8433828663259373,-1.8840866139786425
169.0,1.5739878967446223e-08,1.62111018560758e-08,1,-1.8852028762139377,-1.8846090388589791,-1.8828214728328037,-1.8840791279363596
170.0,1.6487849032437183e-08,1.6305880832261495e-08,1,-1.925966187335514,-1.8848523162029587,-1.9240463691517131,-1.8843142293552733
171.0,1.6600362452802045e-08,1.6410760576336706e-08,1,-1.9288977418174427,-1.8851098917913474,-1.929198668105437,-1.8845767114532275
172.0,1.6028819488373028e-08,1.651306032621072e-08,1,-1.8840322809009034,-1.8851036266117518,-1.8860401006893406,-1.8845852195301815
173.0,1.719689294062504e-08,1.6611848029739775e-08,1,-1.8404981091175467,-1.8848457912505137,-1.8414264377555314,-1.8843357468031605
174.0,1.625137771681631e-08,1.672120565101822e-08,1,-1.8455165080673335,-1.8846197608873918,-1.8444796642817263,-1.884106688857635
175.0,1.6981787550082454e-08,1.6819073030681793e-08,1,-1.886577126173604,-1.8846309458318846,-1.8849706600024136,-1.8841116258356052
176.0,1.7147150559194273e-08,1.692702886196681e-08,1,-1.9269737297325693,-1.8848715298313203,-1.9251111050954788,-1.884344577422309
177.0,1.651815638669089e-08,1.7032800220151635e-08,1,-1.9279936553696577,-1.8851151576592207,-1.9282994615863476,-1.8845929101012018
178.0,1.773667209705012e-08,1.713448577115653e-08,1,-1.8815207308869468,-1.8850949642503878,-1.8838825926531064,-1.8845889195537406
179.0,1.678023450774044e-08,1.7247354066037854e-08,1,-1.8396582558660646,-1.884841127890699,-1.8402195167609112,-1.8843410457951213
180.0,1.7490215305106908e-08,1.7348409039053823e-08,1,-1.8466401555205783,-1.8846289002664205,-1.845604760666896,-1.8841258442110758
181.0,1.7711492033600904e-08,1.745951764555114e-08,1,-1.8888058634036318,-1.8846519774108248,-1.886819672631133,-1.8841407272410207
182.0,1.7023431251770728e-08,1.7568933983919896e-08,1,-1.9280126572729512,-1.8848902229045728,-1.9261586645849502,-1.8843715950286246
183.0,1.829221512953672e-08,1.767359054615782e-08,1,-1.92679159075578,-1.8851191921278034,-1.9273135088611972,-1.8846062502954692
184.0,1.732731619958421e-08,1.7790063175871677e-08,1,-1.8796385258824555,-1.8850894058982093,-1.8817124998899455,-1.8845905233910913
185.0,1.8013498116296532e-08,1.7894435375722184e-08,1,-1.8389353415645775,-1.8848399244693788,-1.839997759812486,-1.8843494814258015
186.0,1.82938551821702e-08,1.8008799252673748e-08,1,-1.8479000599027957,-1.8846413230469776,-1.8467807702223515,-1.8841474991075033
187.0,1.7545292251023253e-08,1.8121976282849094e-08,1,-1.8908183474971716,-1.8846743552632887,-1.888653409682931,-1.8841715948859816
188.0,1.886403451429454e-08,1.8229716872091425e-08,1,-1.9282756758267845,-1.8849062771811798,-1.927033967281379,-1.8843995862285103
189.0,1.7893201350460935e-08,1.8349906184418533e-08,1,-1.9256661473243917,-1.8851219378697681,-1.9262514446054826,-1.8846210246326214
190.0,1.8552201062508184e-08,1.8457717185467292e-08,1,-1.8777005094427353,-1.885082877720152,-1.8795689273199072,-1.884594434646765
191.0,1.889480174380574e-08,1.857540594851052e-08,1,-1.8383031676011865,-1.884837957771885,-1.8392636760034093,-1.884357100831878
192.0,1.8084347256267052e-08,1.8692451186118034e-08,1,-1.8491626197449482,-1.8846521487196615,-1.848054798729037,-1.884168026341759
193.0,1.9452478329510687e-08,1.880335965222116e-08,1,-1.8920892514112098,-1.8846906829304986,-1.8904815945532976,-1.88420073913042
194.0,1.8478427538498495e-08,1.89273578320846e-08,1,-1.9295246533470742,-1.8849217858707903,-1.9279583930408275,-1.884426294047484
195.0,1.9106743393023835e-08,1.903873116476676e-08,1,-1.9246360244042695,-1.8851254486325004,-1.9251584699815487,-1.8846351770009921
196.0,1.9514792643122904e-08,1.9159865610389502e-08,1,-1.8755521864147755,-1.88507660545792,-1.8775135904218994,-1.8845988423755888
197.0,1.864121391967789e-08,1.9280931342886842e-08,1,-1.8379178911622407,-1.884837221121394,-1.8381652430523916,-1.884363138825725
198.0,2.0058150557624386e-08,1.9395134919206566e-08,1,-1.8500161694509392,-1.8846613572240685,-1.8493469934650513,-1.8841862896067318
199.0,1.908375620098519e-08,1.952308584972135e-08,1,-1.8940973665866525,-1.8847087743565438,-1.8923268962193505,-1.8842271971776494
200.0,1.9677761274622454e-08,1.963817381312802e-08,1,-1.930417982539652,-1.8849373203974593,-1.928807221859825,-1.8844500973010603
201.0,2.0154547295696828e-08,1.976284141274832e-08,1,-1.9234071736113039,-1.8851287127020058,-1.9239026548258593,-1.8846463786817804
202.0,1.921665373671123e-08,1.9888054597684308e-08,1,-1.873534089920402,-1.8850713135793244,-1.8754063447154805,-1.8846006359393732
203.0,2.0681488555725888e-08,2.0005653612387036e-08,1,-1.8374092755874216,-1.8848365252148325,-1.8376060163014758,-1.884369135350024
204.0,1.9709822125665122e-08,2.0137633971918407e-08,1,-1.851714607667086,-1.884674162873912,-1.8505027551357456,-1.8842031236823067
205.0,2.0265756348136103e-08,2.0256545732607582e-08,1,-1.8959962665709198,-1.884729392648044,-1.8941468352375543,-1.8842516295923324
206.0,2.0814449093353683e-08,2.0384830538885517e-08,1,-1.9310944936209078,-1.8849544659537374,-1.9295874827903732,-1.8844717065496046
207.0,1.9811212540157092e-08,2.05143254063291e-08,1,-1.9220394248635309,-1.885133620344606,-1.9226033618430096,-1.884655917444742
208.0,2.132291258711556e-08,2.063543931867243e-08,1,-1.871145628754082,-1.8850663703850363,-1.87332359497948,-1.8846014351251972
209.0,2.035729646288305e-08,2.077159458844459e-08,1,-1.8369911896994513,-1.884836345597067,-1.837134087518997,-1.884374318629474
210.0,2.0871325909852765e-08,2.0894501962817063e-08,1,-1.8531414827165165,-1.8846854176785883,-1.8523855510334084,-1.8842219911647309
211.0,2.1495225442214465e-08,2.1026530025218913e-08,1,-1.8973177970542907,-1.8847452867751557,-1.8959426108933828,-1.88427753912553
212.0,2.0425749412019457e-08,2.1160449101538313e-08,1,-1.9316491889514003,-1.8849665315967417,-1.9302924002179853,-1.8844945903570982
213.0,2.198305289912481e-08,2.1285179622321915e-08,1,-1.9206910360339735,-1.8851342522748507,-1.9211287688705798,-1.8846665818055182
214.0,2.1026891844480038e-08,2.142558387487166e-08,1,-1.8695989662467942,-1.885061657480327,-1.8712738355108012,-1.8846039988789074
215.0,2.149497851377079e-08,2.1552589316460465e-08,1,-1.8368060816566614,-1.8848372129416124,-1.8367519863265167,-1.8843814313786638
216.0,2.2197246704963194e-08,2.1688408098327353e-08,1,-1.8540445342934515,-1.8846946542441672,-1.8538185286684434,-1.8842399364587092
217.0,2.1060776619963492e-08,2.1826863006260527e-08,1,-1.89940798151457,-1.8847624575956436,-1.8973159394393717,-1.884300194536961
218.0,2.266214680845926e-08,2.1955321031659465e-08,1,-1.932001073392414,-1.884979148493794,-1.9309288660162416,-1.884514087525398
219.0,2.1719166384145893e-08,2.2100109296386223e-08,1,-1.919200320963103,-1.885135409555298,-1.9196853983463258,-1.8846746871181876
220.0,2.213726864076549e-08,2.2231388149229603e-08,1,-1.867657898220005,-1.8850559663219555,-1.8689641359477414,-1.8846032755219584
221.0,2.2921188028596978e-08,2.2371147833693452e-08,1,-1.836440725917029,-1.8848359878585847,-1.8364843969785474,-1.8843855430398615
222.0,2.171717088418038e-08,2.2514322707011045e-08,1,-1.8558797137904386,-1.8847055541916113,-1.8553824082526946,-1.884254898288568
223.0,2.336094523077852e-08,2.2646659577477055e-08,1,-1.9006754968877781,-1.8847771682844192,-1.8990876694124195,-1.884321412957285
224.0,2.243504075073385e-08,2.2795972342194212e-08,1,-1.9325813277593327,-1.8849905797106465,-1.9312812411624658,-1.8845310550474867
225.0,2.2798952993095543e-08,2.293169210877899e-08,1,-1.9174273822602586,-1.8851347432775338,-1.9181709683989485,-1.884680565773493
226.0,2.3667751852182756e-08,2.3075511823794797e-08,1,-1.8655539203294114,-1.885048102468029,-1.866891507511613,-1.884601853126317
227.0,2.239576971710428e-08,2.322354997565575e-08,1,-1.8364052935662323,-1.884833816966259,-1.8356868948181004,-1.8843863687284832
228.0,2.408004380585756e-08,2.335988851407636e-08,1,-1.8571083497779948,-1.8847122140399948,-1.8571845696723714,-1.8842670625922722
229.0,2.3175231510038608e-08,2.3513828863117616e-08,1,-1.9027211054087765,-1.8847908554870199,-1.9011303404345823,-1.8843407013601425
230.0,2.3480645685198594e-08,2.3654122731513648e-08,1,-1.933046046917666,-1.885000660667153,-1.9319675382728403,-1.8845477745641106
231.0,2.4437453597389026e-08,2.3802072579336926e-08,1,-1.9162314362454405,-1.8851358588298295,-1.9165880266153714,-1.884686476953943
232.0,2.309723905908443e-08,2.3955117219308605e-08,1,-1.8637405454714582,-1.8850436376515607,-1.8648617842076183,-1.8846010256921055
233.0,2.481979304497397e-08,2.409559576617039e-08,1,-1.8361592188850329,-1.884833833279172,-1.8355639442060872,-1.8843905661149123
234.0,2.3940454709896993e-08,2.4254300769691206e-08,1,-1.8588774043073513,-1.8847229083690362,-1.8587573578350862,-1.884281022489785
235.0,2.4183038419507514e-08,2.4399363674702475e-08,1,-1.9044720752104676,-1.884806947376872,-1.9028698945514664,-1.884360124073026
236.0,2.523097861499311e-08,2.4551607683802877e-08,1,-1.9331660615564683,-1.885011858877633,-1.9325013280932313,-1.8845641122256542
237.0,2.3822553584140785e-08,2.4709822378344915e-08,1,-1.914606583357402,-1.885136731132822,-1.9149402464387122,-1.8846922815683254
238.0,2.5581013090475963e-08,2.4854565244548957e-08,1,-1.8616873166346992,-1.885038204181149,-1.8629642416358057,-1.8846009872828946
239.0,2.4731528182607192e-08,2.5018134547135168e-08,1,-1.8362518082894073,-1.8848340770016858,-1.8355272547010624,-1.8843956578578658
240.0,2.4906752750527724e-08,2.5168080585627393e-08,1,-1.8604414892423489,-1.8847324412193553,-1.8603307885001847,-1.8842953875688755
241.0,2.604882512792415e-08,2.5324666455068096e-08,1,-1.9058045352895616,-1.8848198772943354,-1.9045827956800165,-1.8843795676855193
242.0,2.4572283776601927e-08,2.548818052220548e-08,1,-1.9338364026842376,-1.8850224249199135,-1.932324487991732,-1.8845776871909168
243.0,2.6363942437679478e-08,2.5637328777750276e-08,1,-1.9125057192931398,-1.8851355248967583,-1.9128085540114583,-1.8846938635975856
244.0,2.554909851829412e-08,2.580590686950409e-08,1,-1.8598653103403082,-1.885031958443658,-1.8604878353124443,-1.88459465856363
245.0,2.5652494028251688e-08,2.5960950706807537e-08,1,-1.836436158593642,-1.8848336082401884,-1.835483435778389,-1.884394204593078
246.0,2.6891715586693224e-08,2.6122043369008263e-08,1,-1.8617337241064533,-1.8847397062721651,-1.86193905912033,-1.8843029235139206
247.0,2.534750296311916e-08,2.629103689426217e-08,1,-1.9078394307428614,-1.8848332274238684,-1.9063102335623485,-1.8843920219351693
248.0,2.7169405748683118e-08,2.6444755602851425e-08,1,-1.933901826083959,-1.88503108467653,-1.9332679172002118,-1.8845891021580121
249.0,2.639406614456364e-08,2.661849970029098e-08,1,-1.9110519474485899,-1.8851355861334458,-1.9110090081777507,-1.884695206198252
250.0,2.642108757119797e-08,2.67788490970612e-08,1,-1.8583308988625955,-1.8850283673843626,-1.858569226305706,-1.8845907022786819
251.0,2.7760436073891004e-08,2.6944615575041404e-08,1,-1.8365680834429527,-1.8848352985240382,-1.8356209465549604,-1.8843956036503005
252.0,2.614924994697025e-08,2.7119307641195178e-08,1,-1.8636853748145337,-1.8847513702553496,-1.8635767457770795,-1.8843129891349306
253.0,2.7998238138584136e-08,2.7277781005788114e-08,1,-1.9089059582609782,-1.8848468429352137,-1.9079988911740366,-1.8844066093010932
254.0,2.7267526475332534e-08,2.7456824798254744e-08,1,-1.9340952796951785,-1.8850407344185205,-1.9330858379535194,-1.8845982598075988
255.0,2.7213454394162645e-08,2.7622632660933817e-08,1,-1.9093488554778215,-1.885136060383459,-1.9091463389197771,-1.8846945267845092
256.0,2.8655655036224143e-08,2.779314912245985e-08,1,-1.856603277957955,-1.8850246042021095,-1.8567973076648292,-1.8845855532723228
257.0,2.6978289260365598e-08,2.7973662006704578e-08,1,-1.8369724711067763,-1.8848376309215829,-1.8359384764931823,-1.8843962650358281
258.0,2.8850820446214287e-08,2.813703435929772e-08,1,-1.8652384953218208,-1.8847616652797234,-1.864685839833156,-1.8843198680389186
259.0,2.817009089655619e-08,2.8321517927581203e-08,1,-1.9107874604354225,-1.8848621509753052,-1.9092552813459995,-1.884416143765973
260.0,2.8030316157128392e-08,2.8493003937152693e-08,1,-1.9339878947671776,-1.8850510961437354,-1.9331709783795419,-1.8846036623606406
261.0,2.9578072877641543e-08,2.8668445878023397e-08,1,-1.9075180346149252,-1.8851371763677631,-1.9072117913990463,-1.884690283544696
262.0,2.7835719308223032e-08,2.8854976437830306e-08,1,-1.8551105788378999,-1.8850225710336799,-1.8549817598930431,-1.8845768922330484
263.0,2.9728030150567802e-08,2.902342867521099e-08,1,-1.8371218184657032,-1.884840438894638,-1.8362488041486837,-1.8843931352441345
264.0,2.910274369559074e-08,2.9213511407040924e-08,1,-1.8669134965449203,-1.8847725338099799,-1.8663858988910718,-1.8843249260155244
265.0,2.8872577344031812e-08,2.9390878035428476e-08,1,-1.9120737811479462,-1.8848755573848401,-1.9108935793351522,-1.884425185084655
266.0,3.0528486536791225e-08,2.957137944650039e-08,1,-1.9341416854876914,-1.8850607683927456,-1.93316738824028,-1.8846084264499017
267.0,2.8722552450160803e-08,2.976411852071629e-08,1,-1.9064647199220324,-1.885140933005215,-1.9059228598929154,-1.8846882557886397
268.0,3.063053720592737e-08,2.9937821322482125e-08,1,-1.8531411438436707,-1.885021530806851,-1.8532396375209488,-1.8845709101980888
269.0,3.006643906667024e-08,3.0133610944048804e-08,1,-1.8373847943173398,-1.8848444425671131,-1.8366421297646227,-1.8843927362931316
270.0,2.9741091352860986e-08,3.031701550455215e-08,1,-1.8687019366775595,-1.884784655508263,-1.8678078096698583,-1.8843313106389714
271.0,3.150743464462462e-08,3.0502680303403545e-08,1,-1.9139495878962414,-1.8848922751849713,-1.912764185394731,-1.8844362289960037
272.0,2.9639575252677515e-08,3.0701772084026296e-08,1,-1.9349192535475193,-1.8850761978995394,-1.9330747312567904,-1.884615047019021
273.0,3.155886120018436e-08,3.088089749576456e-08,1,-1.9036958327860856,-1.8851444016903325,-1.903488216674687,-1.8846841795086022
274.0,3.1061897969783983e-08,3.108258229402372e-08,1,-1.851621161637462,-1.8850220540988987,-1.8519796308329448,-1.8845648198419027
275.0,3.06367184115523e-08,3.127229782615272e-08,1,-1.8380620009002264,-1.8848512902690853,-1.8371176375368226,-1.8843922846335206
276.0,3.251585863592045e-08,3.146334318666995e-08,1,-1.8703623815620434,-1.8847987942230453,-1.869575899899822,-1.8843386020801376
277.0,3.058815291332248e-08,3.166904998805167e-08,1,-1.9154699272146465,-1.8849095203349282,-1.9143115440870913,-1.8844468076469498
278.0,3.251408800277052e-08,3.1853848903768306e-08,1,-1.9338275161522036,-1.8850854843486593,-1.9333285160585938,-1.884622641130445
279.0,3.209043197669258e-08,3.206161196901364e-08,1,-1.90172314507028,-1.88514511754121,-1.9014387411819456,-1.8846829138904861
280.0,3.1560712990135486e-08,3.225785662372216e-08,1,-1.8503912071253452,-1.8850209964325817,-1.8503889271784943,-1.8845604353665149
281.0,3.355467396214712e-08,3.24544164292896e-08,1,-1.8385852443642603,-1.8848557446458618,-1.8376705651397782,-1.8843935675009391
282.0,3.156937618686509e-08,3.266687288611887e-08,1,-1.8720564231885175,-1.8848103569811192,-1.871362764228578,-1.8843473589786968
283.0,3.349688703060771e-08,3.28574778799536e-08,1,-1.9167749264446303,-1.8849233059898243,-1.9158094913980794,-1.8844585325914864
284.0,3.315271426083895e-08,3.3071409238812377e-08,1,-1.9335283683846074,-1.8850944505757214,-1.933059033250022,-1.884629661114932
285.0,3.251373795930914e-08,3.3274354279368444e-08,1,-1.8996480000718847,-1.885145515661673,-1.899352810709321,-1.8846813212889473
286.0,3.4624330756441e-08,3.3476566186124786e-08,1,-1.848980751132737,-1.8850190654360475,-1.8488717023083758,-1.8845561128309736
287.0,3.258410138964543e-08,3.369599624405077e-08,1,-1.8391191755571887,-1.8848591355061561,-1.8387195625651616,-1.8843964035965979
288.0,3.450794656438938e-08,3.3892671308762715e-08,1,-1.8737757377173245,-1.8848206514860562,-1.8731597351959541,-1.8843573873868733
289.0,3.4249864550468894e-08,3.41130127478492e-08,1,-1.9180272334711077,-1.8849355531538243,-1.917254582436025,-1.884471218511611
290.0,3.349711328286887e-08,3.432297362756565e-08,1,-1.9331457178473481,-1.8851017951010434,-1.9322303571401638,-1.8846359051965371
291.0,3.572603795187341e-08,3.453106172246219e-08,1,-1.8977365514635898,-1.8851452135077875,-1.897394039847501,-1.8846797475836539
292.0,3.363390578822767e-08,3.4757677971265396e-08,1,-1.8476117696800671,-1.8850166743165966,-1.8474358883751236,-1.884552200120611
293.0,3.554838703887209e-08,3.496060669014754e-08,1,-1.8397985669053767,-1.8848623463049543,-1.8396361129465173,-1.884398902894761
294.0,3.538294579448493e-08,3.518748769774086e-08,1,-1.8753702784340462,-1.8848300603598152,-1.8749737862864708,-1.8843668446750046
295.0,3.451175687727959e-08,3.5404650273551904e-08,1,-1.9192470558601884,-1.8849467281411723,-1.9186526101056376,-1.8844830676086677
296.0,3.686044298983999e-08,3.561875989576093e-08,1,-1.9326991783573677,-1.8851080539864973,-1.9317852387246779,-1.8846428722408166
297.0,3.4719718667282926e-08,3.5852781936112567e-08,1,-1.8957403737878005,-1.8851438530430673,-1.895527104514074,-1.8846795194875277
298.0,3.661893514991719e-08,3.6062233376846355e-08,1,-1.846356926967353,-1.8850136955730146,-1.8461162889489333,-1.8845501126736397
299.0,3.655305599624312e-08,3.6295862160872824e-08,1,-1.8403369673693701,-1.88486427507735,-1.8404112629288312,-1.8844024911025867
300.0,3.5559014080948516e-08,3.6520503714007095e-08,1,-1.8769854259528573,-1.8848380122469353,-1.8767992445193136,-1.8843771469473094
301.0,3.802858690997237e-08,3.6740833046242216e-08,1,-1.9205616113908774,-1.8849566953005696,-1.919998965811161,-1.8844954918604782
302.0,3.584292643295427e-08,3.698246385968106e-08,1,-1.9321786381942447,-1.8851130593498866,-1.9315816050200894,-1.884651406142464
303.0,3.7720581811092796e-08,3.719864488304661e-08,1,-1.8937169963015352,-1.8851414551814103,-1.8929782448507768,-1.8846788874583327
304.0,3.776121006343734e-08,3.743918622063676e-08,1,-1.8450677562019502,-1.8850096338031883,-1.8448446071738933,-1.8845478536416074
305.0,3.663991919777628e-08,3.76715694329114e-08,1,-1.8411841107166078,-1.8848659435635604,-1.8412572537017315,-1.884405917248362
306.0,3.92312935979231e-08,3.789832529469028e-08,1,-1.8786393999853435,-1.884845595381932,-1.878635490149891,-1.8843870596434653
307.0,3.7004842494327484e-08,3.814781378872087e-08,1,-1.9218992954960163,-1.884966291473509,-1.9212929342144223,-1.8845072742186149
308.0,3.88543611199872e-08,3.837099796409748e-08,1,-1.9317081920522075,-1.8851180508909722,-1.9309616617166745,-1.8846581001520502
309.0,3.9008652533590295e-08,3.8618651598125e-08,1,-1.8915788188550238,-1.88513895952516,-1.8908151447238992,-1.8846780258626386
310.0,3.775584007465933e-08,3.885902544866357e-08,1,-1.8439342463906705,-1.8850060410956937,-1.843654657222682,-1.884545692415413
311.0,4.046956176806067e-08,3.9092378766227134e-08,1,-1.842108560717997,-1.8848681070751865,-1.8421724468025868,-1.8844094440372368
312.0,3.820671174702033e-08,3.9349928041562876e-08,1,-1.8808167413423365,-1.884855121928607,-1.8804808467195444,-1.8843968523791672
313.0,4.0021127707805045e-08,3.958034937163503e-08,1,-1.9231960377736599,-1.8849776168674088,-1.9225752486473513,-1.8845188280860945
314.0,4.029639891026899e-08,3.983529884585231e-08,1,-1.93081115027401,-1.885123583534309,-1.9302535295015961,-1.8846644800014303
315.0,3.890794672502007e-08,4.008394923164073e-08,1,-1.8893980053117414,-1.8851371531272532,-1.8889037505313677,-1.8846779380031125
316.0,4.174430913914706e-08,4.0324130518019946e-08,1,-1.8428299929377903,-1.8850032697089323,-1.8427015385666277,-1.884545101296035
317.0,3.944996367596246e-08,4.0589983878391066e-08,1,-1.8431421643580468,-1.8848712157488348,-1.8431499409447918,-1.8844145171939808
318.0,4.122203413970113e-08,4.0827919671396587e-08,1,-1.882693550415646,-1.8848643677446422,-1.8823239335841075,-1.8844079430316856
319.0,4.162566571212457e-08,4.109036446850131e-08,1,-1.9242594553042571,-1.8849878633169297,-1.9237532703482765,-1.88453128261575
320.0,4.00976256900477e-08,4.1347563593091064e-08,1,-1.9302140759707924,-1.8851291952314728,-1.9294631566237488,-1.8846716947220252
321.0,4.30565331246707e-08,4.159477908126592e-08,1,-1.8870803915777181,-1.8851352737247633,-1.886734534449459,-1.884678121014011
322.0,4.0735959298911215e-08,4.186916474057504e-08,1,-1.841883679761308,-1.8850009520043798,-1.8416844166599409,-1.8845446001930357
323.0,4.2458111580575395e-08,4.211487058039846e-08,1,-1.844161513308823,-1.8848745141136813,-1.8442239266769453,-1.8844197683864843
324.0,4.2997594008670185e-08,4.238500489117601e-08,1,-1.884365745850713,-1.8848729438412646,-1.8844533081030037,-1.884419871904128
325.0,4.1326154889164775e-08,4.2651029411464533e-08,1,-1.925503674805544,-1.884997961475001,-1.9248433391019681,-1.8845442518031983
326.0,4.4407204678558465e-08,4.290549043827085e-08,1,-1.9291808344389252,-1.8851334917601665,-1.9285883424712595,-1.8846793563757995
327.0,4.206608190035384e-08,4.3188657338528844e-08,1,-1.8850009321614207,-1.8851330863791307,-1.884568245251108,-1.8846790165864273
328.0,4.373041671460696e-08,4.3442424958680296e-08,1,-1.8409686984859384,-1.8849984388550662,-1.8404574379298169,-1.884544194700279
329.0,4.4413428509960176e-08,4.3720445410338755e-08,1,-1.8451746399678661,-1.8848773938736463,-1.8453302092310784,-1.884425003255084
330.0,4.259499298992204e-08,4.399558231111649e-08,1,-1.886357200857693,-1.8848818781372343,-1.8863051030062465,-1.8844307005270573
331.0,4.5797306936850734e-08,4.425750841409128e-08,1,-1.9265705881434343,-1.8850078259016037,-1.9258918262529492,-1.884555960725625
332.0,4.344176640424257e-08,4.4549690161060356e-08,1,-1.9284238751435632,-1.8851385971342602,-1.927627644684608,-1.8846856947134534
333.0,4.504004722948085e-08,4.4811817582718846e-08,1,-1.8828807561209033,-1.8851318168309168,-1.8824035804422203,-1.8846788415174436
334.0,4.587433724480557e-08,4.509796526192761e-08,1,-1.8397709621509613,-1.8849960058887614,-1.840212741362921,-1.884545709481053
335.0,4.3905630098214493e-08,4.538255013520056e-08,1,-1.84637307827635,-1.88488071356753,-1.8464847918589877,-1.884432094801584
336.0,4.7228045332894565e-08,4.565221675976129e-08,1,-1.888046841372599,-1.88489013656695,-1.8881372988758327,-1.884443122194662
337.0,4.486469077060731e-08,4.5953686662652246e-08,1,-1.9275261081499866,-1.8850166528031014,-1.9267797690135926,-1.8845687502267656
338.0,4.6388380352284523e-08,4.6224472625227506e-08,1,-1.9273785360892024,-1.8851419838187409,-1.926592105837203,-1.8846930796812347
339.0,4.7381686759260355e-08,4.6518942964993795e-08,1,-1.8804773844507678,-1.8851282239385991,-1.8802649353855514,-1.8846800173086808
340.0,4.5259559911090785e-08,4.6813253753312234e-08,1,-1.8393544775235704,-1.8849935952726726,-1.8394618861876593,-1.8845470228053838
341.0,4.8700397031725986e-08,4.709089418822979e-08,1,-1.8474938152099676,-1.8848836252431633,-1.8477409398831706,-1.884439087078339
342.0,4.633624471219951e-08,4.740189679244604e-08,1,-1.8899243213932904,-1.8848983641207953,-1.889966436259038,-1.8844552489180486
343.0,4.777658252687231e-08,4.768166196728824e-08,1,-1.928446145438654,-1.8850253255823635,-1.9277059820376055,-1.8845813443498842
344.0,4.8936699780341587e-08,4.798469122258821e-08,1,-1.9261051255443857,-1.8851447436055089,-1.9255110537557032,-1.884700326063273
345.0,4.665838578530179e-08,4.828906108996363e-08,1,-1.878595063384072,-1.8851257590251569,-1.8782017265163338,-1.8846814895428472
346.0,5.021554330822583e-08,4.8574939154644705e-08,1,-1.8386591767935805,-1.8849914625447188,-1.838341574845692,-1.884547559153549
347.0,4.785809404907661e-08,4.8895767077453366e-08,1,-1.8486492816417743,-1.8848867300349121,-1.8490135202324913,-1.8844451555831712
348.0,4.920597285027771e-08,4.9184853419309026e-08,1,-1.8917219089255886,-1.8849063713535634,-1.8917968487647796,-1.8844662811382908
349.0,5.054083939438487e-08,4.949669104479421e-08,1,-1.9290727452354242,-1.8850329225681246,-1.9285700191594954,-1.8845926528804717
350.0,4.81038174945801e-08,4.981146039143922e-08,1,-1.9251212953505348,-1.8851474607760743,-1.924283253893486,-1.8847060545976517
351.0,5.177473143565176e-08,5.010584974901128e-08,1,-1.8765386338194376,-1.8851229342035485,-1.8760874949384125,-1.8846815002966282
352.0,4.943194078230165e-08,5.0436754877208256e-08,1,-1.8381415115879882,-1.884989464252936,-1.8377589681047657,-1.884548197648356
353.0,5.067791963813799e-08,5.0735485900645126e-08,1,-1.849873179819119,-1.8848899846936336,-1.850149931938478,-1.88445075213643
354.0,5.219536503536976e-08,5.105634854630648e-08,1,-1.8934248260167634,-1.8849140944148852,-1.8936210475983875,-1.8844766569258704
355.0,4.9597472611764466e-08,5.1381833186774424e-08,1,-1.930026716939938,-1.8850411722248148,-1.9293670483852963,-1.8846031087327983
356.0,5.337904466395853e-08,5.168500265346713e-08,1,-1.923817491106861,-1.8851500944688655,-1.923000188742334,-1.8847109656991174
357.0,5.1059363984641365e-08,5.202626297169771e-08,1,-1.874513359814386,-1.885120299693923,-1.8739895483151006,-1.8846809337176496
358.0,5.219376697160151e-08,5.2334984252755935e-08,1,-1.8376292267296468,-1.884987643065531,-1.8372635630499625,-1.8845484829615946
359.0,5.39016666265227e-08,5.2665113993558465e-08,1,-1.851061996284287,-1.8848931426566697,-1.852011146106613,-1.8844578497113023
360.0,5.1141079017055554e-08,5.300163770208145e-08,1,-1.8951578331938643,-1.8849216556859396,-1.8954176104622538,-1.8844882934911658
361.0,5.5029693367971225e-08,5.331385391292647e-08,1,-1.9306396318773544,-1.8850482982792678,-1.9300876622063197,-1.884614607531928
362.0,5.27419825272563e-08,5.3665719211689096e-08,1,-1.922747306172138,-1.8851524391850492,-1.9215488567273649,-1.8847166358446226
363.0,5.375484802582655e-08,5.398476460782689e-08,1,-1.8725010428314453,-1.8851175868534966,-1.8718609136487332,-1.8846812206319619
364.0,5.566099312033583e-08,5.4324398551234575e-08,1,-1.83717047364112,-1.884985864015001,-1.8368575938882652,-1.8845498370420066
365.0,5.2736305997744545e-08,5.467232731933998e-08,1,-1.852463915464596,-1.8848967627860957,-1.853430807142275,-1.884464579425843
366.0,5.672786308500961e-08,5.499392181056952e-08,1,-1.8967212722026157,-1.8849290701888732,-1.8967968433722966,-1.8844982741360792
367.0,5.448162636778336e-08,5.5356724306573605e-08,1,-1.931300112736409,-1.885055421803444,-1.930742346274206,-1.8846242797822321
368.0,5.5362820481974254e-08,5.568651077295602e-08,1,-1.92149662192015,-1.885154446803761,-1.9201244147453291,-1.884720747540284
369.0,5.7475005600356236e-08,5.603596361198719e-08,1,-1.8705414359109644,-1.885114845148225,-1.869778636323876,-1.8846802540139524
370.0,5.438523832965664e-08,5.639570314515959e-08,1,-1.8369462048712548,-1.884984659633963,-1.8365360636268235,-1.8845501345804736
371.0,5.847512728016542e-08,5.6727052117146965e-08,1,-1.853706874917585,-1.8849003529366144,-1.8549771540235167,-1.8844704230425844
372.0,5.628032403364538e-08,5.71011686130221e-08,1,-1.8984364069323316,-1.8849367401785384,-1.8985733039181558,-1.88450833401268
373.0,5.701956534191115e-08,5.7442185941627484e-08,1,-1.9319769189509153,-1.885062853258357,-1.9311128754308278,-1.884633279163935
374.0,5.9345588079731915e-08,5.78018035711953e-08,1,-1.9198714257599903,-1.8851559243078266,-1.918629385232253,-1.8847241778432622
375.0,5.6090324972683554e-08,5.817377164315061e-08,1,-1.8687196396474488,-1.885112094215399,-1.867469018188823,-1.8846781640841836
376.0,6.027321542800448e-08,5.8515195590612335e-08,1,-1.836666472339276,-1.8849832494763668,-1.8363306511232853,-1.8845495802731174
377.0,5.814016439342195e-08,5.890087978600917e-08,1,-1.8551631667323472,-1.8849041511136506,-1.8567492542115225,-1.8844758393551821
378.0,5.872668507921976e-08,5.925341828458919e-08,1,-1.9001684995115704,-1.8849445329877192,-1.9010379867218787,-1.8845196545598561
379.0,6.127400905671608e-08,5.962339435972566e-08,1,-1.9324640692553658,-1.885069914349903,-1.9316357630775172,-1.8846439714688739
380.0,5.7853017465583634e-08,6.000791137368309e-08,1,-1.9187099168442838,-1.8851584406722566,-1.9170831749596602,-1.8847293377938494
381.0,6.212309580368684e-08,6.03597375267337e-08,1,-1.8667591580391891,-1.8851101485918547,-1.865456102877785,-1.8846787518754347
382.0,6.006274946320909e-08,6.075731328095146e-08,1,-1.8364738033876866,-1.8849828283164511,-1.8355958828552044,-1.8845502626895179
383.0,6.048581584447289e-08,6.112183371340938e-08,1,-1.8566269175177554,-1.8849087919958276,-1.8583005489027977,-1.884481725577803
384.0,6.326188782780485e-08,6.150248129717783e-08,1,-1.9018702866389854,-1.8849529625547943,-1.9027884072889023,-1.8845293992280923
385.0,5.967561962787324e-08,6.189994384940347e-08,1,-1.9329895726102588,-1.8850777329705228,-1.932387415076763,-1.8846537057627641
386.0,6.402633372252907e-08,6.226251205209788e-08,1,-1.9170895638974803,-1.8851606651749966,-1.9154640534364735,-1.884733525316323
387.0,6.205006222433729e-08,6.267226878914596e-08,1,-1.8648806190698612,-1.8851082619550867,-1.8634715578511487,-1.884678584831917
388.0,6.229865685794495e-08,6.304916368704055e-08,1,-1.8364156809182999,-1.8849827656122085,-1.835532990245779,-1.8845519209283443
389.0,6.531067151304528e-08,6.344076733989828e-08,1,-1.8580148374851202,-1.8849134393188225,-1.8598387439312472,-1.8844883909103571
390.0,6.156009411734617e-08,6.385157863535571e-08,1,-1.9035074403137129,-1.8849611162444504,-1.904508287044607,-1.8845397239773678
391.0,6.598435198681765e-08,6.42252827052954e-08,1,-1.9333001963209424,-1.8850847456052597,-1.9322320486057434,-1.8846616992321719
392.0,6.410411870162445e-08,6.464759726280647e-08,1,-1.915550799388171,-1.8851624651302161,-1.9135043438012698,-1.8847352774070931
393.0,6.416717720764345e-08,6.503736598535935e-08,1,-1.8629642799827562,-1.8851059811985431,-1.8616030384372095,-1.8846764167481367
394.0,6.742224430060059e-08,6.544028107826932e-08,1,-1.8362168465942985,-1.884981897100563,-1.8354606235815412,-1.8845515035675109
395.0,6.350893773011061e-08,6.586487753813556e-08,1,-1.859616572558076,-1.8849176810890629,-1.861415721091302,-1.884492931966305
396.0,6.799892745136748e-08,6.625011081138193e-08,1,-1.905129791636303,-1.884968721772263,-1.9057876549152968,-1.8845467065192067
397.0,6.622710100095564e-08,6.668530357052569e-08,1,-1.9335810583142135,-1.885091170982696,-1.9325107333900053,-1.8846675227077982
398.0,6.609334357387531e-08,6.708836640660303e-08,1,-1.9139419068607006,-1.8851636602688218,-1.9115854487626556,-1.8847351556878356
399.0,6.959820809631945e-08,6.659343129842897e-08,0,-1.861259660706772,-1.8851037504954833,-1.8591634647311532,-1.8846710662368165
400.0,6.552425191049723e-08,6.645286148033729e-08,0,-1.8364357019186228,-1.8849820803740411,-1.8355699223921826,-1.884548313377205
