q,anchor_index,anchor_s,anchor_phase,line_period,coefficient_closure_p,coefficient_closure_2p,base_closure_p,base_closure_2p,observed_line_overlap_p,observed_signed_overlap_p,observed_line_overlap_2p,observed_signed_overlap_2p,euclidean_signed_overlap_p,euclidean_signed_overlap_2p,transport_observed_line_overlap_p,transport_observed_signed_overlap_p,transport_observed_line_overlap_2p,transport_observed_signed_overlap_2p,signed_gain_p,signed_gain_2p,log_abs_gain_p,log_abs_gain_2p,matched_eigenvalue_p_real,matched_eigenvalue_p_imag,matched_eigenvalue_p_abs,matched_eigenvector_alignment_p,matched_eigenvalue_2p_real,matched_eigenvalue_2p_imag,matched_eigenvalue_2p_abs,matched_eigenvector_alignment_2p,transport_matrix_condition_p,transport_matrix_condition_2p
522.25,0,1163.5539092969718,0.553909296971824,0.22361111111111112,8.358168100246388e-05,3.376603725811123e-07,1.7930489524549926,0.011757122246070516,0.9999896612399637,-0.9999896612399637,0.9999597280804259,0.9999597280804259,-0.9999877180292633,0.9999520948964286,0.9999999937993898,0.9999999937993898,0.9999999935907713,0.9999999935907713,-1.00074251081593,1.0014589756855585,0.0007422352911524491,0.0014579124145983472,-1.000013798011405,0.005260580379639916,1.000027634577728,0.7671292909832546,0.9999859865490348,0.010513590054070508,1.0000412535842067,0.7670875483666567,7.633818028287508,15.891070820001577
522.25,1,1163.8147788621893,0.8147788621893142,0.22361111111111112,8.600861089251545e-05,3.2342056247336976e-07,1.8356273546840258,0.010571807966775886,0.9999854897368915,-0.9999854897368915,0.9999438344428531,0.9999438344428531,-0.9999857721658252,0.9999448253145489,0.9999999987532964,0.9999999987532964,0.9999999718792698,0.9999999718792698,-1.00120357048812,1.0024288993508295,0.0012028467777927072,0.0024259543425896456,-0.9999985356336369,0.005257998420760762,1.000012358832035,0.7044794141147684,0.9999859609126036,0.010513689213490343,1.0000412289916756,0.704444018951913,7.6337142159956795,15.89280374540388
522.25,2,1164.0756484274066,0.07564842740657696,0.22361111111111112,7.789437419045805e-05,3.733274326968223e-07,1.938684295022775,0.012426277607529729,0.9999792220989661,-0.9999792220989661,0.9999155939090223,0.9999155939090223,-0.9999831289772203,0.9999315047817249,0.9999999984752002,0.9999999984752002,0.9999999998384342,0.9999999998384342,-1.0004436916749844,1.0008875722524917,0.0004435932729388478,0.0008871785931568485,-1.0000141661196218,0.005250884268700659,1.0000279517221136,0.6293497093890196,0.9999859437379794,0.010513596149399401,1.0000412108395984,0.629330957018675,7.633619197580151,15.891735551237574
522.25,3,1164.336517992624,0.3365179926240671,0.22361111111111112,6.560956941211802e-05,4.444087522429491e-07,2.0009843808381262,0.01047183499649473,0.9999813044059076,-0.9999813044059076,0.9999277507233193,0.9999277507233193,-0.9999838282745459,0.9999374045182652,0.9999999997250653,0.9999999997250653,0.9999999740741901,0.9999999740741901,-0.9990728637433849,0.9981628005962339,-0.000927566313268903,-0.0018388891244771595,-1.0000022476902124,0.005265845863054355,1.0000161121292648,0.6578972437067071,0.9999859992950622,0.010513658656999388,1.0000412670507652,0.6580195892647208,7.633887935554916,15.89185875943031
522.25,4,1164.5973875578413,0.5973875578413299,0.22361111111111112,6.191737543686447e-05,4.506732733934198e-07,1.966862984941713,0.009970323983548362,0.9999890490673622,-0.9999890490673622,0.9999529860708922,0.9999529860708922,-0.9999881130164378,0.9999490533709039,0.999999977659402,0.999999977659402,0.9999999939289739,0.9999999939289739,-0.9989346769352625,0.9978659007130312,-0.001065890924692327,-0.0021363797218794923,-1.000007336348744,0.0052469722256657915,1.0000211015117866,0.7390443740640424,0.9999859196167773,0.01051364277549765,1.0000411872099182,0.7390154746942057,7.633515696022631,15.892712319860275
522.25,5,1164.8582571230588,0.8582571230588201,0.22361111111111112,7.150604266175536e-05,4.220045547348926e-07,1.8656742452186046,0.011996461363413447,0.9999907580550924,-0.9999907580550924,0.9999633371706605,0.9999633371706605,-0.9999885685868132,0.9999546200742001,0.9999999987220632,0.9999999987220632,0.9999999963253,0.9999999963253,-0.9997199589979204,0.9994207770208278,-0.0002800802208830765,-0.0005793907936064807,-1.0000104219434378,0.005264825592408362,1.0000242808972244,0.7792069281991459,0.9999860022739497,0.010513607762005054,1.000041269494419,0.7791430720468181,7.633894147076293,15.891105528883545
522.25,6,1165.119126688276,0.11912668827608286,0.22361111111111112,8.298584444292714e-05,3.482237095762529e-07,1.7941550490558944,0.01191723621952323,0.9999905794406323,-0.9999905794406323,0.9999617177667546,0.9999617177667546,-0.9999887066460682,0.9999540625552938,0.999999998644239,0.999999998644239,0.9999999996697368,0.9999999996697368,-1.0006626492458803,1.0013345865582788,0.0006624297908112707,0.0013336967891992683,-0.9999999805246831,0.005252652821849573,1.000013775610633,0.7696635254575217,0.9999859383678841,0.010513684663311276,1.000041206400365,0.7697107815487336,7.633608781311041,15.89304569948255
522.25,7,1165.3799962534936,0.379996253493573,0.22361111111111112,8.61795647782513e-05,3.2802310841618916e-07,1.8286354366532764,0.01043886110140389,0.9999852971537543,-0.9999852971537543,0.9999404526208803,0.9999404526208803,-0.9999853235700679,0.9999404988820524,0.9999999959313813,0.9999999959313813,0.9999999662982573,0.9999999662982573,-1.0012227145788917,1.0024261017436038,0.0012219676721947625,0.0024231635101113545,-1.0000150440898774,0.005255938961075384,1.00002885623388,0.7104021130624427,0.9999859670654023,0.01051358599582862,1.000041234058986,0.7104337769629212,7.6337264942350815,15.89128041427547
522.25,8,1165.640865818711,0.6408658187110632,0.22361111111111112,7.877413210303476e-05,3.735352466965831e-07,1.9320270026973332,0.012136276873091949,0.9999786937856576,-0.9999786937856576,0.9999169650131575,0.9999169650131575,-0.9999826241416692,0.9999321194472703,0.9999999989485,0.9999999989485,0.9999999993550439,0.9999999993550439,-1.0005309450646573,1.0010911033032928,0.0005308041631982481,0.0010905084827180116,-0.9999992883239937,0.005262391614517428,1.00001313462074,0.6324667388031284,0.9999859812002873,0.010513680566603728,1.0000412491873312,0.6324742541488976,7.633807120499327,15.892408648965803
522.25,9,1165.9017353839283,0.901735383928326,0.22361111111111112,6.64126927445998e-05,4.284343799838632e-07,2.000601437507029,0.011522725399635421,0.9999803191673646,-0.9999803191673646,0.9999204808179472,0.9999204808179472,-0.9999831504554513,0.999932054235568,0.9999999962698347,0.9999999962698347,0.99999997933381,0.99999997933381,-0.9991477414575977,0.9982985467093982,-0.0008526219211903428,-0.0017029024062201322,-1.0000116012421705,0.005247900505467577,1.0000253712174731,0.6524545125641935,0.9999859279636932,0.010513614978636898,1.000041195264139,0.6523316961494853,7.633549001073819,15.892212138161394
522.25,10,1166.1626049491458,0.16260494914581614,0.22361111111111112,6.165639192895994e-05,4.5331099476281265e-07,1.971939220144206,0.00966686408903724,0.9999870971842886,-0.9999870971842886,0.99995022465975,0.99995022465975,-0.9999862352063597,0.9999468701351172,0.9999999964910826,0.9999999964910826,0.9999999998993141,0.9999999998993141,-0.9989025499407138,0.9978026756148439,-0.0010980526985538473,-0.0021997420446202014,-1.0000059546607316,0.005266657827003289,1.0000198233243118,0.7340840290880417,0.9999860062399875,0.01051363447543962,1.0000412737410809,0.7341222027954084,7.633916936223647,15.891424951523485
522.25,11,1166.423474514363,0.4234745143630789,0.22361111111111112,7.05440900928219e-05,4.062233314674563e-07,1.8724961261758808,0.01307742163016965,0.999991060978407,-0.999991060978407,0.999964542282981,0.999964542282981,-0.9999889803055219,0.9999563015029497,0.9999999996580152,0.9999999996580152,0.9999999951468327,0.9999999951468327,-0.9996410522216259,0.9992813771528145,-0.0003590122155480672,-0.000718881180353898,-1.0000034689759887,0.00524855220441293,1.0000172424834752,0.7778603379102003,0.9999859232320506,0.010513666111979016,1.0000411910703333,0.7779211918412883,7.6335355968239575,15.892989952384989
522.25,12,1166.6843440795806,0.6843440795805691,0.22361111111111112,8.240175441520435e-05,3.5168111836523326e-07,1.7971803981090704,0.012059681188091283,0.99999005644143,-0.99999005644143,0.9999622326237463,0.9999622326237463,-0.9999879888088969,0.9999543211050135,0.9999999945094931,0.9999999945094931,0.9999999999707213,0.9999999999707213,-1.0006161725990357,1.001206455968668,0.0006159828426442372,0.0012057287854833714,-1.0000134482795482,0.005261256208370326,1.0000272884060928,0.7721147887753848,0.9999859892881162,0.010513591464021027,1.0000412563379597,0.7720632458094868,7.633830781251929,15.891057340509855
522.25,13,1166.9452136447978,0.9452136447978319,0.22361111111111112,8.636735356043341e-05,3.2409100947640076e-07,1.8236541319816324,0.010534358839101176,0.9999875093431265,-0.9999875093431265,0.999948577212322,0.999948577212322,-0.9999873301484274,0.9999477460483923,0.9999999672884351,0.9999999672884351,0.999999945235821,0.999999945235821,-1.0011947107701098,1.0024094670971602,0.0011939976711058855,0.002406568985650043,-0.9999985867815677,0.005257258629896537,1.0000124060897617,0.7163739127773135,0.9999859575887033,0.010513689515846837,1.000041225671138,0.7163467012005749,7.633699148084536,15.892852285548845
522.25,14,1167.2060832100153,0.20608321001532204,0.22361111111111112,7.95700284844364e-05,3.7095745905346724e-07,1.9238681026331175,0.01204408882612948,0.9999795310832326,-0.9999795310832326,0.9999167688359037,0.9999167688359037,-0.9999831119495196,0.9999313512426405,0.9999999999605905,0.9999999999605905,0.9999999964051182,0.9999999964051182,-1.0006428261679752,1.0012835243383191,0.0006426196437354419,0.0012827013251186436,-1.0000144290720354,0.005251493859331795,1.0000282178718876,0.6362397271119766,0.9999859466949301,0.010513593963582502,1.0000412137734058,0.6362416122119714,7.6336326676543464,15.891664706076975
522.25,15,1167.4669527752326,0.4669527752325848,0.22361111111111112,6.721070255727923e-05,4.3652922706553765e-07,1.9982145017831487,0.010858984625370565,0.9999808697091337,-0.9999808697091337,0.9999236994516407,0.9999236994516407,-0.9999838913260558,0.9999356346804944,0.999999994190664,0.999999994190664,0.999999979105532,0.999999979105532,-0.9992156564235377,0.9984513013990931,-0.0007846513348213071,-0.0015498990741927457,-1.000001740301759,0.005265523231295439,1.0000156030489953,0.6468039401471786,0.9999859973953632,0.010513662193343888,1.0000412651883497,0.6469247604704137,7.633879622329612,15.891933468310587
522.25,16,1167.72782234045,0.727822340450075,0.22361111111111112,6.153010727177969e-05,4.525058451161752e-07,1.978287952964366,0.009516740339804469,0.999987487788409,-0.999987487788409,0.9999476027443996,0.9999476027443996,-0.9999868272641153,0.9999449391087822,0.9999999988911918,0.9999999988911918,0.9999999938743793,0.9999999938743793,-0.9988764936961829,0.9977499135727275,-0.0011241379101445494,-0.0022526216754699562,-1.0000079542144946,0.005246921023775671,1.0000217191003846,0.7290357202797123,0.9999859201131518,0.010513638998587599,1.0000411876665578,0.728988057898475,7.633516675798351,15.892653351030726
522.25,17,1167.9886919056676,0.9886919056675652,0.22361111111111112,6.965177959264642e-05,4.2735542624688407e-07,1.8808913124737396,0.01189903635344774,0.999990487080898,-0.999990487080898,0.9999625463122901,0.9999625463122901,-0.9999883441020915,0.9999540816760798,0.9999999978389427,0.9999999978389427,0.9999999964046709,0.9999999964046709,-0.9995811505025473,0.999144938210472,-0.0004189372394048065,-0.0008554275633809717,-1.0000098533669557,0.00526523750978376,1.0000237144973287,0.7765052514353713,0.9999860035976953,0.010513610896925634,1.0000412708510493,0.7764486473888568,7.633900723505798,15.891133263204619
522.25,18,1168.2495614708848,0.24956147088482794,0.22361111111111112,8.167933061967185e-05,3.525989522673079e-07,1.7987662060459686,0.012368429995058699,0.9999906947912962,-0.9999906947912962,0.9999623060065921,0.9999623060065921,-0.999988675641258,0.9999540886663763,0.9999999999905889,0.9999999999905889,0.9999999986512307,0.9999999986512307,-1.0005336542436019,1.0010750245497186,0.0005335119008149684,0.0010744471246211089,-1.0000003501705237,0.005251990696303237,1.0000141417737272,0.7740868825470493,0.9999859356376293,0.0105136828782922,1.0000412036514945,0.7741431273159901,7.633596336066819,15.893056335656146
522.25,19,1168.5104310361023,0.5104310361023181,0.22361111111111112,8.643966707728072e-05,3.2478587081461725e-07,1.8179247326820647,0.01035171596645145,0.9999857835150252,-0.9999857835150252,0.9999439719743041,0.9999439719743041,-0.9999853298164112,0.9999421182539936,0.9999999842997411,0.9999999842997411,0.9999999587974253,0.9999999587974253,-1.0012007632829802,1.00238019960496,0.0012000429433299724,0.002377371416759488,-1.0000149711547612,0.005256680525259646,1.00002878719755,0.721943212269029,0.9999859703069358,0.010513585968795099,1.000041237300056,0.7219655569881223,7.63374155043935,15.891234144055382
522.25,20,1168.7713006013196,0.7713006013195809,0.22361111111111112,8.042042967627109e-05,3.557143414146896e-07,1.9176498246707117,0.012187005080860106,0.9999798884404343,-0.9999798884404343,0.9999218176554249,0.9999218176554249,-0.9999832805686155,0.9999348482318642,0.9999999996411906,0.9999999996411906,0.9999999818507943,0.9999999818507943,-1.000718152240878,1.0014651302342459,0.00071789449295148,0.0014640579781463447,-0.999999047462228,0.0052617647395467385,1.000012890463687,0.6406135953631351,0.9999859782045127,0.010513682648141481,1.000041246213606,0.6406021449349122,7.633793429427116,15.892478511364603
522.25,21,1169.032170166537,0.032170166537071054,0.22361111111111112,6.807003908578339e-05,4.2294587575390446e-07,1.9960642972271647,0.011889141173602836,0.9999790554141207,-0.9999790554141207,0.999917147404717,0.999917147404717,-0.9999825049429578,0.9999309181440588,0.9999999900840766,0.9999999900840766,0.9999999839335254,0.9999999839335254,-0.9993066538111739,0.9986171726930414,-0.0006935866644565509,-0.0013837842949735485,-1.000012093946118,0.005248246072468515,1.0000258657281504,0.642087141049032,0.9999859299166742,0.010513611381724026,1.000041197179197,0.64196872287855,7.633557781180158,15.892137058281623
522.25,22,1169.2930397317543,0.29303973175433384,0.22361111111111112,6.142718503515042e-05,4.5414420560635406e-07,1.9822304700241242,0.009620002660705704,0.9999866968875679,-0.9999866968875679,0.9999488287507923,0.9999488287507923,-0.9999862536163916,0.9999470861833519,0.9999999999893403,0.9999999999893403,0.9999999838195548,0.9999999838195548,-0.9988538816958099,0.997708203298372,-0.0011467756000475636,-0.0022944268870240705,-1.0000053379880316,0.005266681297799469,1.0000192067837748,0.7235255275822079,0.9999860057808598,0.010513638362588588,1.000041273322845,0.723582399074798,7.633915367432354,15.891485636095961
522.25,23,1169.5539092969718,0.553909296971824,0.22361111111111112,6.875935533700598e-05,4.217618631683365e-07,1.8889057409192886,0.012184107192597066,0.9999910286404423,-0.9999910286404423,0.9999633639263346,0.9999633639263346,-0.9999890625024956,0.9999553573032781,0.9999999973609737,0.9999999973609737,0.9999999975558076,0.9999999975558076,-0.9995059602704127,0.9990102687772182,-0.0004941618074236764,-0.0009902213301381827,-1.0000040460853838,0.0052481656506385135,1.000017817556185,0.7746499215026583,0.9999859219826581,0.010513662806867805,1.0000411897862624,0.7747022194888734,7.633529510895278,15.892959494098957
550.0,0,663.5455759548887,0.5455759548887045,0.22777777777777777,0.0006830014926589627,5.779416348135297e-06,2.2747183999699505,0.013134194691901904,0.9999839559382669,-0.9999839559382669,0.9999467909048614,0.9999467909048614,-0.9999820625215409,0.9999380122098368,0.9999999717282189,0.9999999717282189,0.999999995502767,0.999999995502767,-1.0023183601048367,1.0046039748974633,0.002315676854409076,0.004593409022638289,-1.0014088374741301,0.005893689279505993,1.001426180676645,0.7572232425692693,1.0027612442574685,0.011993685525169169,1.0028329678851124,0.7572663685351608,7.525550592320742,15.67181396290783
550.0,1,663.8064455201061,0.806445520106081,0.22777777777777777,0.0007973398488309988,5.4630705451312745e-06,2.1671564041962825,0.0170843268435921,0.9999858878813875,-0.9999858878813875,0.999952965691048,0.999952965691048,-0.9999835703447876,0.999941287360472,0.9999999999817167,0.9999999999817167,0.9999999999646949,0.9999999999646949,-1.0013713846723784,1.0028393078456956,0.0013704451832544896,0.002835284624816902,-1.0013541611923924,0.006059212089214439,1.001372493225404,0.7773409582616004,1.0027621852550825,0.011994003471424911,1.0028339126180472,0.7768216137827548,7.52088202636887,15.689676551577007
550.0,2,664.0673150853235,0.06731508532345742,0.22777777777777777,0.0009124668847280858,4.756617177726394e-06,2.110112905524627,0.01672764804151509,0.9999853607684798,-0.9999853607684798,0.999946020440572,0.999946020440572,-0.999983997975078,0.9999370757354297,0.9999999855856134,0.9999999855856134,0.9999999998671092,0.9999999998671092,-1.0006291881848173,1.0010724316774253,0.000628990328919364,0.0010718570333815714,-1.0014679500811543,0.0059518539202646345,1.0014856362448927,0.7581434954749675,1.0027613953163423,0.011993241048060174,1.0028331136174227,0.7583929789231457,7.524280258787643,15.670806501551857
550.0,3,664.3281846505408,0.3281846505408339,0.22777777777777777,0.0009489377106616978,4.196374904087535e-06,2.15570863126407,0.01487150653153362,0.9999755920684139,-0.9999755920684139,0.9999244709580484,0.9999244709580484,-0.9999766300972452,0.9999266007920956,0.9999999949800104,0.9999999949800104,0.9999999923525098,0.9999999923525098,-1.0000506294670701,1.0003073872516246,5.062818544191974e-05,0.00030734001784249877,-1.001318548791769,0.005980448805185013,1.0013364079680545,0.7023045708024682,1.0027618417036304,0.011994325400523058,1.0028335729415276,0.7025467598585122,7.522886043966085,15.68677216261396
550.0,4,664.5890542157583,0.5890542157583241,0.22777777777777777,0.0008869758124464756,4.289481608893454e-06,2.2681318777325155,0.019501252273185075,0.9999668875602303,-0.9999668875602303,0.9998944477775392,0.9998944477775392,-0.999974132830109,0.9999137618301127,0.9999999966570391,0.9999999966570391,0.9999999997070506,0.9999999997070506,-1.0009447204861328,1.0017395550582904,0.0009442745185886999,0.0017380437847651373,-1.0014707230668909,0.006037829366992972,1.001488923824715,0.6380207600384588,1.0027617963225868,0.011993172051068172,1.0028335137698319,0.638199763654017,7.521958978515818,15.677072681525768
550.0,5,664.8499237809757,0.8499237809757005,0.22777777777777777,0.0007631671733846937,5.033221408790387e-06,2.35758892563558,0.02154659987060094,0.9999714633946306,-0.9999714633946306,0.9999002323288199,0.9999002323288199,-0.9999776775240552,0.9999163772919787,0.9999999981993954,0.9999999981993954,0.9999999981277339,0.9999999981277339,-1.0021632474751887,1.0044388595785205,0.002160911024310158,0.004429036898280237,-1.0013465355023061,0.005905142483226705,1.0013639472590465,0.6482988919971785,1.0027614001865917,0.01199415923722742,1.0028331294686976,0.6472077721581051,7.524987171525212,15.678345566561328
550.0,6,665.1107933461931,0.11079334619307701,0.22777777777777777,0.0006727790460242692,5.701906155035512e-06,2.3598283794532104,0.016340770698474727,0.9999752677736922,-0.9999752677736922,0.9999286966105619,0.9999286966105619,-0.9999763206416943,0.9999275649438435,0.9999999747311505,0.9999999747311505,0.9999999992667348,0.9999999992667348,-1.0026879571558902,1.005355000969912,0.002684351059630357,0.005340713934248523,-1.0014161995938835,0.0060830233898397056,1.001434674845353,0.7147704533838526,1.0027621487051817,0.011993547117578699,1.0028338706128221,0.715440851310912,7.520468536782066,15.685702963053721
550.0,7,665.3716629114105,0.3716629114104535,0.22777777777777777,0.0007096692380450891,5.8849670559731045e-06,2.2760257800491828,0.013717137883138305,0.9999841088217445,-0.9999841088217445,0.9999483871486377,0.9999483871486377,-0.9999817984778858,0.9999382582009146,0.9999999975703564,0.9999999975703564,0.9999999996159604,0.9999999996159604,-1.002157125143946,1.004262577402186,0.0021548018899359357,0.004253518353272372,-1.0014170435961085,0.005895716709748287,1.0014343985904877,0.764612521344106,1.0027612171784677,0.01199366174915951,1.0028329405236922,0.7648235805044779,7.525534029724435,15.671222447449145
550.0,8,665.6325324766278,0.63253247662783,0.22777777777777777,0.0008352641345218751,5.330965650043382e-06,2.17126395725607,0.01809771587535135,0.9999860342610616,-0.9999860342610616,0.9999525017040776,0.9999525017040776,-0.9999838907061487,0.9999409010847972,0.9999999994238759,0.9999999994238759,0.9999999998293748,0.9999999998293748,-1.0011548454393735,1.0024241903375333,0.0011541791183282842,0.0024212567282652668,-1.0013471913349457,0.006053300222023117,1.0013654877405962,0.7765782608049656,1.0027621482179203,0.011994095936365171,1.0028338766894291,0.776048383596364,7.521018377723175,15.689862360062964
550.0,9,665.8934020418452,0.8934020418452064,0.22777777777777777,0.0009389733584526718,4.617105264746213e-06,2.134392686820263,0.016150712383420324,0.9999837937743075,-0.9999837937743075,0.9999419759078596,0.9999419759078596,-0.9999826840018091,0.9999345017706898,0.9999999872162457,0.9999999872162457,0.9999999996203013,0.9999999996203013,-1.0004869500528584,1.0007762995173939,0.00048683153115591956,0.0007759983527760857,-1.0014722857506957,0.0059609036485699166,1.0014900256612798,0.7490840666685267,1.002761407439767,0.011993240698956943,1.0028331257358054,0.7492149986573353,7.524058096670304,15.67108914838666
550.0,10,666.1542716070626,0.15427160706258292,0.22777777777777777,0.0009538540584728478,4.153844657054157e-06,2.201512400061658,0.015533030170807656,0.9999749225043637,-0.9999749225043637,0.99991709660386,0.99991709660386,-0.9999769609915334,0.999923033644957,0.9999999885739839,0.9999999885739839,0.9999999974171048,0.9999999974171048,-1.0000980697745108,1.0004054363072044,9.80649659848091e-05,0.0004053541401130191,-1.0013175389398494,0.0059705424802360815,1.0013353390178863,0.6865584825398853,1.0027617708124554,0.011994374020606872,1.002833502636942,0.686841802682072,7.5231469259432835,15.686086073681885
550.0,11,666.41514117228,0.4151411722799594,0.22777777777777777,0.0008721834729738604,4.461605145928658e-06,2.3177178563564005,0.02142629293410514,0.9999663516534586,-0.9999663516534586,0.9998921956547121,0.9998921956547121,-0.9999745186301102,0.9999132919231715,0.9999999965024464,0.9999999965024464,0.9999999997666508,0.9999999997666508,-1.0012333757562633,1.0023327169257243,0.0012326157732174435,0.0023300003654204747,-1.0014678165008968,0.006046443763568185,1.001486069283672,0.6311283055653697,1.0027618241015053,0.011993222811791795,1.002833542153827,0.631551417553755,7.521708191172634,15.678004695464942
550.0,12,666.6760107374974,0.6760107374974496,0.22777777777777777,0.0007444576111468505,5.274165302032553e-06,2.3926827780578015,0.0209305604502761,0.9999745026560268,-0.9999745026560268,0.9999068338010197,0.9999068338010197,-0.9999794812482197,0.9999191396986065,0.9999999827993561,0.9999999827993561,0.9999999943420179,0.9999999943420179,-1.0023803438862324,1.004856095927071,0.0023775153554188495,0.004844343126372033,-1.001352541067237,0.00589916265005774,1.0013699174739494,0.6616384727540569,1.0027613383998697,0.011994154089836801,1.002833067624831,0.6604947541894846,7.525167979770844,15.677340075796252
550.0,13,666.9368803027148,0.936880302714826,0.22777777777777777,0.0006761505520796476,5.8476603003613836e-06,2.373426481579531,0.01492977245576658,0.9999768550831329,-0.9999768550831329,0.9999350216254208,0.9999350216254208,-0.9999767088154607,0.9999310561534568,0.9999999835767595,0.9999999835767595,0.9999999997651009,0.9999999997651009,-1.0026261131047023,1.005242881218544,0.002622670894787659,0.005229185167131745,-1.0014084531126484,0.006084552733826768,1.0014269377979794,0.728796990349954,1.002762153856032,0.01199364038624735,1.0028338768787697,0.7292694701436742,7.520393996278333,15.68655567826245
550.0,14,667.1977498679322,0.1977498679322025,0.22777777777777777,0.0007415060667723752,5.9077094301225715e-06,2.2763719994710994,0.014686904965452807,0.9999845093784797,-0.9999845093784797,0.9999504922968855,0.9999504922968855,-0.9999819841407929,0.9999395614228548,0.9999999994111428,0.9999999994111428,0.9999999995770277,0.9999999995770277,-1.0019793158574117,1.003887487365269,0.0019773595927318373,0.003879950612633868,-1.001425230770372,0.005898775627761556,1.0014426036360742,0.7701826163009314,1.0027611941226313,0.011993638247995722,1.0028329171884363,0.7705327123352029,7.525490636247872,15.670709794300338
550.0,15,667.4586194331496,0.458619433149579,0.22777777777777777,0.0008725325461275868,5.2871672228123375e-06,2.1783967695885345,0.01847334460569771,0.9999858313956423,-0.9999858313956423,0.9999515674625892,0.9999515674625892,-0.9999838686224386,0.9999403333887081,0.999999997624378,0.999999997624378,0.9999999999236451,0.9999999999236451,-1.000942524419735,1.0020175608335462,0.0009420805224948333,0.0020155282910805745,-1.0013405787669551,0.00604656553387616,1.0013588346043072,0.77397737611357,1.002762105290164,0.011994186819501783,1.002833834851728,0.7734730710984539,7.521178431878512,15.689948166848266
550.0,16,667.719488998367,0.7194889983669555,0.22777777777777777,0.000961359389233624,4.471212243072884e-06,2.1642045127214327,0.015483888888413452,0.9999806579797389,-0.9999806579797389,0.9999369397020492,0.9999369397020492,-0.9999798201780394,0.9999314213128112,0.9999999977583811,0.9999999977583811,0.9999999967217374,0.9999999967217374,-1.0003729424339602,1.000539293240199,0.00037287290821624944,0.0005391478738606579,-1.0014759290687745,0.005970417861009806,1.0014937255887328,0.738213396353945,1.0027614226721462,0.011993245710360851,1.0028331410270284,0.738220347118471,7.5238194325427905,15.671470245119156
550.0,17,667.9803585635843,0.9803585635843319,0.22777777777777777,0.0009540146879280463,4.1855832605503716e-06,2.250891542586914,0.01674667368483668,0.9999743195856461,-0.9999743195856461,0.9999095321595459,0.9999095321595459,-0.9999774036981373,0.9999195886947367,0.9999999290322711,0.9999999290322711,0.9999999997977222,0.9999999997977222,-1.0002083212256156,1.0006258130910068,0.00020829952976221313,0.0006256173516543147,-1.0013173533273902,0.00596055779781176,1.0013350939240224,0.6708741517675572,1.0027616976807283,0.011994416982817658,1.0028334300242958,0.6711378700929221,7.523412098281368,15.685319252968661
550.0,18,668.2412281288017,0.2412281288017084,0.22777777777777777,0.0008544588425536554,4.6656120415736385e-06,2.3658730371966157,0.0225545201442797,0.9999666913983388,-0.9999666913983388,0.9998913754812366,0.9998913754812366,-0.9999752770049449,0.9999129566056787,0.9999999986702626,0.9999999986702626,0.99999999989897,0.99999999989897,-1.0015399770367268,1.0029621635730974,0.0015387924880525578,0.002957785011127334,-1.0014641287111428,0.00605462036458795,1.0014824309606871,0.6290570968541476,1.0027618514404506,0.011993280298359665,1.00283357017832,0.6297354102648549,7.521465433451566,15.678978701035733
550.0,19,668.5020976940191,0.5020976940190849,0.22777777777777777,0.0007281389339040706,5.490130722506714e-06,2.4234145236179074,0.021031780939640247,0.9999760934707611,-0.9999760934707611,0.9999110377420619,0.9999110377420619,-0.9999799053246217,0.9999195504409898,0.9999999751143123,0.9999999751143123,0.999999996879823,0.999999996879823,-1.0025369845943144,1.0051521249837245,0.002533771881486578,0.005138898199047127,-1.001359179403778,0.005893981615359063,1.0013765251869498,0.6767158294686457,1.0027612788775455,0.011994144949104451,1.0028330079974386,0.6756041506911312,7.525330595575081,15.676340253477315
550.0,20,668.7629672592366,0.762967259236575,0.22777777777777777,0.0006867192914435263,5.954182491031796e-06,2.3829055160520145,0.013865061923294232,0.9999792205662177,-0.9999792205662177,0.9999403988331752,0.9999403988331752,-0.9999781887051457,0.9999341796236798,0.9999999999288189,0.9999999999288189,0.9999999979570662,0.9999999979570662,-1.0025217248931126,1.0050467643464052,0.002518550680102456,0.0050340721164390005,-1.0014004264862226,0.006085124298816831,1.001418914792666,0.7412662250565237,1.002762154010354,0.011993737414069085,1.0028338781935133,0.741532483543251,7.520345447410321,15.687359983990627
550.0,21,669.023836824454,0.02383682445395152,0.22777777777777777,0.0007773032069737575,5.855436484047387e-06,2.276657920515507,0.016099442909163653,0.99998522215895,-0.99998522215895,0.9999521086605119,0.9999521086605119,-0.9999827083624676,0.999940718257072,0.9999999987996483,0.9999999987996483,0.9999999999373721,0.9999999999373721,-1.0017901830188822,1.0034893520723536,0.0017885825510638778,0.003483278408079106,-1.001433309603686,0.005902854965104573,1.0014507063657858,0.7739532423607728,1.0027611755074142,0.011993616295846478,1.0028328983120085,0.7744079574007943,7.525420178272828,15.670282940245169
550.0,22,669.2847063896713,0.284706389671328,0.22777777777777777,0.0009080822989612004,5.269274281386628e-06,2.189382698301884,0.018469684829925895,0.999985727833347,-0.999985727833347,0.9999503863878896,0.9999503863878896,-0.9999840459914583,0.99993987788325,0.9999999999350548,0.9999999999350548,0.9999999991949462,0.9999999991949462,-1.000738888476005,1.0016280088799032,0.0007386156323073458,0.001626685109991396,-1.0013344002859597,0.006039054956715877,1.0013526109122663,0.7695180303210263,1.0027620569182187,0.011994275903536302,1.0028337875487179,0.7690735456581578,7.521360962115029,15.689930607685255
550.0,23,669.5455759548887,0.5455759548887045,0.22777777777777777,0.0009794954487165916,4.324617057988579e-06,2.200220594052589,0.014897046944310724,0.9999766220685972,-0.9999766220685972,0.9999308965988142,0.9999308965988142,-0.9999763258549141,0.9999279007077786,0.9999999339218258,0.9999999339218258,0.9999999888868072,0.9999999888868072,-1.0002943527902453,1.0003762542602392,0.00029430947696207534,0.0003761834943551524,-1.00147882908821,0.005980303228454204,1.0014966845369966,0.7256338079024137,1.0027614408725438,0.01199325691441048,1.0028331593601176,0.7255240350754155,7.523566411132386,15.67194792910975
