q,cell_index,center_start,cell_left,cell_right,cell_half_width,line_center_validation_radius,second_center_validation_radius,oriented_center_validation_radius,two_line_center_validation_radius,line_total_cell_radius,second_total_cell_radius,oriented_total_cell_radius,two_line_total_cell_radius,line_start_derivative_bound,second_start_derivative_bound,oriented_start_derivative_bound,two_line_start_derivative_bound,active_det_center,active_sigma_center,active_sigma_lower,active_orientation_pass,without_z_det_center,without_z_sigma_center,without_z_sigma_lower,without_z_orientation_pass,planar_separation_lower,active_norm_upper,mediation_margin_lower,mediation_pass,endpoint_separation_lower,endpoint_separation_pass,composition_enclosure_upper,all_structural_pass
550.0,0,657.3191870659997,657.3191870659997,657.3955394965553,0.07635243055563024,2557.4344474374675,2361.6845756496914,831464694.1966217,899263616.1782463,13375231.83387608,12351470.512001825,4348612764084.1514,4703222295316.958,1499896984.801073,1385092461.0978441,487654406297292.1,527420619587022.2,-0.2865799115272732,0.32143529184316344,-4348612764083.83,False,0.0536425822566788,0.06084134176210689,-165203815413826.9,False,-169552400484085.47,4348612764085.099,-173683582609966.3,False,-9051835059401.098,False,169552454194838.22,False
550.0,1,657.4718919271108,657.3955394965553,657.5482443576664,0.07635243055551655,2554.427271442838,2362.6006200516267,830608063.2815732,898339420.4913456,13359818.205058087,12356601.69036846,4344486102103.868,4698723568408.973,1498172602.68562,1385672320.4040403,487196272475809.5,526920517428711.8,-0.28658018669244845,0.32144773157487244,-4344486102103.547,False,0.053657108519693616,0.06085931280759837,-165081986018764.53,False,-169426444447769.53,4344486102104.816,-173553706244769.1,False,-9043209670512.828,False,169426498138113.75,False
550.0,2,657.6245967882219,657.5482443576664,657.7009492187774,0.07635243055551655,2556.615106838003,2362.236227628433,831361454.2854165,899150820.304999,13378880.25054203,12361720.476056559,4350310465258.263,4705026249528.362,1500410050.194651,1386338373.212626,487874101318309.44,527654276585675.6,-0.2862644556090253,0.32143702551570835,-4350310465257.942,False,0.05363135397924848,0.060894417517010274,-165386011777369.0,False,-169736294540993.47,4350310465259.21,-173869089482989.72,False,-9055336714786.613,False,169736348281334.8,False
550.0,3,657.777301649333,657.7009492187774,657.8536540798887,0.07635243055563024,2557.3956067804984,2361.6931407417137,831451453.3580842,899248686.4000227,13377978.00238211,12354226.784291614,4349309270561.468,4703989031600.67,1500243561.486306,1385437055.6474676,487742542812772.4,527517667340781.06,-0.2865888061982945,0.3214355698263973,-4349309270561.1465,False,0.05364327951698454,0.06084031929218849,-165274607990381.5,False,-169623889561257.38,4349309270562.4155,-173755733368291.66,False,-9053298302162.125,False,169623943283505.97,False
550.0,4,657.9300065104442,657.8536540798887,658.0063589409997,0.07635243055551655,2554.379118891773,2362.6087813669446,830598240.8390968,898327511.0595617,13359138.183007237,12356243.262416255,4344295797650.6445,4698510837208.44,1498090736.8316543,1385626872.6729848,487173111952278.94,526894691197680.25,-0.2865716502960929,0.32144779277490426,-4344295797650.323,False,0.05365682202253995,0.060860769563720094,-165068794967031.03,False,-169413063092899.94,4344295797651.5923,-173540144100668.94,False,-9042806634859.072,False,169413116781092.2,False
550.0,5,658.0827113715552,658.0063589409997,658.1590638021107,0.07635243055551655,2556.6792271917816,2362.2215906314914,831374304.3593291,899169882.6164926,13379122.59398999,12361566.708946254,4350333261085.482,4705071875566.762,1500436007.5507343,1386320117.6511855,487876075694796.75,527658684563538.1,-0.28626432015726594,0.3214366843035548,-4350333261085.1606,False,0.05363094983799899,0.06089394426773845,-165386950290714.03,False,-169737255849789.38,4350333261086.4287,-173870072447821.47,False,-9055405136652.23,False,169737309590291.97,False
550.0,6,658.2354162326664,658.1590638021107,658.311768663222,0.07635243055563024,2557.4432073615053,2361.802877940089,831462926.7138093,899264326.3203305,13378721.63787694,12355256.057761906,4349545167836.803,4704261267452.921,1500333433.200898,1385558443.4977217,487771300509372.6,527550690635492.2,-0.28659749817549707,0.3214358594536386,-4349545167836.482,False,0.053643981974365616,0.060839346377490965,-165297565397440.56,False,-169647082863748.78,4349545167837.751,-173779150773194.66,False,-9053806435289.71,False,169647136589709.22,False
550.0,7,658.3881210937775,658.311768663222,658.464473524333,0.07635243055551655,2554.3657872692074,2362.6404986540397,830597421.8265805,898327785.2248595,13358669.614395602,12356041.612354137,4344151344322.1714,4698360966514.653,1498032967.8357997,1385599446.0116272,487155077035841.9,526875902951112.0,-0.28656285015233407,0.32144783668959587,-4344151344321.85,False,0.05365650450140138,0.06086224390432084,-165060311441645.75,False,-169404435115100.38,4344151344323.119,-173531378892207.34,False,-9042512310836.812,False,169404488801907.97,False
550.0,8,658.5408259548885,658.464473524333,658.617178385444,0.07635243055551655,2556.7287895704867,2362.140082319887,831392903.0559345,899183690.8128718,13379247.923864484,12361012.018506777,4350372367896.763,4705080245562.408,1500448307.3508985,1386256231.7773786,487879698958678.94,527658786539230.1,-0.2862646606672575,0.32143634888113587,-4350372367896.442,False,0.05363057236464059,0.06089340294138765,-165381078223104.94,False,-169731422889198.7,4350372367897.71,-173864276638701.5,False,-9055452613459.158,False,169731476628778.56,False
550.0,9,658.6935308159997,658.617178385444,658.7698832465553,0.07635243055563024,2557.374860446392,2361.794899287882,831442582.4224421,899239484.8569165,13378858.382758856,12355673.789577972,4349614331898.9844,4704320780569.09,1500355242.0784829,1385611307.1470213,487781356542905.7,527559846122140.3,-0.28660596500781205,0.3214361603833933,-4349614331898.663,False,0.05364468796980538,0.06083842569550244,-165304843690921.4,False,-169654430320780.5,4349614331899.932,-173786563936085.44,False,-9053935112468.062,False,169654484047909.7,False
550.0,10,658.8462356771108,658.7698832465553,658.9225881076663,0.07635243055551655,2554.335833615615,2362.638179180564,830593535.0839527,898322167.4963186,13358120.096268933,12355669.7849886,4343993199930.085,4698182521780.663,1497966199.6485603,1385553038.3979108,487135537681561.3,526853939818383.9,-0.2865538038290851,0.32144786332385866,-4343993199929.7637,False,0.05365615654571631,0.06086373281371204,-165048554656797.03,False,-169392520187042.47,4343993199931.0327,-173519313726976.94,False,-9042175721710.734,False,169392573871939.28,False
550.0,11,658.998940538222,658.9225881076663,659.0752929687775,0.07635243055563024,2556.7722482972154,2362.1119909705862,831397907.6895647,899195166.9704319,13379298.774465755,12360703.842275323,4350329350202.42,4705064699339.3125,1500451697.4236104,1386219559.4593022,487873968284519.94,527656052990581.56,-0.28626547873163394,0.32143601978269015,-4350329350202.0986,False,0.05363022257606037,0.060892794445182065,-165377583606079.22,False,-169727885254464.9,4350329350203.3667,-173860698137158.1,False,-9055394049541.719,False,169727938993483.8,False
550.0,12,659.151645399333,659.0752929687775,659.2279978298886,0.07635243055563024,2557.3986552787696,2361.8979539374404,831446370.2258103,899247231.3477297,13379473.23090294,12356664.082096862,4349805324441.15,4704545168425.818,1500430615.8645089,1385728271.2900674,487805017108519.3,527587417926208.25,-0.2866141850876886,0.3214364719050105,-4349805324440.8286,False,0.05364539591928101,0.06083755983423253,-165325690148287.12,False,-169675467769047.3,4349805324442.0977,-173807782827267.3,False,-9054350492866.955,False,169675521499541.25,False
550.0,13,659.3043502604442,659.2279978298886,659.3807026909997,0.07635243055551655,2554.4234183717067,2362.6863401466553,830623406.4097574,898357804.4171425,13358184.148763333,12355551.939286334,4344011223952.3394,4698219275451.97,1497968222.4049106,1385534981.124907,487135748863009.06,526856101732062.6,-0.286544530565517,0.32144787283141946,-4344011223952.018,False,0.053655778760886494,0.06086523298325937,-165047771863392.62,False,-169391755417930.0,4344011223953.287,-173518566080685.62,False,-9042230499404.297,False,169391809102723.75,False
550.0,14,659.4570551215553,659.3807026909997,659.5334075521108,0.07635243055563024,2556.817133900058,2362.023422966716,831414291.4822631,899206986.8114196,13379344.584596943,12360071.32397156,4350345917220.406,4705049770107.634,1500454358.4960947,1386146409.9975674,487874920398602.94,527653373180015.3,-0.28626677623084557,0.3214356980296368,-4350345917220.0845,False,0.053629901522508974,0.06089211971181296,-165369687170697.94,False,-169720005386472.62,4350345917221.3525,-173852834007832.9,False,-9055395687328.027,False,169720059124240.16,False
550.0,15,659.6097599826663,659.5334075521108,659.686112413222,0.07635243055563024,2557.3146491736175,2361.8629779729895,831421389.8203477,899217345.679789,13379505.439903421,12356920.000343177,4349843673612.586,4704571808862.202,1500440405.9068542,1385762719.4184747,487811531689296.4,527592802215107.75,-0.286622141244849,0.3214367932377479,-4349843673612.2646,False,0.05364610435159757,0.060836750647741925,-165329512203910.78,False,-169679328173653.56,4349843673613.5337,-173811679663586.4,False,-9054415482474.775,False,169679381904762.16,False
550.0,16,659.7624648437775,659.686112413222,659.838817274333,0.07635243055551655,2554.340389294557,2362.6880923350764,830603942.1067984,898333337.2943906,13357358.202521494,12355199.632797487,4343770923227.476,4697942201490.084,1497870471.110155,1385490739.725394,487106987626862.4,526823077821226.6,-0.2865350503874823,0.32144786468306896,-4343770923227.155,False,0.053655371814203684,0.06086674098940593,-165032860956040.97,False,-169376604211260.8,4343770923228.424,-173503186588327.8,False,-9041713124717.547,False,169376657893607.2,False
550.0,17,659.9151697048886,659.838817274333,659.9915221354441,0.07635243055563024,2556.8375462410677,2361.9702282067433,831418293.6657542,899210039.8824928,13379229.10106373,12359582.868244136,4350290891340.5283,4704982500520.219,1500438495.8324413,1386088879.3671312,487867754507875.1,527644738894221.56,-0.28626855315974914,0.32143538452469883,-4350290891340.207,False,0.05362961004246204,0.06089137978948083,-165361724624410.66,False,-169711987814663.1,4350290891341.475,-173844764161437.5,False,-9055273391860.734,False,169712041551145.72,False
550.0,18,660.0678745659997,659.9915221354441,660.1442269965553,0.07635243055563024,2557.310351273222,2361.965133229954,831417686.7182057,899215712.2472134,13379957.171156436,12357895.38507934,4349994468811.402,4704746845189.432,1500497276.1400688,1385877878.5474741,487830671334530.56,527614836064230.1,-0.2866298131571171,0.32143712390831164,-4349994468811.0806,False,0.053646811643961644,0.060836000421634166,-165348144818631.2,False,-169698111582138.0,4349994468812.3496,-173830606327509.72,False,-9054741314000.82,False,169698165316243.25,False
550.0,19,660.2205794271108,660.1442269965553,660.2969318576663,0.07635243055551655,2554.4549678187864,2362.823241442661,830642696.6141684,898378307.2639252,13357555.254807515,12355532.450966088,4343835024598.1113,4698027554087.679,1497887301.907227,1385523164.3535707,487112361041881.94,526830686957940.75,-0.28652538327473487,0.3214478388615856,-4343835024597.79,False,0.05365493644960398,0.06086825351602376,-165039741213990.44,False,-169383548570164.12,4343835024599.059,-173510191843533.22,False,-9041862578685.777,False,169383602253626.12,False
550.0,20,660.373284288222,660.2969318576663,660.4496367187775,0.07635243055563024,2556.889241991817,2361.9324994739677,831429992.8643011,899223815.9030993,13379359.993886326,12359253.581123969,4350305898214.4043,4705003709474.292,1500451346.5693603,1386050223.9008837,487868832282432.44,527646451117166.1,-0.2862708064728416,0.3214350795805416,-4350305898214.083,False,0.05362934883111158,0.060890576165075094,-165358936754207.03,False,-169709214951260.5,4350305898215.351,-173842005554565.1,False,-9055309607688.684,False,169709268687304.22,False
550.0,21,660.525989149333,660.4496367187775,660.6023415798886,0.07635243055563024,2557.2600618123183,2361.975492604126,831404340.2823162,899198155.1107413,13379996.458587807,12358227.606156059,4350032696303.6753,4704771064390.18,1500505642.7895713,1385918776.970265,487836373609900.2,527619072457210.94,-0.2866371798857887,0.3214374631825648,-4350032696303.354,False,0.05364751606079441,0.06083531139891379,-165353075445771.4,False,-169703080436512.88,4350032696304.623,-173835611498002.28,False,-9054803760693.842,False,169703134171409.78,False
550.0,22,660.6786940104441,660.6023415798886,660.7550464409996,0.07635243055551655,2554.468209515611,2362.835610235748,830653639.2592697,898387478.7502812,13357409.614220992,12355399.48945745,4343811272349.4243,4697988001290.403,1497868155.5555444,1385505665.6255443,487108636939209.0,526825105375994.9,-0.2865155497420657,0.32144779553517666,-4343811272349.103,False,0.05365447352062285,0.06086976726291509,-165036165725141.03,False,-169379949329521.22,4343811272350.372,-173506570038254.06,False,-9041799273639.814,False,169380003012408.56,False
550.0,23,660.8313988715553,660.7550464409996,660.9077513021109,0.07635243055563024,2556.906134502912,2361.830733801424,831432410.2640209,899225509.2300456,13379156.445368458,12358461.704319248,4350223558255.305,4704905867698.569,1500424695.750806,1385958020.520889,487858354129404.06,527634081097807.75,-0.2862735348507295,0.32143478414477206,-4350223558254.984,False,0.053629118803531946,0.06088971027836549,-165345826401771.75,False,-169696022259666.5,4350223558256.252,-173828734640009.94,False,-9055129425953.861,False,169696075993606.06,False
550.0,24,660.9841037326664,660.9077513021109,661.0604561632219,0.07635243055551655,2557.2350428669133,2362.0594520416885,831390583.3692048,899189720.2058029,13380317.461708613,12359087.32391473,4350122347723.811,4704900751742.853,1500547560.597539,1386020696.9460523,487848544538327.2,527635892910465.8,-0.28664422551228164,0.3214378101848391,-4350122347723.4897,False,0.053648216162666164,0.06083468519559259,-165368545773357.94,False,-169718640414377.03,4350122347724.759,-173851256644715.56,False,-9055023099466.65,False,169718694151758.56,False
550.0,25,661.1368085937775,661.0604561632219,661.213161024333,0.07635243055551655,2554.6064694185693,2362.987384860301,830700223.0842876,898440553.1717643,13357750.771082582,12355839.820399383,4343919471476.3516,4698119582386.595,1497901411.6344543,1385550416.1578698,487118996826718.6,526837948993002.4,-0.2865055708656852,0.3214477346329621,-4343919471476.0303,False,0.05365398390144529,0.06087127883790829,-165046262686329.47,False,-169390154489124.94,4343919471477.299,-173516877987028.38,False,-9042039053862.934,False,169390208173650.56,False
550.0,26,661.2895134548886,661.213161024333,661.3658658854442,0.07635243055563024,2556.991275081351,2361.7849900394467,831452942.7656292,899250932.3651247,13379274.219359538,12357924.970914757,4350219011197.954,4704915288978.136,1500433611.0279686,1385893932.7872145,487856377631479.94,527633518903215.6,-0.2862767359666608,0.3214344992306166,-4350219011197.633,False,0.053628920663234485,0.060888783520262946,-165340100803451.3,False,-169690292114473.38,4350219011198.901,-173823000175112.34,False,-9055134300176.078,False,169690345847512.0,False
550.0,27,661.4422183159998,661.3658658854442,661.5185707465553,0.07635243055551655,2557.1787841417763,2362.068514960225,831378478.549326,899170545.2857379,13380469.797004754,12359544.527986748,4350220038814.224,4704974631186.56,1500570494.971827,1386077337.6145647,487861609241525.6,527646459892922.75,-0.28665093246519496,0.32143816438965145,-4350220038813.903,False,0.05364891038305562,0.06083412361048544,-165376546104493.6,False,-169726738436113.88,4350220038815.172,-173859447472988.28,False,-9055194670000.771,False,169726792174786.62,False
550.0,28,661.5949231771108,661.5185707465553,661.6712756076663,0.07635243055551655,2554.6350561009513,2363.0038521573815,830716096.8667228,898454890.0448078,13357614.49774313,12355644.47519934,4343871506224.529,4698093139780.355,1497882387.8881772,1385524824.5796685,487111902746630.56,526833655564289.0,-0.28649546897359296,0.3214476559934275,-4343871506224.2075,False,0.05365346849798032,0.06087278464985362,-165041969568328.0,False,-169385813406363.53,4343871506225.476,-173512491337277.72,False,-9041964646004.871,False,169385867090200.8,False
550.0,29,661.7476280382219,661.6712756076663,661.8239804687776,0.07635243055563024,2556.9284310962416,2361.6682593965047,831431004.2996657,899224201.9248095,13378590.161024392,12356979.202001987,4349986397069.894,4704647735489.017,1500352243.5985086,1385783480.7369347,487828747838198.56,527601841603084.6,-0.28628040382473435,0.3214342251224137,-4349986397069.5728,False,0.05362875489573747,0.06088779775469412,-165318994205359.3,False,-169668952903708.38,4349986397070.841,-173801439980925.7,False,-9054634132558.898,False,169669006633320.94,False
550.0,30,661.9003328993331,661.8239804687776,661.9766853298886,0.07635243055551655,2557.1228085595562,2362.1335989164095,831362445.686419,899151666.2730078,13380595.140222898,12360281.691916015,4350290200522.615,4705039529589.343,1500590029.5360937,1386165202.4706035,487871495335362.1,527655881857362.7,-0.286657281360033,0.32143852499019515,-4350290200522.294,False,0.053649596909548035,0.06083362845611536,-165387958982648.6,False,-169738221475197.5,4350290200523.563,-173870997165694.88,False,-9055329730111.945,False,169738275215693.28,False
550.0,31,662.0530377604441,661.9766853298886,662.1293901909996,0.07635243055551655,2554.77368669238,2363.150696770924,830763837.1804798,898507849.4192104,13358821.664967831,12356816.083667466,4344248174959.7676,4698525212884.926,1498024072.2133162,1385661493.2493682,487155805298988.7,526884139258494.56,-0.28648526579797634,0.3214475598604307,-4344248174959.4463,False,0.053652928356586166,0.06087428137035414,-165072536208982.75,False,-169416756713301.84,4344248174960.715,-173543792479514.53,False,-9042773387844.68,False,169416810402109.22,False
550.0,32,662.2057426215553,662.1293901909996,662.2820950521109,0.07635243055563024,2557.0046122250183,2361.654301063884,831449055.9638859,899246249.4565097,13378613.673153425,12356567.153667185,4349956661436.0576,4704626681347.41,1500349967.3911552,1385732830.7180536,487823786748500.2,527597694004116.44,-0.2862845326115567,0.3214339624843974,-4349956661435.7363,False,0.05362862212946571,0.06088675499549798,-165313772108542.03,False,-169663701071390.53,4349956661437.0044,-173796159899755.7,False,-9054583342783.455,False,169663754800167.66,False
550.0,33,662.3584474826664,662.2820950521109,662.4347999132219,0.07635243055551655,2557.098233991277,2362.1420324606597,831339577.3552916,899144181.3873981,13380866.082825555,12360692.421898626,4350315905372.9497,4705155780149.038,1500625647.6976275,1386216066.0230074,487876282000769.9,527670954560854.56,-0.2866632575422518,0.3214388910520489,-4350315905372.6284,False,0.053650274315128144,0.06083320107572799,-165396803833119.38,False,-169747092029993.2,4350315905373.8975,-173879892140098.38,False,-9055471685521.975,False,169747145771931.6,False
550.0,34,662.5111523437774,662.4347999132219,662.587504774333,0.07635243055551655,2554.795046323493,2363.140505372676,830776643.9210857,898519376.7507905,13359430.913494341,12357227.82720427,4344463311337.439,4698745864127.894,1498098907.9336784,1385713755.2494988,487181870888263.25,526910983143082.5,-0.2864749827607477,0.32144744653754626,-4344463311337.1177,False,0.05365236456514759,0.06087576577805722,-165085565241536.2,False,-169430000881248.7,4344463311338.386,-173557241027020.16,False,-9043209175465.32,False,169430054572188.6,False
550.0,35,662.6638572048886,662.587504774333,662.7402096354442,0.07635243055563024,2556.920754131785,2361.4745463713325,831419192.5213635,899211950.8377573,13377794.92559916,12355268.136029163,4349669208834.084,4704305106810.012,1500253171.4368038,1385582455.911076,487789832014413.8,527559769700251.75,-0.2862891169360731,0.3214337124070399,-4349669208833.7627,False,0.05362852292706552,0.06088565712036696,-165286277205332.53,False,-169635918717587.44,4349669208835.031,-173768104465980.72,False,-9053974315644.082,False,169635972441918.12,False
550.0,36,662.8165620659997,662.7402096354442,662.8929144965552,0.07635243055551655,2556.993510339371,2362.1923916373944,831322565.9543285,899108699.2797862,13380679.488337286,12361287.724308118,4350363520123.916,4705117244950.702,1500609455.1866248,1386287173.0134952,487883411409034.56,527668560086090.7,-0.2866688462254572,0.32143926194414196,-4350363520123.5947,False,0.05365094109543569,0.0608328427624686,-165402462947154.34,False,-169752798758497.28,4350363520124.864,-173885644102615.9,False,-9055480765074.605,False,169752852501314.78,False
550.0,37,662.9692669271108,662.8929144965552,663.0456193576663,0.07635243055551655,2554.919417212401,2363.2665749730727,830815775.226919,898566996.2119759,13360589.249440823,12358349.807076149,4344818968938.94,4699159486936.902,1498235454.0123782,1385845631.9190671,487223731844972.1,526959522074790.3,-0.28646464409105377,0.3214473158248803,-4344818968938.6187,False,0.05365177825187918,0.060877234159970726,-165114869377858.94,False,-169459660672797.94,4344818968939.887,-173587238693290.84,False,-9043978455875.83,False,169459714368499.9,False
550.0,38,663.1219717882219,663.0456193576663,663.1983242187775,0.07635243055563024,2556.967270265869,2361.4532823795853,831428112.4938568,899223372.4886104,13377621.816791352,12354775.080349725,4349575497958.3423,4704212828029.072,1500228303.3774064,1385522161.5464396,487777484383082.4,527547430028125.94,-0.2862941483031517,0.32143347522011834,-4349575497958.021,False,0.05362845756946478,0.06088450628454181,-165277542486598.66,False,-169627090288405.8,4349575497959.289,-173759187011467.12,False,-9053788325987.402,False,169627144011322.6,False
550.0,39,663.2746766493331,663.1983242187775,663.3510290798886,0.07635243055551655,2556.985209932323,2362.26764827262,831317427.4470733,899107351.5915445,13380854.8067627,12361889.497459468,4350419283804.8604,4705197590988.101,1500631981.9657755,1386357384.196522,487890747720011.56,527678715401871.25,-0.28667403130882324,0.3214396368641952,-4350419283804.539,False,0.05365159552466209,0.06083255476240666,-165412682348633.03,False,-169763073923023.75,4350419283805.8086,-173895972242639.28,False,-9055616874792.95,False,169763127667487.66,False
550.0,40,663.4273815104441,663.3510290798886,663.5037339409996,0.07635243055551655,2554.996340646735,2363.3032994208565,830849339.7117001,898597755.3666302,13361318.394796094,12358848.709944082,4345092047455.578,4699425646889.425,1498321500.2303872,1385905596.774847,487255632247868.44,526990748177612.7,-0.2864542724315361,0.32144716798899403,-4345092047455.257,False,0.053651170607989386,0.06087868317647614,-165130546412814.72,False,-169475610785035.3,4345092047456.5254,-173603448230119.0,False,-9044517694344.99,False,169475664483299.5,False
550.0,41,663.5800863715552,663.5037339409996,663.6564388021109,0.07635243055563024,2556.9221144462927,2361.3106810979866,831410289.1986259,899202537.7662152,13377163.012434399,12353826.45058236,4349410295139.013,4704025937057.156,1500173935.5414572,1385413124.23944,487758015449341.1,527525451193154.06,-0.2862996176283832,0.32143325129915934,-4349410295138.692,False,0.05362842639972694,0.06088330483632384,-165259184085346.9,False,-169608566685584.47,4349410295139.96,-173740506465967.44,False,-9053436232196.156,False,169608620405538.22,False
550.0,42,663.7327912326664,663.6564388021109,663.8091436632219,0.07635243055551655,2556.8658171662323,2362.2797310482824,831284110.4665135,899067223.3806866,13380524.69387192,12362234.435075253,4350357106795.7715,4705103041044.05,1500598820.2129672,1386399757.9401743,487885243902020.25,527669623876670.0,-0.28667879838591703,0.32144001490932134,-4350357106795.45,False,0.053652236097970325,0.060832338251131504,-165413216975661.56,False,-169763546373220.2,4350357106796.7197,-173896385624677.06,False,-9055460147839.809,False,169763600117741.75,False
550.0,43,663.8854960937775,663.8091436632219,663.961848524333,0.07635243055563024,2555.106205193497,2363.4011615805944,830888613.7441633,898639931.3293159,13362418.967987288,12359845.117778715,4345451417893.9565,4699813217420.139,1498451806.4299166,1386023679.7799995,487297948525007.7,527036397386344.0,-0.2864438891863767,0.3214470035533743,-4345451417893.6353,False,0.05365054282811309,0.06088010973278581,-165157462652028.94,False,-169502886392486.62,4345451417894.904,-173631065239486.78,False,-9045264635314.082,False,169502940095127.06,False
550.0,44,664.0382009548886,663.961848524333,664.1145533854442,0.07635243055563024,2556.959233056422,2361.2819224953464,831416122.4509542,899210537.2992713,13376941.886389028,12353289.043245243,4349301207143.511,4703915092364.91,1500143697.7063222,1385347788.7726023,487743953556861.8,527511020881921.75,-0.28630551634860313,0.32143304174539933,-4349301207143.19,False,0.053628429858355635,0.06088205516692341,-165249263465127.66,False,-169598536977906.25,4349301207144.458,-173730373124693.5,False,-9053216299508.408,False,169598590696253.78,False
550.0,45,664.1909058159997,664.1145533854442,664.2672582465552,0.07635243055551655,2556.8567220894174,2362.382520260138,831279378.6492518,899066073.6171134,13380726.6484332,12362999.343407076,4350431338556.6084,4705202916321.092,1500624737.7088108,1386488514.161395,487894865434415.4,527682211630622.6,-0.2866831350549099,0.32144039520084544,-4350431338556.287,False,0.053652861375957185,0.06083219408131542,-165425948615647.16,False,-169776352244136.72,4350431338557.5566,-173909262015766.4,False,-9055634254877.688,False,169776405990703.94,False
550.0,46,664.3436106771109,664.2672582465552,664.4199631076664,0.07635243055563024,2555.236556422292,2363.4124649661376,830912163.3235303,898689158.4613218,13363623.218983207,12360388.417979807,4345730628113.098,4700239568565.098,1498593693.9694576,1386090946.242129,487331302927146.44,527086420458570.3,-0.2864335194524506,0.32144682253006296,-4345730628112.777,False,0.05364989625646693,0.06088151019732964,-165179607469209.6,False,-169525310418101.38,4345730628114.0454,-173653754514809.72,False,-9045970196678.184,False,169525364124383.22,False
550.0,47,664.4963155382219,664.4199631076664,664.5726679687775,0.07635243055563024,2556.89050803688,2361.1261190660093,831390889.154302,899181279.0848643,13376153.022295859,12352079.680591626,4349025275369.014,4703606135078.713,1500049608.17797,1385207001.9841263,487711124660967.56,527474331642656.3,-0.2863118329552036,0.3214328469194142,-4349025275368.693,False,0.05362846798043497,0.06088075977918257,-165223341776692.1,False,-169572339359588.0,4349025275369.961,-173703913371189.47,False,-9052631410447.715,False,169572393073740.03,False
550.0,48,664.649020399333,664.5726679687775,664.7253728298886,0.07635243055551655,2556.7368662623376,2362.365669151484,831245487.7489069,899026229.5983548,13380305.18313072,12363104.841034573,4350341107770.731,4705087208624.807,1500580166.5063877,1386502882.5926852,487885887401233.7,527670450770509.6,-0.28668703015073305,0.32144077705865404,-4350341107770.4097,False,0.0536534698664972,0.060832122781724625,-165422149630191.4,False,-169772463028464.6,4350341107771.679,-173905287080847.7,False,-9055428316395.525,False,169772516774399.4,False
550.0,49,664.8017252604442,664.7253728298886,664.8780776909997,0.07635243055563024,2555.2641812234933,2363.49087230885,830946125.415098,898702012.2911673,13364299.406579345,12361293.571844952,4346066740039.991,4700478381833.862,1498676485.2097766,1386198934.0458434,487371070378481.2,527115448392789.8,-0.2864231871968785,0.3214466251615078,-4346066740039.67,False,0.05364923227498969,0.06088288119631745,-165200062159887.2,False,-169546101218996.75,4346066740040.9385,-173674864622035.66,False,-9046545121873.84,False,169546154928578.34,False
550.0,50,664.9544301215552,664.8780776909997,665.0307825521108,0.07635243055563024,2556.9187321687405,2361.0957485466683,831391378.483616,899186070.5308957,13375868.827401461,12351520.687008115,4348882885752.0356,4703474585178.795,1500012081.36543,1385139073.859873,487693258322414.56,527457528139862.5,-0.2863185551508737,0.3214326670219803,-4348882885751.7144,False,0.053628540830514486,0.06087942136065496,-165212354353030.2,False,-169561209546945.2,4348882885752.9824,-173692648288410.53,False,-9052357470930.818,False,169561263259315.0,False
550.0,51,665.1071349826664,665.0307825521108,665.1834874132219,0.07635243055551655,2556.702658158234,2362.471315808271,831234343.8856285,899016730.1402668,13380290.016964238,12363819.515606748,4350352845978.441,4705106747955.549,1500580612.0962942,1386585151.5899768,487888121420619.8,527673549137132.5,-0.28669047042204227,0.3214411595516021,-4350352845978.1196,False,0.053654059971252784,0.06083212514872911,-165431524683026.03,False,-169781849818968.97,4350352845979.389,-173914685022649.38,False,-9055459593933.977,False,169781903566394.22,False
550.0,52,665.2598398437775,665.1834874132219,665.336192274333,0.07635243055563024,2555.3781983540384,2363.5049678548326,830983584.0842303,898745084.5717086,13365433.38028292,12361859.078881595,4346420919755.119,4700875076917.256,1498810690.953929,1386268791.0286,487412861155840.3,527162179181372.75,-0.2864129139594265,0.3214464121304563,-4346420919754.798,False,0.0536485522097717,0.06088421976481713,-165221637790547.44,False,-169568031027597.7,4346420919756.0664,-173697130901365.94,False,-9047295996672.363,False,169568084740718.66,False
550.0,53,665.4125447048885,665.336192274333,665.4888971354442,0.07635243055563024,2556.8984783148803,2360.9315951953536,831363307.4002401,899173776.6578252,13375316.26561887,12350250.995708296,4348588202868.3,4703249229069.955,1499944265.8612776,1384991303.968353,487658275591390.7,527430146981644.4,-0.28632567013986315,0.3214325029017813,-4348588202867.9785,False,0.053628648558317144,0.06087804282730864,-165188546849875.9,False,-169537107362651.78,4348588202869.2466,-173668266155377.56,False,-9051837431938.242,False,169537161071191.72,False
550.0,54,665.5652495659997,665.4888971354442,665.6416019965552,0.07635243055551655,2556.6106742355278,2362.4711484358213,831210231.4577734,898987169.0490067,13379927.497274177,12363923.457722964,4350283194401.0146,4705012661979.1045,1500541513.337071,1386598181.838775,487881050621753.06,527663791503617.3,-0.28669344629435034,0.3214415416427136,-4350283194400.6934,False,0.05365463035848191,0.06083220155443005,-165428433292387.9,False,-169778688777285.28,4350283194401.963,-173911457811967.16,False,-9055295856380.105,False,169778742524199.0,False
550.0,55,665.7179544271108,665.6416019965552,665.7943068576665,0.07635243055563024,2555.390437151476,2363.5251806811925,830992381.6268897,898752062.4448355,13366030.22078782,12362461.04062807,4346625154919.689,4701082572003.9,1498884599.5959768,1386342794.7859015,487437836603176.0,527187687568485.25,-0.2864027234814529,0.3214461836139645,-4346625154919.3677,False,0.053647857528544035,0.06088552267823896,-165237061689247.97,False,-169583659160156.44,4346625154920.636,-173712953057331.03,False,-9047707726923.576,False,169583712875774.44,False
550.0,56,665.870659288222,665.7943068576665,665.9470117187775,0.07635243055551655,2556.8496984162075,2360.8966389499,831363193.2007735,899151471.3595414,13374611.178188508,12349653.307768349,4348437884990.6743,4702970485915.266,1499859302.652825,1384918844.3472018,487639457802717.3,527396765613850.94,-0.2863331649505513,0.3214323550736353,-4348437884990.353,False,0.053628791082638134,0.06087662685751289,-165171844997914.9,False,-169520255193922.97,4348437884991.6216,-173651271184665.0,False,-9051408370905.928,False,169520308899725.03,False
550.0,57,666.023364149333,665.9470117187775,666.0997165798885,0.07635243055551655,2556.5794223187677,2362.5775691359377,831199559.483496,898979152.927462,13379735.88786314,12364457.783347216,4350238007739.2544,4704979707837.212,1500519657.844661,1386657810.1493545,487876122678162.7,527660213590714.25,-0.2866959497731094,0.3214419227551061,-4350238007738.933,False,0.05365517972163535,0.060832352110932686,-165433213384236.16,False,-169783423682336.75,4350238007740.2026,-173916149789689.94,False,-9055217715576.453,False,169783477429997.38,False
550.0,58,666.1760690104442,666.0997165798885,666.2524214409998,0.07635243055563024,2555.5585680301865,2363.6409468595766,831047731.9127643,898813821.9618307,13367255.80578096,12363391.460476384,4347018748488.978,4701518332807.554,1499026572.277424,1386451388.6143837,487483337961860.44,527238030839095.3,-0.2863926414605484,0.321445939906908,-4347018748488.6567,False,0.05364714978591078,0.060886786440612226,-165264650098939.12,False,-169611641161090.0,4347018748489.9253,-173741308972155.44,False,-9048537081296.52,False,169611694881200.4,False
550.0,59,666.3287738715553,666.2524214409998,666.4051263021108,0.07635243055551655,2556.882590713979,2360.801003157563,831348213.3042045,899157850.0747132,13374521.639903987,12348905.024008775,4348268789493.0986,4702905561575.031,1499845835.3333647,1384831681.5509648,487619306747698.8,527388197641140.3,-0.28634102436287584,0.3214322236918213,-4348268789492.7773,False,0.05362896822733232,0.060875176467222784,-165160731292923.75,False,-169508972394126.03,4348268789494.046,-173639827744145.38,False,-9051174351068.117,False,169509026098154.97,False
550.0,60,666.4814787326663,666.4051263021108,666.5578311632219,0.07635243055551655,2556.519059176128,2362.6029109205783,831185863.3230034,898961105.2892298,13379569.341934592,12364735.20754014,4350230496893.669,4704951514130.95,1500502936.403582,1386690819.6490166,487876120800503.44,527657919537110.25,-0.2866979708029551,0.32144230196709955,-4350230496893.3477,False,0.05365570651274923,0.06083257700338797,-165434865950230.75,False,-169785068737636.62,4350230496894.617,-173917787709686.5,False,-9055182011024.605,False,169785122485558.28,False
550.0,61,666.6341835937775,666.5578311632219,666.7105360243331,0.07635243055563024,2555.5561918190606,2363.578149388523,831050400.0727057,898815278.9736985,13367781.640248548,12363555.76097453,4347193634953.2153,4701699920529.578,1499092589.9998157,1386476267.4000254,487505057842316.06,527260672971059.94,-0.28638268909808207,0.32144568179157235,-4347193634952.894,False,0.053646430409978005,0.06088800828483786,-165273347530408.84,False,-169620513478270.06,4347193634954.1626,-173750347431476.53,False,-9048893555482.781,False,169620567199810.56,False
550.0,62,666.7868884548886,666.7105360243331,666.8632408854442,0.07635243055551655,2556.830725422791,2360.765000095331,831347329.9247209,899134462.8734332,13373786.405420098,12348293.459630387,4348110426049.2075,4702616998208.615,1499757308.246671,1384757556.0404747,487599534147737.1,527353660640672.1,-0.28634923209914676,0.32143210913612413,-4348110426048.886,False,0.053629179791755154,0.060873694869184314,-165143473019248.3,False,-169491555758180.22,4348110426050.155,-173622260662927.88,False,-9050727424257.81,False,169491609459380.38,False
550.0,63,666.9395933159997,666.8632408854442,667.0159457465552,0.07635243055551655,2556.4920030546673,2362.7219690681477,831175392.3592588,898955038.4057347,13379443.541191785,12365377.851303618,4350196499843.142,4704938286479.138,1500489035.0525396,1386763147.5370808,487872580542332.8,527656678687962.06,-0.2866995021992859,0.32144267813539584,-4350196499842.821,False,0.05365620948541716,0.06083287618757278,-165441908673735.62,False,-169792077463778.4,4350196499844.0903,-173924764138630.28,False,-9055134786322.268,False,169792131212812.0,False
550.0,64,667.0922981771108,667.0159457465552,667.1686506076665,0.07635243055563024,2555.7095114986923,2363.6698576247813,831100759.7564903,898871345.3874096,13369120.80025825,12364535.553405443,4347617306310.495,4702166581329.621,1499249801.7486477,1386592693.0532906,487554668147588.56,527315276304148.25,-0.28637288865873406,0.3214454096186915,-4347617306310.174,False,0.05364570094386447,0.06088918536470774,-165303003276313.75,False,-169650592893003.06,4347617306311.4424,-173780829333998.94,False,-9049783887640.104,False,169650646619373.62,False
550.0,65,667.245003038222,667.1686506076665,667.3213554687775,0.07635243055551655,2556.8609659074355,2360.6932525761595,831349774.993911,899139867.6976345,13373485.19639904,12347495.785588497,4347970688311.396,4702479888207.235,1499717513.4170399,1384662571.295915,487581866258198.1,527336119115951.2,-0.2863577725057905,0.3214320120760314,-4347970688311.0747,False,0.053629425557432144,0.06087218513064914,-165129085918639.94,False,-169477028920810.9,4347970688312.3433,-173607601074707.62,False,-9050450576518.62,False,169477082619695.16,False
550.0,66,667.397707899333,667.3213554687775,667.4740603298885,0.07635243055551655,2556.477926537756,2362.7489475033917,831163669.506669,898953716.4172418,13379341.841802377,12365485.262156587,4350144269302.198,4704940888067.252,1500477262.1962898,1386774750.825465,487866842414437.7,527657095147735.56,-0.2867005391675408,0.32144305067765094,-4350144269301.877,False,0.0536566875007504,0.060833249305278454,-165442088208575.34,False,-169792204768378.0,4350144269303.1465,-173924841824216.0,False,-9055085157369.438,False,169792258517452.3,False
550.0,67,667.5504127604441,667.4740603298885,667.6267651909998,0.07635243055563024,2555.692947548087,2363.5843785643992,831099297.4612772,898867340.1398642,13369573.854350943,12364587.771528304,4347769719752.3784,4702318166007.317,1499307677.0611036,1386605089.1781323,487573856650378.6,527334535256091.4,-0.2863632660469757,0.32144512378410967,-4347769719752.057,False,0.05364496311335054,0.06089031436580917,-165309303214507.16,False,-169657045244055.25,4347769719753.3257,-173787426477820.9,False,-9050087885759.684,False,169657098971467.56,False
550.0,68,667.7031176215553,667.6267651909998,667.7794700521108,0.07635243055551655,2556.8120483051207,2360.647686806681,831331597.1264788,899117663.5774412,13372767.309199732,12346824.294720173,4347720591601.9917,4702196096066.187,1499630957.360412,1384581596.210356,487551790021347.94,527302098765939.56,-0.28636662801977725,0.32143193270411397,-4347720591601.6704,False,0.05362970510902701,0.06087065048319017,-165111242116762.25,False,-169458935023471.38,4347720591602.939,-173589269585494.16,False,-9049916687668.166,False,169458988719438.3,False
550.0,69,667.8558224826663,667.7794700521108,667.9321749132218,0.07635243055551655,2556.3972249307494,2362.8447319398306,831157533.5680081,898929137.5958554,13378845.068654794,12365929.182426643,4350107455653.065,4704802652490.939,1500420574.7345395,1386823784.3564804,487862652230810.7,527641466419912.4,-0.2867010759463419,0.3214434188116624,-4350107455652.7437,False,0.05365713921799208,0.060833695911518236,-165441884507736.7,False,-169791964254187.94,4350107455654.013,-173924566337059.25,False,-9054910108143.992,False,169792018003186.94,False
550.0,70,668.0085273437775,667.9321749132218,668.0848797743331,0.07635243055563024,2555.826127195836,2363.6604145945776,831141650.9320948,898915813.4669579,13370800.679274336,12365476.887273064,4348149965831.1284,4702743200365.545,1499452200.4010081,1386711232.8425322,487618577053638.94,527384445680966.8,-0.28635384231126787,0.3214448250639925,-4348149965830.807,False,0.05364421842967677,0.06089139266072405,-165336360591208.1,False,-169684482864490.03,4348149965832.0757,-173815225332030.5,False,-9050893166196.66,False,169684536596306.75,False
550.0,71,668.1612322048886,668.0848797743331,668.2375846354441,0.07635243055551655,2556.8408764785318,2360.6496070511475,831334681.0841324,899122705.0520673,13372469.81520458,12346416.736318802,4347591151987.1455,4702071383141.605,1499591725.0111432,1384530422.8315225,487535368212653.6,527286134845058.8,-0.286375780417789,0.3214318709625463,-4347591151986.824,False,0.05363001797500499,0.060869094216749464,-165102118947554.7,False,-169449682415183.78,4347591151988.093,-173579894009572.47,False,-9049662535128.738,False,169449736109661.56,False
550.0,72,668.3139370659997,668.2375846354441,668.3902894965552,0.07635243055551655,2556.3726479941824,2362.8663274979453,831135242.7760042,898924539.8938354,13378599.562827732,12365939.567161271,4349967166249.524,4704748999458.976,1500391510.4908597,1386823604.5363183,487846609429155.1,527635061717825.56,-0.28670110713532965,0.32144378131064305,-4349967166249.2026,False,0.05365756338804498,0.06083421557378636,-165438987532645.2,False,-169788926990259.88,4349967166250.472,-173921395798197.8,False,-9054716165708.486,False,169788980738797.75,False
550.0,73,668.4666419271108,668.3902894965552,668.5429943576664,0.07635243055563024,2555.850539524413,2363.533736205397,831135534.1248199,898925799.4115721,13371457.013351832,12365305.84913504,4348277165501.9126,4702967324827.162,1499532727.7268426,1386698491.6343315,487634926829069.44,527411831105889.7,-0.28634463873523874,0.3214445140355744,-4348277165501.5913,False,0.05364346847874345,0.060892417665369555,-165342189446637.84,False,-169690438919038.66,4348277165502.86,-173821302226266.38,False,-9051244490329.062,False,169690492651850.25,False
550.0,74,668.619346788222,668.5429943576664,668.6956992187775,0.07635243055551655,2556.796282428808,2360.5610734801803,831316832.2240691,899102051.991574,13371817.767125605,12345566.314444907,4347372061745.2954,4701827445424.957,1499513118.784561,1384429982.5948348,487509152705860.4,527256999613213.94,-0.28638521012973306,0.3214318274931624,-4347372061744.974,False,0.053630363684081396,0.060867519897593404,-165082696802145.25,False,-169430041180949.22,4347372061746.2427,-173560044639608.16,False,-9049199507170.24,False,169430094872272.62,False
550.0,75,668.7720516493331,668.6956992187775,668.8484040798886,0.07635243055563024,2556.2702479182244,2362.9432515270946,831123943.5102569,898892540.2455921,13377902.637244245,12366185.298388299,4349875013682.2666,4704545805108.097,1500311242.0741477,1386849108.5356596,487835842165565.44,527611805802576.7,-0.28670063198426965,0.3214441375224275,-4349875013681.9453,False,0.0536579591165927,0.0608348073622035,-165433656760573.5,False,-169783504066357.88,4349875013683.215,-173915885329356.94,False,-9054420818790.352,False,169783557813989.2,False
550.0,76,668.9247565104441,668.8484040798886,669.0011089409998,0.07635243055563024,2555.914781843384,2363.604316514436,831169785.4485308,898949525.2842522,13372120.789728155,12365973.05421417,4348550519978.333,4703193080413.692,1499611458.4394398,1386777217.5480645,487666815254530.4,527438479394105.56,-0.28633567867164395,0.3214441911995304,-4348550519978.0117,False,0.05364271506351506,0.060893386672849055,-165359319193336.0,False,-169707842018650.28,4348550519979.28,-173838965012630.6,False,-9051743600392.012,False,169707895754228.0,False
550.0,77,669.0774613715553,669.0011089409998,669.1538138021108,0.07635243055551655,2556.9114566716735,2360.6517038755424,831348494.7713577,899137579.2971908,13372167.017596766,12345807.43789735,4347463260042.915,4701932493947.763,1499548968.6112936,1384453972.149891,487518405403131.4,527267722160353.6,-0.286394898062614,0.32143180256149834,-4347463260042.5938,False,0.053630741626139504,0.06086593084686165,-165090232841058.88,False,-169437668417319.6,4347463260043.8623,-173567758514361.25,False,-9049395753990.664,False,169437722109860.1,False
550.0,78,669.2301662326664,669.1538138021108,669.3065186632219,0.07635243055563024,2556.2543616527373,2363.0011263294487,831120875.1543008,898891493.5716647,13377720.403981028,12366396.453586696,4349839018966.56,4704517999485.164,1500289507.0135858,1386871587.897163,487831544278530.56,527608394991861.25,-0.28669964852499674,0.32144448687124294,-4349839018966.239,False,0.0536583253008038,0.06083547034965202,-165434228005205.47,False,-169784039316549.9,4349839018967.5083,-173916386384569.03,False,-9054357018451.71,False,169784093064273.06,False
550.0,79,669.3828710937775,669.3065186632219,669.4592235243331,0.07635243055563024,2555.985389299251,2363.5148322076943,831181472.7427208,898975214.0131578,13373017.63223889,12365998.641996698,4348770766173.8687,4703498163180.434,1499718942.278881,1386786553.7116613,487693598491643.44,527474928325701.25,-0.28632698402128437,0.3214438572841835,-4348770766173.5474,False,0.05364195982039435,0.060894297057904785,-165370751710803.12,False,-169719494781261.38,4348770766174.8154,-173850827009127.44,False,-9052268929354.29,False,169719548518744.7,False
550.0,80,669.5355759548886,669.4592235243331,669.5355759548886,0.07635243055551655,2556.878469103388,2360.5787903354794,831335302.2546974,899121095.0110468,13370503.86581041,12344045.707439998,4346742690119.0884,4701142851697.965,1499342955.1070244,1384238347.5031383,487429068488203.1,527169960479607.06,-0.2864048242784588,0.3214317958636247,-4346742690118.767,False,0.053631151102027465,0.06086433044463671,-165046144661151.84,False,-169392859670997.66,4346742690120.0356,-173522265226611.7,False,-9047885541817.041,False,169392913356371.88,False
