q,sample_index,start_s,active_determinant,active_sigma_min,without_z_determinant,without_z_sigma_min,planar_failure_ratio,mediation_margin_tau,oriented_vs_two_line_separation,active_derivative_frobenius,without_z_derivative_frobenius,planar_derivative_frobenius,two_line_derivative_frobenius,composition_relative_residual,line_matrix_convergence,second_matrix_convergence,oriented_matrix_convergence,two_line_matrix_convergence,composed_matrix_convergence
550.0,0,657.3191870659997,-0.2865799124803729,0.32143529251594416,0.05364258123068344,0.06084134052678885,1.0148504078738183,0.06146114322262697,0.012570856856389132,0.007989357468058877,0.007898272433255174,0.00022943793156082553,0.007988319014890102,7.046421594553763e-14,3.028142044281848e-09,2.985807778810136e-09,4.898833231272203e-09,4.9110019723154485e-09,4.898881131528409e-09
550.0,1,657.4718919271108,-0.2865801876417688,0.3214477322486996,0.053657107493909284,0.060859311573126275,1.0148513201540805,0.06146022875612411,0.012553299922585576,0.00840449847083458,0.008187424432362088,0.00037121926564967023,0.008562281700158996,8.646562232512534e-14,3.0319942206120853e-09,2.9911525937366847e-09,4.881679841192718e-09,4.921922507739413e-09,4.883028228401466e-09
550.0,2,657.6245967882219,-0.28626445655588006,0.32143702618878445,0.05363135295455758,0.06089441628272529,1.014881713920253,0.06143066129593233,0.012554526762611597,0.0007854504645035577,0.0006230078199100442,0.0001702740190916014,0.0009152244194409185,5.3379546691853255e-14,3.0285972369905364e-09,2.9888313169011577e-09,4.896241615228045e-09,4.920478975741376e-09,4.896675128105733e-09
550.0,3,657.777301649333,-0.28658880714542156,0.32143557049933424,0.053643278491163994,0.060840318058092785,1.014849561379895,0.06146198818188631,0.01257085731229967,0.007767141923980542,0.007684692878057243,0.00021670869121675327,0.007760719005448839,5.756631654121183e-14,3.0303421036476634e-09,2.989654382067781e-09,4.892268527391739e-09,4.920430500210242e-09,4.892664137948045e-09
550.0,4,657.9300065104442,-0.2865716512445173,0.3214477934473818,0.05365682099671678,0.060860768329368785,1.0148521604731273,0.061459396001642186,0.012552837789413449,0.008621117597166708,0.008404956541190858,0.0003730374184307108,0.00877349630195341,7.656112221056965e-14,3.025867600799971e-09,2.987064939343754e-09,4.897469283970157e-09,4.908867594562649e-09,4.8962350520785065e-09
550.0,5,658.0827113715552,-0.2862643211049679,0.32143668497707467,0.05363094881312825,0.06089394303328901,1.0148816993332321,0.061430671946138715,0.012555005153394956,0.001177076901613583,0.0010117672401207172,0.0001853933316711852,0.0013268914816450344,8.549166415519927e-14,3.0281140283397118e-09,2.9892124451891455e-09,4.9010046020588204e-09,4.911646451444245e-09,4.9005183316840266e-09
550.0,6,658.2354162326664,-0.2865974991293907,0.32143586012639025,0.05364398094839246,0.06083934514219859,1.014848736228148,0.061462813147335815,0.012570828453815965,0.00752718693570691,0.0074534472109050905,0.00020389912021281733,0.007505936499040453,7.709389800069864e-14,3.0267026622984878e-09,2.9849485013746014e-09,4.900355402641144e-09,4.909026304084655e-09,4.899817283858904e-09
550.0,7,658.3881210937775,-0.2865628511023456,0.3214478373633868,0.05365650347551665,0.06086224266956653,1.0148530260803272,0.06145853966317716,0.01255238711647014,0.008818675232978185,0.008604467550001266,0.0003744590720457945,0.008968066997972372,7.942851195894008e-14,3.032176464076984e-09,2.9905386484276408e-09,4.885655864897327e-09,4.916056834355226e-09,4.886629212077971e-09
550.0,8,658.5408259548885,-0.2862646616155303,0.3214363495544364,0.05363057133993631,0.06089340170689358,1.0148816374861982,0.06143072736529254,0.012555495029769832,0.001598043974969679,0.0014298366639990655,0.00019999310214941749,0.0017595841951932253,6.077936546678971e-14,3.028611228891354e-09,2.9886469214968267e-09,4.894486016737813e-09,4.9231137235327585e-09,4.895209882561003e-09
550.0,9,658.6935308159997,-0.28660596595526144,0.3214361610563805,0.0536446869438487,0.060838424461223284,1.0148479340718668,0.061463615472905686,0.012570771773937952,0.007263814917930918,0.0072001903914323305,0.00019012618009656645,0.0072356502692331815,8.079519068441182e-14,3.0313654858566093e-09,2.989838035238187e-09,4.8912333170762956e-09,4.920054796615025e-09,4.8921231180877504e-09
550.0,10,658.8462356771108,-0.2865538047766361,0.32144786399670827,0.0536561555201337,0.06086373157967607,1.0148539150606584,0.061457661255388985,0.012551947862733443,0.008999845075077069,0.008787145026071981,0.00037547547173702586,0.009145043906550097,8.247635810205972e-14,3.0273731747422206e-09,2.988510985224975e-09,4.890908889301836e-09,4.9152717449065356e-09,4.890434055726852e-09
550.0,11,658.998940538222,-0.2862654796778231,0.32143602045566194,0.05363022155118453,0.0608927932109129,1.0148815284601194,0.06143082785320486,0.012556000772715724,0.0020311659597474674,0.001858450638261153,0.00021389817355625988,0.002200200166154882,4.849441015665875e-14,3.027967365216656e-09,2.989070825007652e-09,4.902985463928933e-09,4.911456430385749e-09,4.90222939906066e-09
550.0,12,659.151645399333,-0.2866141860400513,0.3214364725778388,0.05364539489329292,0.06083755859932358,1.0148471570984465,0.061464393243302884,0.012570693708730254,0.006985953599869316,0.006931647393862232,0.00017610865975205883,0.006952244482594864,5.688207071728335e-14,3.026338117498695e-09,2.985952749513854e-09,4.898764323285099e-09,4.911220213125091e-09,4.897886681366207e-09
550.0,13,659.3043502604442,-0.2865445315166901,0.32144787350458803,0.05365577773491035,0.06086523174812758,1.0148548255318928,0.06145676262146005,0.012551525038568793,0.009162473200569945,0.008951413955097782,0.00037545493964992157,0.009298822093514323,6.193380447224303e-14,3.029209335375978e-09,2.987217767273649e-09,4.897217618692039e-09,4.903818897942163e-09,4.897305396607893e-09
550.0,14,659.4570551215553,-0.28626677718148624,0.32143569870345673,0.053629900497944756,0.060892118477141204,1.0148813722355752,0.06143097359937233,0.012556515506140748,0.002466900185272617,0.0022895563251187374,0.00022836274753440175,0.0026400578283827954,9.523867026112831e-14,3.0289474733477125e-09,2.988874848532664e-09,4.891160694988203e-09,4.9249178705575555e-09,4.89196276922426e-09
550.0,15,659.6097599826663,-0.2866221421933448,0.3214367939106827,0.05364610332544562,0.06083674941312303,1.0148464071360488,0.06146514504677203,0.012570590877973483,0.006693531778120128,0.00664822173887012,0.00016245304849029786,0.006647376853519481,5.85486496466314e-14,3.0320045493197346e-09,2.9893035886328293e-09,4.891498142054987e-09,4.918292252947056e-09,4.892454360629401e-09
550.0,16,659.7624648437775,-0.2865350513347633,0.321447865356245,0.05365537078871833,0.06086673975541077,1.0148557558212121,0.061455846049345064,0.01255111888630204,0.009301085865885223,0.00909376339209987,0.00037390602796279936,0.009434198404876281,9.186889832539657e-14,3.029073014116987e-09,2.989682370132229e-09,4.887004226346947e-09,4.920067597170071e-09,4.887463404699033e-09
550.0,17,659.9151697048886,-0.2862685541054064,0.3214353851974414,0.0536296090176633,0.060891378555349006,1.0148811686620525,0.06143116432413487,0.012557038068946737,0.0029017928805488316,0.0027192840288121595,0.00024244337507516747,0.0030785067508542047,7.484004774824608e-14,3.027631737842044e-09,2.9886809628421866e-09,4.9028213735593846e-09,4.914424324310236e-09,4.9020816756929604e-09
550.0,18,660.0678745659997,-0.28662981410614374,0.321437124581242,0.053646810617864374,0.06083599918724263,1.0148456858721093,0.06146586870140114,0.012570457169709632,0.0063796296479660345,0.006344653159673167,0.00014844392256627042,0.0063242441861169904,6.319276259501394e-14,3.027813090215051e-09,2.9883686555906905e-09,4.895736614223696e-09,4.9135443368653146e-09,4.895016648241683e-09
550.0,19,660.2205794271108,-0.28652538422571516,0.3214478395343981,0.05365493542373165,0.06086825228098333,1.0148567038100784,0.06145491332603925,0.012550726425297275,0.009422560075056395,0.009218460602507474,0.0003723308877731052,0.009551665838013021,5.58647094443264e-14,3.0264553452394437e-09,2.9863055112131955e-09,4.900899965003525e-09,4.900264704079028e-09,4.900092301037006e-09
550.0,20,660.373284288222,-0.2862708074238778,0.32143508025458317,0.053629347806474714,0.06089057493031855,1.0148809181623843,0.061431399805565334,0.01255757143987358,0.003335124798287963,0.0031470083364841944,0.0002556074137179503,0.0035166148908409058,9.688046348491051e-14,3.0293298104502932e-09,2.9892783817934182e-09,4.89217395728099e-09,4.921350883247786e-09,4.89275440299063e-09
550.0,21,660.525989149333,-0.28663718083634815,0.32143746385543637,0.05364751503454415,0.0608353101639541,1.0148449950081824,0.061466561957040367,0.01257030133856366,0.0060507924209304694,0.006025633835170838,0.00013409922853624466,0.0059892191527631195,6.649632849959524e-14,3.0306412448789486e-09,2.987923413969554e-09,4.892831300998064e-09,4.915873152360489e-09,4.893452076879602e-09
550.0,22,660.6786940104441,-0.286515550689385,0.3214477962087413,0.053654472495132124,0.06086976602878924,1.0148576673808059,0.0614539663080137,0.012550351031256181,0.009526510269944362,0.009325031102817412,0.0003702423382340433,0.009645330864255905,7.998272129585029e-14,3.0307765884530156e-09,2.990953691781535e-09,4.884135729731397e-09,4.922001151033586e-09,4.885453108273774e-09
550.0,23,660.8313988715553,-0.286273535797323,0.3214347848176138,0.053629117778899595,0.060889709044245434,1.0148806212108614,0.06143168009821809,0.012558112077590835,0.0037652106059601754,0.0035719314717039857,0.0002686060899618924,0.003948853584617899,8.514743620524239e-14,3.027667336663059e-09,2.9885001633614544e-09,4.898458133906047e-09,4.919840121346688e-09,4.8981750545270815e-09
550.0,24,660.9841037326664,-0.28664422645952503,0.32143781085769196,0.0536482151365143,0.06083468396143423,1.014844336383549,0.061467223667345805,0.01257012367205865,0.005709983715403964,0.005694124164487321,0.00012053976827597197,0.005639656812711387,5.299177301925487e-14,3.029739140442796e-09,2.9894479119123637e-09,4.894054737198876e-09,4.915178100014673e-09,4.893746583318178e-09
550.0,25,661.1368085937775,-0.28650557181608094,0.3214477353054706,0.053653982875784594,0.06087127760313306,1.0148586447023984,0.06145300727165226,0.012549998760038912,0.009603649730382175,0.009407226687801206,0.00036616554945699645,0.009717001841224177,9.904987478567949e-14,3.024799373271715e-09,2.9856122709791395e-09,4.902738377499658e-09,4.902504167501394e-09,4.901422475331832e-09
550.0,26,661.2895134548886,-0.28627673691698285,0.32143449990452416,0.05362891963846371,0.06088878228552656,1.0148802779682153,0.06143200476434041,0.012558657650874532,0.0041892114850322236,0.0039910270749927345,0.00028169570587510754,0.0043745191029217825,6.681793895032897e-14,3.0291620806234486e-09,2.9892734882170415e-09,4.8960422746481044e-09,4.916844595354275e-09,4.8960825461600956e-09
550.0,27,661.4422183159998,-0.2866509334176809,0.3214381650625135,0.05364890935677698,0.060834122375287465,1.014843711596338,0.06146785209592931,0.012569916019705949,0.005352962234620059,0.005346948295796973,0.00010777203859669633,0.005270349030921467,6.767955258833745e-14,3.0294119303134827e-09,2.9866018919810404e-09,4.894125452738141e-09,4.913391128439287e-09,4.894298082633578e-09
550.0,28,661.5949231771108,-0.28649546992188385,0.32144765666710406,0.053653467472408255,0.06087278341537905,1.0148596336310356,0.06145203844227376,0.012549662579535536,0.009661634832112296,0.009470128157612284,0.00036188953237129397,0.009770649001097908,9.206869317524021e-14,3.031572942518707e-09,2.9907386037951476e-09,4.885913600681723e-09,4.918346064091776e-09,4.887316814665968e-09
550.0,29,661.7476280382219,-0.286280404772483,0.321434225795631,0.05362875387116656,0.06088779652049152,1.0148798890673547,0.06143237321862771,0.012559208508767752,0.004607180612342979,0.004403766780540584,0.000293840495936,0.004794672000664581,5.4698761102215477e-14,3.0283537695204026e-09,2.988681119298948e-09,4.894363592705237e-09,4.924210322286158e-09,4.894722828870505e-09
550.0,30,661.9003328993331,-0.2866572823065478,0.32143852566285447,0.05364959588333445,0.06083362722197502,1.0148431218755993,0.06146844484768821,0.012569684273106806,0.004978575354193416,0.0049828010297447226,9.547537360290473e-05,0.004890777190043306,5.96590107233064e-14,3.0309084570518936e-09,2.989803314477677e-09,4.893053651421532e-09,4.916051510172788e-09,4.89320679965161e-09
550.0,31,662.0530377604441,-0.2864852667460696,0.32144756053323337,0.05365292733116279,0.0608742801361545,1.0148606318094897,0.06145106167550729,0.012549343569366428,0.00970174276692091,0.009514463957888408,0.00035728168877470533,0.009802876719195523,8.496126901416623e-14,3.0253138167812692e-09,2.9877323867936892e-09,4.895675086053944e-09,4.91272545416804e-09,4.8945787597300865e-09
550.0,32,662.2057426215553,-0.28628453355983446,0.32143396315761563,0.05362862110440392,0.060886753760797885,1.0148794553068021,0.06143278501465177,0.012559763837636339,0.00501786616652791,0.004809872918700948,0.00030493833315423097,0.005206456913014473,6.694318949256112e-14,3.027843161224086e-09,2.9882828921249527e-09,4.905532336848481e-09,4.908402249743769e-09,4.904864957839595e-09
550.0,33,662.3584474826664,-0.2866632584963999,0.32143889172508117,0.05365027328899352,0.06083319984053458,1.0148425690751313,0.06146900104452857,0.012569432519654943,0.00459544074324014,0.004608981072898525,8.509028560702163e-05,0.004501334426307084,8.501184322232603e-14,3.027294256800005e-09,2.9856839613419598e-09,4.894750206292197e-09,4.9118174514550886e-09,4.8944588722002676e-09
550.0,34,662.5111523437774,-0.28647498371020874,0.32144744721114177,0.05365236353950744,0.060875764543241104,1.0148616371885137,0.061450079048954054,0.01254905203761014,0.009716991637201087,0.009535388666988023,0.000351242348168872,0.009807663731740286,7.624396900071804e-14,3.031214426654105e-09,2.9897189095881995e-09,4.889899571320965e-09,4.913331353938512e-09,4.8907552412805216e-09
550.0,35,662.6638572048886,-0.2862891178848998,0.3214337130805963,0.053628521902417035,0.06088565588596435,1.0148789773299496,0.06143323957434843,0.012560321105963246,0.005419514460755057,0.005207592390720129,0.00031659286874355965,0.00560878738491377,9.336544887956673e-14,3.0293203607974745e-09,2.9891691702783936e-09,4.891524966509196e-09,4.927239147363417e-09,4.892530217264628e-09
550.0,36,662.8165620659997,-0.2866688471730364,0.32143926261678946,0.0536509400691973,0.06083284152809895,1.0148420546042858,0.06146951930767952,0.012569155343960105,0.0042020831764346366,0.004224631837789784,7.755215577862715e-05,0.004094639206870099,6.368767011883073e-14,3.0312883211633387e-09,2.9890753150010874e-09,4.892218945322359e-09,4.916478665296956e-09,4.892753256437143e-09
550.0,37,662.9692669271108,-0.28646464503732666,0.32144731649804403,0.05365177722662215,0.0608772329261537,1.0148626476993003,0.061449093228920004,0.012548780393628044,0.009709036839132266,0.009533978866957987,0.00034430886656530447,0.009794666449887208,7.678247537987659e-14,3.02815851635165e-09,2.9899667511465174e-09,4.8894669095006565e-09,4.918370745111812e-09,4.889095073230151e-09
550.0,38,663.1219717882219,-0.28629414925026136,0.3214334758927297,0.05362845654441115,0.060884505050055306,1.0148784559941029,0.0614337360448185,0.012560879460209009,0.005812068601188461,0.005595893576982368,0.0003273488247580401,0.0060013815697963985,6.876423547085978e-14,3.02688122530916e-09,2.9876313045392e-09,4.908216357391955e-09,4.907451598488492e-09,4.907115795655894e-09
550.0,39,663.2746766493331,-0.28667403226152066,0.32143963753723626,0.053651594498502084,0.06083255352750523,1.014841579408544,0.06146999760411409,0.012568850951564741,0.0037909239985003383,0.0038234022188082346,7.327723161412607e-05,0.00367848366360132,3.9703352661421776e-14,3.0272579413443154e-09,2.9866303474948307e-09,4.89473083076486e-09,4.9110435943579805e-09,4.894249848777519e-09
550.0,40,663.4273815104441,-0.2864542733819298,0.3214471686623566,0.053651169582373995,0.0608786819414924,1.0148636608185604,0.06144810608455453,0.012548527187688539,0.009682600690551546,0.009513514948101733,0.0003371036649889443,0.009763233767374915,6.049450580825509e-14,3.02908848863284e-09,2.9883262510822325e-09,4.894444703305871e-09,4.907365942307924e-09,4.894362948839572e-09
550.0,41,663.5800863715552,-0.28629961857812164,0.3214332519730107,0.05362842537495617,0.060883303601713484,1.0148778923952417,0.06143427368126908,0.012561438015392145,0.006193743675237161,0.005973896685846388,0.00033663140151888216,0.0063826534468255985,9.040980960080317e-14,3.030370460621237e-09,2.989724079270761e-09,4.890612732711363e-09,4.925200611069132e-09,4.8918478000232325e-09
550.0,42,663.7327912326664,-0.28667879933563745,0.3214400155819688,0.05365223507174312,0.060832337016460535,1.014841145035749,0.06147043479991943,0.01256852824299278,0.0033735132105923607,0.003414672527921572,7.34047880307462e-05,0.0032559960330519836,7.078872970804024e-14,3.0302533873908535e-09,2.987853239411607e-09,4.8914301144473095e-09,4.916609109991466e-09,4.892116465030872e-09
550.0,43,663.8854960937775,-0.2864438901316964,0.3214470042268717,0.05365054180289843,0.060880108499024824,1.014864674354548,0.06144711952169879,0.012548301339973967,0.009634944258181654,0.009472039071143135,0.0003292234152478529,0.009701542347069292,5.798027618762072e-14,3.0302830487790373e-09,2.9917440988362407e-09,4.885642650960931e-09,4.922744626660444e-09,4.886257438243026e-09
550.0,44,664.0382009548886,-0.2863055172953753,0.3214330424178464,0.05362842883341529,0.060882053932631554,1.0148772875006162,0.06143485160711093,0.012561995298454285,0.006563471169650376,0.00634096273626181,0.0003461332412018261,0.006751989690903228,7.11044537389251e-14,3.02621897551823e-09,2.987361717171158e-09,4.906105917343588e-09,4.911672242056946e-09,4.905091860349525e-09
550.0,45,664.1909058159997,-0.2866831360057552,0.3214403958738527,0.05365286034978488,0.06083219284672143,1.0148407528499004,0.06147082996926012,0.012568185492823056,0.002950555093798383,0.0029995024665865786,7.779375643042343e-05,0.0028229813814339673,5.702892907831736e-14,3.0279386888388435e-09,2.987507586580212e-09,4.8947237967975055e-09,4.910133179759604e-09,4.894158936643174e-09
550.0,46,664.3436106771109,-0.2864335204037632,0.32144682320303825,0.05364989523102023,0.06088150896232859,1.0148656861993224,0.06144613630921125,0.012548101058405137,0.009560475206932048,0.009405531427955947,0.00031989667094591673,0.009620691550357071,6.584162646795192e-14,3.026674760316468e-09,2.9863349834563248e-09,4.899845306078856e-09,4.90481803984976e-09,4.898898244712268e-09
550.0,47,664.4963155382219,-0.28631183390526727,0.32143284759322466,0.05362846695545131,0.06088075854436433,1.0148766424729165,0.061435468683004646,0.012562550320688875,0.006921324763949472,0.006695958737597321,0.00035511650283911393,0.0071088179042812435,8.022893940230333e-14,3.030416564194995e-09,2.989492413734478e-09,4.894216166253229e-09,4.920373630388287e-09,4.895062899595517e-09
550.0,48,664.649020399333,-0.2866870311023528,0.3214407777315635,0.053653468840229916,0.060832121546781144,1.014840403566161,0.061471181773740335,0.012567814476525494,0.0025155431543748977,0.002572252256440089,8.572092527825217e-05,0.0023806632011534145,6.923260940897021e-14,3.0294968467516503e-09,2.9871449566680274e-09,4.890656606774522e-09,4.916347450910979e-09,4.891328593286817e-09
550.0,49,664.8017252604442,-0.2864231881429528,0.32144662583511385,0.05364923124975964,0.06088287996226394,1.0148666938258968,0.06144515856270749,0.012547921281688941,0.009467374839663903,0.009319806837100026,0.0003103103200852791,0.009522401190262939,5.849010139096305e-14,3.0316562561519018e-09,2.9916141496984226e-09,4.886201262636639e-09,4.920154958782318e-09,4.88742313796062e-09
550.0,50,664.9544301215552,-0.28631855609788986,0.3214326676948567,0.05362853980581665,0.06087942012662948,1.0148759587187632,0.061436123871139836,0.012563101031610692,0.007266228571917739,0.007038087125945868,0.0003628560083005977,0.007450822968037311,6.828782631523345e-14,3.0274760486389673e-09,2.988676726772436e-09,4.895784202079117e-09,4.923998916100405e-09,4.895373580390614e-09
550.0,51,665.1071349826664,-0.2866904713689286,0.3214411602242446,0.05365405894478035,0.06083212391445767,1.0148400982483172,0.06147148884597764,0.012567426106579216,0.0020763848839714513,0.002138974444861096,9.687760611125228e-05,0.0019376442770974675,4.826208756780778e-14,3.029847372926849e-09,2.9892991794641694e-09,4.896016144923955e-09,4.909403934438869e-09,4.8955473162843375e-09
550.0,52,665.2598398437775,-0.2864129149102391,0.32144641280333297,0.05364855118458308,0.060884218530113485,1.0148676948281175,0.061444187996133603,0.012547766335578454,0.009355240556784064,0.009214699807564392,0.00030045392506769335,0.009397216768738812,6.05469833264543e-14,3.0244670846498347e-09,2.985980011566476e-09,4.900776897402007e-09,4.906597339347647e-09,4.89956219193584e-09
550.0,53,665.4125447048885,-0.2863256710899662,0.3214325035753646,0.053628647533197495,0.06087804159241129,1.0148752375580083,0.06143681586495453,0.012563646451721958,0.007595049560811355,0.0073657553616960775,0.0003696098394059436,0.0077785283801788604,6.363839112888757e-14,3.029601716326881e-09,2.9888256115509843e-09,4.899013997839217e-09,4.914026052661959e-09,4.898967071736748e-09
550.0,54,665.5652495659997,-0.2866934472473968,0.32144154231581146,0.05365462933219638,0.06083220031933644,1.0148398380153687,0.06147175058806653,0.012567021404376256,0.0016388816525822923,0.0017043853753473165,0.00010974803177669145,0.001496179243276317,4.165061288000772e-14,3.0289632261246207e-09,2.9868313881777644e-09,4.890006060234117e-09,4.915332403370205e-09,4.890451398098581e-09
550.0,55,665.7179544271108,-0.28640272442964854,0.32144618428748234,0.05364785650329295,0.060885521443680375,1.0148686872139412,0.06144322720040152,0.012547642183916059,0.009216105206350135,0.009084451896040421,0.0002892446888041139,0.009248994585139381,4.192150229540097e-14,3.0312884196815377e-09,2.9898646401451853e-09,4.890095766856339e-09,4.916402240170858e-09,4.891387227905665e-09
550.0,56,665.870659288222,-0.2863331658981229,0.3214323557469356,0.053628790057937664,0.0608766256234584,1.0148744804121463,0.061437543466161815,0.012564186480534487,0.007909766168761568,0.007679244799872379,0.00037643196480889054,0.008091627043353448,8.344926132388391e-14,3.0294502125121777e-09,2.9895624088718497e-09,4.890884808781267e-09,4.929669024470455e-09,4.8913866702269075e-09
550.0,57,666.023364149333,-0.2866959507190506,0.32144192342747413,0.053655178695128175,0.06083235087672264,1.0148396235960917,0.06147196625667917,0.012566592182059941,0.0012069889245681946,0.0012696807367104368,0.0001234841405648151,0.001059989425433428,5.775831258892647e-14,3.0302241535151313e-09,2.989302647902685e-09,4.8958141640002874e-09,4.910905065044894e-09,4.895622749595828e-09
550.0,58,666.1760690104442,-0.2863926424094025,0.3214459405799271,0.05364714876092218,0.060886785206369094,1.014869668541155,0.06144227870058372,0.012547540745841983,0.0090569425332265,0.008933930159507183,0.00027745592503521994,0.00908340934321799,8.439589157123313e-14,3.0252342200948616e-09,2.98730367746135e-09,4.8975497700515155e-09,4.910871403522946e-09,4.8966275137162e-09
550.0,59,666.3287738715553,-0.2863410253125536,0.3214322243648724,0.05362896720212684,0.060875175232372306,1.014873688912469,0.06143830530494787,0.012564718934890619,0.008210417732013729,0.007978179528429542,0.00038242894125203837,0.00838711532229878,1.0593490379500834e-13,3.0281514167326323e-09,2.987572783740172e-09,4.9049525761830925e-09,4.90745679040762e-09,4.9040524506896666e-09
550.0,60,666.4814787326663,-0.28669797175577844,0.3214423026402919,0.05365570548640575,0.060832575768344166,1.014839455552471,0.061472134618852925,0.012566145207342254,0.0008015469202083641,0.0008450547091611878,0.0001384845601486539,0.0006703363889012623,7.596403666809312e-14,3.0287752669946334e-09,2.9872652630811052e-09,4.890814443534519e-09,4.91287969980472e-09,4.890988053915507e-09
550.0,61,666.6341835937775,-0.28638269004788686,0.32144568246500776,0.05364642938472432,0.06088800704995983,1.0148706362267506,0.06144134396043277,0.012547462525832378,0.008880162464066945,0.008765248367174518,0.000265587238881399,0.008896781129453324,6.943563096726739e-14,3.029275284174809e-09,2.9884904306226155e-09,4.893488724987498e-09,4.912304303998174e-09,4.894233726180879e-09
550.0,62,666.7868884548886,-0.2863492330475115,0.32143210980990833,0.05362917876693268,0.060873693634937893,1.0148728647053247,0.061439099788369256,0.012565240644178738,0.008490937216155686,0.008258981753767769,0.00038654243512365735,0.008665085236995265,9.496778699043996e-14,3.0314601158576564e-09,2.9907205727258166e-09,4.887354036992024e-09,4.930280963973811e-09,4.888608021166689e-09
550.0,63,666.9395933159997,-0.28669950314612014,0.32144267880769134,0.05365620845897137,0.060832874953252694,1.0148393347071576,0.0614722552564827,0.012565684095187355,0.0005153496654189087,0.0004850507468494337,0.00015421982968276597,0.00046997374342532363,3.5177097476827814e-14,3.029959690422793e-09,2.9885816126049146e-09,4.893964066846053e-09,4.912980416001007e-09,4.894069363122861e-09
550.0,64,667.0922981771108,-0.2863728896050056,0.3214454102919807,0.05364569991895661,0.06088918413085579,1.014871588231499,0.06144042522471471,0.012547416839467269,0.008680131559495046,0.008574323223579474,0.00025303958664901755,0.008683570454596128,4.983110569856986e-14,3.0267622581496736e-09,2.989611382054271e-09,4.892997699278008e-09,4.9179888116498905e-09,4.892835157814004e-09
550.0,65,667.245003038222,-0.28635777345484165,0.3214320127486465,0.05362942453225075,0.06087218389599712,1.0148720094357786,0.06143992540132459,0.01256575386885683,0.00875501456191324,0.008523542272468761,0.00039081207530478133,0.008926864714487854,9.102664942092095e-14,3.02617421976407e-09,2.986661902707833e-09,4.907596320018979e-09,4.90836968947528e-09,4.906198759454922e-09
550.0,66,667.397707899333,-0.28670054011924656,0.32144305135081813,0.05365668647437105,0.06083324807040168,1.0148392616420185,0.061472327902396984,0.012565204977890775,0.0005778476512428263,0.00042809097857538056,0.0001696666073419642,0.0006709139806809922,6.022850216125506e-14,3.0288735403574237e-09,2.9877641621956628e-09,4.892352286044259e-09,4.910084156320056e-09,4.892108535680411e-09
550.0,67,667.5504127604441,-0.28636326699802334,0.3214451244574577,0.05364496208816554,0.060890313130796396,1.014872522460607,0.06143952537331132,0.012547397283406177,0.008456031539858539,0.00836025967289915,0.00023935521036454337,0.008453567174602128,6.00028792141202e-14,3.027471851844269e-09,2.987339842699295e-09,4.896616024498052e-09,4.910147251451266e-09,4.896498412866648e-09
550.0,68,667.7031176215553,-0.28636662896928233,0.32143193337788084,0.053629704083920655,0.06087064924851305,1.0148711249901234,0.061440780562440955,0.01256625736329287,0.009003340695437607,0.008771769788538185,0.0003944791516085787,0.009170196033828851,7.768493035169108e-14,3.031923895175733e-09,2.9897976860242958e-09,4.891726083159595e-09,4.922198520524017e-09,4.893205524823796e-09
550.0,69,667.8558224826663,-0.2867010768967216,0.32144341948431615,0.05365713819186368,0.060833694676947214,1.014839236520753,0.06147235173182641,0.012564708042446419,0.0009246087608951502,0.0007515523010384484,0.00018511306484381284,0.001068558932897274,8.513280313471578e-14,3.029424864710898e-09,2.9875398225161865e-09,4.888202717899467e-09,4.9186145207920975e-09,4.888731426689937e-09
550.0,70,668.0085273437775,-0.2863538432549205,0.321444825737467,0.05364421740464462,0.060891391427047775,1.0148734362493135,0.06143864576276292,0.012547400508021571,0.008216425428697641,0.008129794469132269,0.0002256664609533402,0.008206538670845137,7.282436373816744e-14,3.0309669116854554e-09,2.992501527687244e-09,4.888680542482565e-09,4.921465207592978e-09,4.889187306398927e-09
550.0,71,668.1612322048886,-0.2863757813659582,0.32143187163495546,0.05363001694991166,0.06086909298239695,1.0148702132565564,0.061441663605262375,0.01256674469095315,0.009230381812650753,0.009000087929764297,0.0003964311581245156,0.00939104213844772,7.996657848780513e-14,3.0254868482385556e-09,2.9866826272686705e-09,4.904979013964138e-09,4.9133307315764e-09,4.903840490960967e-09
550.0,72,668.3139370659997,-0.28670110808528143,0.3214437819835982,0.053657562361641535,0.06083421433915031,1.014839259924155,0.06147232645285339,0.012564199041961375,0.0013519640697660746,0.0011764776296273294,0.00020146547446159836,0.0015133373354395193,4.7408702594884e-14,3.0288420931756465e-09,2.9881565223033505e-09,4.894821230618652e-09,4.906265042049493e-09,4.8941916919767176e-09
550.0,73,668.4666419271108,-0.286344639686587,0.321444514708817,0.053643467453717744,0.060892416430466285,1.0148743273589278,0.06143778823655477,0.012547433688996154,0.007958946531109,0.007881351301269936,0.00021206208221775786,0.007933095802330462,1.0294100508133974e-13,3.0258426217110037e-09,2.9867315960567367e-09,4.898585387962778e-09,4.909529420530746e-09,4.89782854766199e-09
550.0,74,668.619346788222,-0.2863852110802451,0.3214318281667098,0.053630362658726,0.06086751866257178,1.0148692760988167,0.061442572481649305,0.012567219722358837,0.009437181916455943,0.009209117324295324,0.00039784743732171075,0.009594660967209645,6.39674569239571e-14,3.0306008128831508e-09,2.9886442168316967e-09,4.897219733037669e-09,4.916257052791641e-09,4.898105540804767e-09
550.0,75,668.7720516493331,-0.2867006329364732,0.32144413819562384,0.053657958090486665,0.06083480612740995,1.014839332023688,0.06147225218235974,0.012563677611135523,0.0018034003922940476,0.001624446927110707,0.00021715308503557118,0.001975888213891343,5.862257652012683e-14,3.029537251240086e-09,2.987632914858942e-09,4.885347251737208e-09,4.9199921523740435e-09,4.8861725505003345e-09
550.0,76,668.9247565104441,-0.2863356796163224,0.3214441918730095,0.053642714038477604,0.06089338543884247,1.0148751941518916,0.06143695560092444,0.012547498371286539,0.007674070494812164,0.007607572908758622,0.00019721837985596277,0.0076424220784215915,5.241242617626105e-14,3.0321456096528917e-09,2.991906361762284e-09,4.889511255210869e-09,4.920821069261608e-09,4.89047980581758e-09
550.0,77,669.0774613715553,-0.28639489901020115,0.3214318032341131,0.05363074060110822,0.06086592961273536,1.0148683156041092,0.061443505499959694,0.01256768264185866,0.009626273222411658,0.009400053805730682,0.0003988604689256266,0.00978028337559445,6.091248934002421e-14,3.026768437501282e-09,2.9874355092444977e-09,4.899455938592665e-09,4.922195100318071e-09,4.899188742266016e-09
550.0,78,669.2301662326664,-0.2866996494727887,0.3214444875438156,0.05365832427432432,0.06083546911523582,1.0148394528563298,0.0614721286648473,0.012563140766667438,0.002265019614342949,0.0020809981784722415,0.00023198889066773976,0.002445091625266377,7.852614664095097e-14,3.028677259340479e-09,2.9882529270675884e-09,4.897918833248719e-09,4.905218062797901e-09,4.897128149149363e-09
550.0,79,669.3828710937775,-0.28632698497115455,0.3214438579574931,0.05364195879551446,0.060894295823374564,1.014876034052606,0.061436149475793234,0.01254758544842166,0.0073752194494401185,0.007318723623280893,0.00018225680302491864,0.007337256914746429,3.387048808483052e-14,3.025718256036879e-09,2.987573061209878e-09,4.897939605408216e-09,4.910968794914654e-09,4.896963316060759e-09
550.0,80,669.5355759548886,-0.2864048252294347,0.32143179653674686,0.05363115007652776,0.06086432920948868,1.0148673338819585,0.061444460916064814,0.012568126608374319,0.009795043254944302,0.009570972261707087,0.0003987618565717615,0.00993919186447569,9.175126192148828e-14,3.028895860289458e-09,2.9872863612595e-09,4.90268949119683e-09,4.909788175939461e-09,4.902594222760726e-09
