half_steps,cell_index,cell_width,minimum_continuous_lower,left_minimum_lower,right_minimum_lower,left_first_bad_step,right_first_bad_step,maximum_reset_T_radius,maximum_reset_C_radius,maximum_local_T_tube_radius,maximum_local_C_tube_radius,maximum_short_transport_radius,maximum_local_rq,maximum_inverse_q,midpoint_T_center_gap,midpoint_C_center_gap,midpoint_T_overlap_margin,midpoint_C_overlap_margin,cell_pass
512,0,0.15270486111114678,0.0007571830565680069,0.0007643941979962441,0.0007571830565680069,-1,-1,0.0611732212697981,0.0037213560522552256,0.0617031794041266,0.0037536802702493734,0.00040571268660698966,0.0056714860603491665,0.0008472141018180596,5.96849057236073e-13,2.673167651006171e-14,0.1219240876275576,0.007472906004009591,True
512,1,0.1527048611110331,0.0007393348937135158,0.0007503854482553278,0.0007393348937135158,-1,-1,0.06105509705203115,0.003718645817980281,0.06158292805509398,0.003750934289103348,0.0004054514783585684,0.005669404275866467,0.000846697699475966,2.9828054344998126e-13,5.049429518266989e-14,0.12175157428324775,0.007470522471935904,True
512,2,0.15270486111114678,0.0007490481503400879,0.0007722560917172264,0.0007490481503400879,-1,-1,0.061163239053703515,0.003722164350121248,0.06169621489127799,0.003754475723839261,0.0004059870505586635,0.005671348508377059,0.0008477944080171934,3.760745205467625e-13,2.1471319635263788e-14,0.12174499849041025,0.007478820483851323,True
512,3,0.15270486111114678,0.0007534096491675929,0.000767046767349547,0.0007534096491675929,-1,-1,0.06124237454836072,0.0037211666439437774,0.06177649811916581,0.0037534893026117764,0.0004056921997550584,0.00567149153076886,0.0008471712513472632,4.536496143351711e-13,3.186274975687712e-14,0.12192548133272425,0.007472696224071784,True
512,4,0.1527048611110331,0.0007384862833936522,0.0007474732979481194,0.0007384862833936522,-1,-1,0.061070913013791105,0.003718644328166636,0.061602786539162,0.0037509334236689017,0.00040544582176143797,0.00566996179028647,0.0008466859139102578,5.283615818349283e-13,2.8979671140717484e-14,0.12183693142430636,0.007470582161652288,True
512,5,0.15270486111114678,0.0007526533265337659,0.0007718011152720322,0.0007526533265337659,-1,-1,0.061095549335078075,0.0037223409762976783,0.0616279060902884,0.003754653083103899,0.0004059831400253405,0.005671372021401586,0.0008477856341225545,4.4917560446210615e-13,2.1642162290358295e-14,0.1216934511522107,0.007478949252139867,True
512,6,0.15270486111114678,0.0007513716159749522,0.0007697563166999282,0.0007513716159749522,-1,-1,0.06127733186851786,0.003720942370747388,0.06181179193221919,0.003753262927685631,0.00040566762940285375,0.005671546441077446,0.0008471199055523971,4.908054369088476e-13,1.9334193414354893e-14,0.12189245423346709,0.007472413210869147,True
512,7,0.1527048611110331,0.0007356540375236183,0.0007461005308837218,0.0007356540375236183,-1,-1,0.06113808955356089,0.0037186199180126,0.06167058560044427,0.00375090926910768,0.000405447639673062,0.00567045577438958,0.0008466897039573367,5.772344095621953e-13,3.013974156232082e-14,0.12193924004002195,0.007470573874059506,True
512,8,0.15270486111114678,0.0007562594979035659,0.0007691883177588093,0.0007562594979035659,-1,-1,0.06102782276383809,0.003722496051278841,0.061559555596129134,0.003754807916926364,0.00040597791717134925,0.005671385925972588,0.0008477741333809719,4.758244440707888e-13,3.790359372247363e-14,0.12169315675163697,0.007479047119812322,True
512,9,0.15270486111114678,0.0007536526182704161,0.0007722963597390479,0.0007536526182704161,-1,-1,0.06120969510091896,0.0037207888963774805,0.061743632683156795,0.0037531082625069357,0.0004056507037722803,0.005671557475006569,0.0008470845557816719,4.220550795704336e-13,4.5978336908383594e-14,0.12175673948380532,0.007472222284991938,True
512,10,0.15270486111114678,0.0007327339899966446,0.0007490365124141212,0.0007327339899966446,-1,-1,0.061205560717627804,0.003718641598937857,0.061738682095238244,0.0037509335285112926,0.0004054553160210932,0.005670207394268731,0.0008467056943548447,4.0216335931273345e-13,1.5259335356807984e-14,0.12193909273390595,0.007470663124500727,True
512,11,0.1527048611110331,0.0007546458852884639,0.0007664552848371825,0.0007546458852884639,-1,-1,0.061079714857225055,0.0037226911609622108,0.06161182110891784,0.0037550044442940405,0.0004059774592859126,0.005671436071483886,0.0008477725984459752,3.5121763968945716e-13,2.749016176737115e-14,0.12181297305162063,0.007479229393854692,True
512,12,0.15270486111114678,0.0007558234476910344,0.0007696656400268674,0.0007558234476910344,-1,-1,0.06114188579339653,0.003720661728307041,0.06167529794319854,0.0037529800127937252,0.00040563685381856155,0.0056715890302003295,0.0008470556608757124,3.745816168244439e-13,3.7758125413422145e-14,0.1217406564864487,0.007472107393897644,True
512,13,0.15270486111114678,0.0007326365026320228,0.0007519510365558249,0.0007326365026320228,-1,-1,0.06120488055977948,0.003718697995938748,0.06173805619490289,0.0037509914101608232,0.00040546931087691735,0.005670665971634892,0.0008467348462688501,5.269505396506491e-13,3.3954921618599605e-14,0.12187045958480615,0.007470846824990741,True
512,14,0.1527048611110331,0.0007523431383347367,0.0007666572462061999,0.0007523431383347367,-1,-1,0.06114885268290715,0.0037228678162420587,0.06168147811602973,0.003755182314295983,0.00040597373257896186,0.005671460013592525,0.0008477642537261297,4.601313157496334e-13,3.6260796527333e-14,0.12188165850302174,0.007479362842064306,True
512,15,0.15270486111114678,0.00075732067237785,0.0007663791988295701,0.00075732067237785,-1,-1,0.061090865195593244,0.003720490817844639,0.06162388612636817,0.0037528067568526574,0.0004056178971415217,0.0056716272116938615,0.0008470161345811282,3.1456851099245106e-13,3.907458590097227e-14,0.12175864443620847,0.00747192106133523,True
512,16,0.15270486111114678,0.0007355460110557414,0.0007542846951922015,0.0007355460110557414,-1,-1,0.061135716879342814,0.003718706124283,0.06166837390099175,0.0037510002540403395,0.0004054804462721386,0.0056704398551425126,0.0008467579934599656,5.687668965586495e-13,4.557840443132446e-14,0.12175001213631284,0.00747095610172176,True
512,17,0.1527048611110331,0.0007501477222816871,0.0007700946216950363,0.0007501477222816871,-1,-1,0.06121813118766446,0.003723026595553321,0.06175127742056072,0.0037552712010265376,0.0004059632313554937,0.005671623867041086,0.0008477417798110323,5.000525447411374e-13,3.1510283357952296e-14,0.12188181848721448,0.0074793680308662906,True
512,18,0.15270486111114678,0.0007538170100741085,0.0007631641031661355,0.0007538170100741085,-1,-1,0.061159495385659665,0.0037204254112072647,0.061693122861937115,0.003752663516148826,0.00040561046352387064,0.005671613594434485,0.0008470007036924909,4.905974008168128e-13,1.5236094941128484e-14,0.12189672354563591,0.007471664180660231,True
512,19,0.15270486111114678,0.000738241369907586,0.0007511581702118359,0.000738241369907586,-1,-1,0.061067799888539706,0.0037188864136255373,0.06159675323477598,0.003751183586993942,0.0004055156211506515,0.005670868001165106,0.0008468313082154448,5.307925960410929e-13,4.198033639075226e-14,0.12175070460155923,0.007471256706930702,True
512,20,0.1527048611110331,0.0007518535583214951,0.0007729273828483255,0.0007518535583214951,-1,-1,0.061185728893816245,0.0037231594105280553,0.06171435589957292,0.0037554750925241007,0.0004059913703243588,0.005671582190714036,0.0008478000144166413,5.57750474336606e-13,3.0937334620228115e-14,0.12178057926003243,0.007479522288653211,True
512,21,0.15270486111114678,0.0007500552498537967,0.0007640620741389824,0.0007500552498537967,-1,-1,0.0612286459496689,0.0037201739951724126,0.061762882563140095,0.0037524873367985375,0.000405582910152092,0.005671679167274744,0.0008469432909104893,7.528239132016738e-13,3.5899426360051275e-14,0.12193290532583194,0.007471573415979972,True
512,22,0.15270486111114678,0.0007392464344850666,0.0007488109024514667,0.0007392464344850666,-1,-1,0.06104961814502426,0.0037187259665276977,0.06158167657913214,0.003751023465561222,0.00040550291094696,0.0056712054644892235,0.000846804592311025,5.22981655744592e-13,3.0454485035187986e-14,0.12180171660050554,0.0074711753987072825,True
512,23,0.15270486111114678,0.0007557209446864866,0.0007739528440061423,0.0007557209446864866,-1,-1,0.06111803190485057,0.0037232591289505564,0.06165022812297309,0.003755575580335383,0.00040594844328010267,0.005671703697796903,0.0008477098676746756,5.000666468273732e-13,2.428618943299327e-14,0.12169548288485901,0.00747949652720768,True
512,24,0.1527048611110331,0.0007465398334336649,0.0007665746622733531,0.0007465398334336649,-1,-1,0.061296826762860225,0.0037199961052227894,0.06183165977953514,0.0037523065271284923,0.00040556301249703087,0.005671619953685918,0.0008469018974637621,3.639630711623807e-13,2.77690781371567e-14,0.12193386140368462,0.0074713338895384266,True
512,25,0.15270486111114678,0.0007364059760217588,0.0007462070851454258,0.0007364059760217588,-1,-1,0.06111715586793114,0.0037187128051596676,0.06164983947294903,0.003751010591476774,0.0004055154240138593,0.005671055660435988,0.0008468305169581955,5.2211850478704e-13,4.852373804928498e-14,0.12193769516204579,0.007471274046672594,True
512,26,0.15270486111114678,0.0007592770875787523,0.0007712089544010518,0.0007592770875787523,-1,-1,0.06105087053710584,0.0037234071271740944,0.061582458770859785,0.0037557246961443906,0.0004059376083346801,0.0056717130767353135,0.0008476867576399954,3.779492191115652e-13,5.2606121013229785e-14,0.1216959500549314,0.007479534027942813,True
512,27,0.1527048611110331,0.0007487826123850123,0.0007689700483012647,0.0007487826123850123,-1,-1,0.06122827126225464,0.0037198669904469207,0.06176254820674334,0.003752175899739319,0.000405548546206759,0.005671442011986018,0.000846871878616349,7.127035421110147e-13,3.612930947683804e-14,0.12179791206840904,0.00747117397567334,True
512,28,0.15270486111114678,0.0007334896753902214,0.0007493014083449124,0.0007334896753902214,-1,-1,0.06118492154277278,0.0037187749236963544,0.06171823438648215,0.0037510740962420014,0.00040553314217051133,0.005671358433760432,0.0008468672784185663,5.85505242973547e-13,3.604027876726561e-14,0.12193697512838991,0.007471492667085678,True
512,29,0.15270486111114678,0.0007590472205484064,0.0007683812838832122,0.0007590472205484064,-1,-1,0.06106921288004064,0.0037235737872437624,0.061600918540539895,0.0037558927601300126,0.00040593584912864057,0.0056717656832851945,0.0008476864743058778,6.761526075676945e-13,3.740430065455391e-14,0.12178226031345575,0.007479638460865204,True
512,30,0.1527048611110331,0.0007509067818814353,0.0007676410057109207,0.0007509067818814353,-1,-1,0.06115955980562153,0.0037197719881833257,0.06169327736110525,0.0037520800651650254,0.0004055378387620148,0.005671607806930158,0.0008468497411542974,1.0054636897342237e-12,3.13664441108064e-14,0.12174742478622218,0.007471105133718588,True
512,31,0.15270486111114678,0.0007320690283911176,0.0007525097247687295,0.0007320690283911176,-1,-1,0.061218656335556045,0.003718805855226033,0.0617523131517548,0.0037511071762640485,0.0004055500654643613,0.0056715655120698275,0.0008469023477907522,6.801232593306954e-13,6.834641579888634e-14,0.12190185565487693,0.0074716767270921,True
512,32,0.15270486111114678,0.0007566919426600041,0.0007671122940662074,0.0007566919426600041,-1,-1,0.061138899474988864,0.003723679866138659,0.061671166590241314,0.0037559999231214633,0.00040594793601259575,0.005671778340523118,0.0008477120974364799,3.3461845952789145e-13,4.2742557663815385e-14,0.12188583002550069,0.007479639659364862,True
512,33,0.1527048611110331,0.0007531455199251187,0.000764187840047831,0.0007531455199251187,-1,-1,0.061090584350075486,0.003719645103299214,0.06162373649432799,0.0037519507246684485,0.00040552336450366626,0.005671384652983716,0.0008468197697216885,3.892902864356759e-13,3.402047966520323e-14,0.12174813778169614,0.007470955616486454,True
512,34,0.15270486111114678,0.0007351502310655055,0.0007558735428374526,0.0007351502310655055,-1,-1,0.06114975943211938,0.003718787565720154,0.061682899344339945,0.0037510890018061464,0.00040556277109740315,0.005671495505726313,0.0008469285781046572,3.561597478011842e-13,3.639271194533121e-14,0.12176365857168964,0.007471770134438347,True
512,35,0.15270486111114678,0.0007544449085438372,0.0007702860231855768,0.0007544449085438372,-1,-1,0.06120870775252497,0.0037237439125299356,0.06174155229100065,0.003756064877530458,0.00040595582907972685,0.005671809651690342,0.0008477281684811988,3.1656866273752344e-13,3.8561293139698737e-14,0.12188671206372025,0.007479533026485014,True
512,36,0.1527048611110331,0.0007503498158379604,0.0007605739578738605,0.0007503498158379604,-1,-1,0.06114127067039313,0.0037197069059303825,0.06167485009313469,0.0037519486296362895,0.0004055296474670118,0.0056710592725699605,0.0008468331757442015,8.18252232196449e-13,3.84989223750091e-14,0.12186894421394945,0.0074707541539906505,True
512,37,0.15270486111114678,0.0007381936049338163,0.0007537625058560703,0.0007381936049338163,-1,-1,0.06108082940731445,0.0037191083198252215,0.06161345415173278,0.0037513289841868804,0.00040557900544884953,0.005671658182516472,0.000846962146052859,6.142580514802489e-13,3.871377713437532e-14,0.1217454684479011,0.007471950537745235,True
512,38,0.15270486111114678,0.0007543047004402429,0.000772531312866035,0.0007543047004402429,-1,-1,0.061211252087037864,0.0037242129734513904,0.061741265868852604,0.003756538804346522,0.0004060075453842298,0.005671849888175264,0.0008478359563949544,3.981928254929832e-13,2.2701926134230736e-14,0.12182012441328662,0.0074799267039105275,True
512,39,0.1527048611110331,0.0007460753321194539,0.000760131758316386,0.0007460753321194539,-1,-1,0.061210463141514695,0.0037194038945231544,0.061740097222762656,0.003751706134007008,0.00040549602452604947,0.0056713086658605845,0.0008467632810010652,5.673187517147278e-13,2.5327420792080636e-14,0.12193936474693542,0.0074706760561081284,True
512,40,0.15270486111114678,0.0007403738911061669,0.0007515564102489064,0.0007403738911061669,-1,-1,0.06103018029871115,0.003718821897910944,0.06156244380161526,0.003751125660747649,0.0004056006997790581,0.005671700622222978,0.0008470070852036641,5.185692272905125e-13,3.7028633327185514e-14,0.12176315267993125,0.007472142873914625,True
512,41,0.15270486111114678,0.0007584061244517818,0.0007756433658606346,0.0007584061244517818,-1,-1,0.06114401214009182,0.0037239229546159242,0.061676346265731694,0.003756246753216877,0.0004059762055187074,0.005671842664110347,0.0008477712128464476,7.403745333358249e-13,3.86370321894186e-14,0.1217019208605145,0.007479441239522791,True
512,42,0.15270486111114678,0.0007430504968772618,0.0007624585332465967,0.0007430504968772618,-1,-1,0.0612771986967903,0.0037192889326661083,0.061811911716165825,0.003751589373821735,0.00040548277527036665,0.00567093986860964,0.0008467359615507408,4.1693817706886125e-13,4.4032391008099785e-14,0.12194046365537753,0.007470538941072885,True
512,43,0.1527048611110331,0.000737629932785996,0.0007490565450099187,0.000737629932785996,-1,-1,0.06109792722715471,0.0037188642167817134,0.06163081746572373,0.0037511687001750586,0.00040561820265046916,0.0056717333525715015,0.000847043241981723,3.9910023722371816e-13,2.8219402124743622e-14,0.12189869731922953,0.0074723395127094866,True
512,44,0.15270486111114678,0.000761864156324312,0.000772842891253636,0.000761864156324312,-1,-1,0.06107744015612433,0.0037240091750567863,0.06160925115604717,0.003756334045866097,0.0004059866162770452,0.005671903221155322,0.0008477924034211473,8.362458091230581e-13,5.081927504197483e-14,0.12170302847953286,0.007479363979271079,True
512,45,0.15270486111114678,0.000743744207560383,0.0007646429008921709,0.000743744207560383,-1,-1,0.061242327024041136,0.0037192421545482446,0.061776736284243655,0.0037515402503557984,0.0004054771442123684,0.005671160135685522,0.0008467245808918702,7.399004017703892e-13,3.054632287885239e-14,0.12183905859487719,0.007470514383011106,True
512,46,0.1527048611110331,0.0007347765027262593,0.0007508829979251951,0.0007347765027262593,-1,-1,0.06116595023089114,0.0037189384446130766,0.061699470146338135,0.0037512438252567007,0.00040564193439306904,0.005671731594593172,0.0008470923772797743,5.277614297176561e-13,3.526362592138911e-14,0.1219319123678891,0.007472625404641983,True
512,47,0.15270486111114678,0.0007629927766361326,0.0007699483699376285,0.0007629927766361326,-1,-1,0.061062199508940714,0.0037241176427531956,0.06159392611436551,0.0037564451410120147,0.0004059990933290209,0.005671924551578423,0.0008478187068915563,3.898248288131406e-13,2.5700279627996292e-14,0.12175577124758669,0.007479355355507542,True
512,48,0.15270486111114678,0.0007459439331490343,0.0007647211241895382,0.0007459439331490343,-1,-1,0.061173036635658096,0.003719159916190735,0.0617068466399536,0.003751457035847735,0.0004054673607169496,0.005670801874633309,0.0008467045590471572,5.524621537715751e-13,4.0177785708828215e-14,0.1217544440545255,0.007470437290909882,True
512,49,0.1527048611110331,0.0007319723237513321,0.0007543151912341831,0.0007319723237513321,-1,-1,0.06123409096468546,0.0037189602511398176,0.061768243051637695,0.003751266567754172,0.0004056640151486504,0.005671790544068677,0.0008471380363249827,5.318665390977201e-13,2.85641046101954e-14,0.1219307139965461,0.007472844676417938,True
512,50,0.15270486111114678,0.0007605856131616492,0.0007671321674723694,0.0007605856131616492,-1,-1,0.06113235271370609,0.003724170655693147,0.06166471712326711,0.003756499420409415,0.00040600491277863063,0.005671938146528356,0.0008478321498331539,8.674981614573393e-13,5.520780355985569e-14,0.12189412149634199,0.007479224240419091,True
512,51,0.15270486111114678,0.0007482809534264545,0.0007612207889746181,0.0007482809534264545,-1,-1,0.06110341055583421,0.0037190485349524126,0.06163661625993494,0.0037513442870959683,0.00040545444791900774,0.0056702817952555525,0.0008466780311860088,4.162594613375191e-13,7.664612522669629e-14,0.12175512292779973,0.007470276468460108,True
512,52,0.1527048611110331,0.0007351499428682392,0.000757850064556028,0.0007351499428682392,-1,-1,0.06116547924162709,0.00371895606490888,0.06169911607782367,0.003751262845188655,0.00040568060317588484,0.005671804625555948,0.0008471721981077065,2.3183948960490325e-13,5.646435612009244e-14,0.12179223361705366,0.007472985162411316,True
512,53,0.15270486111114678,0.0007581851420250199,0.0007702151554104044,0.0007581851420250199,-1,-1,0.06120266463385813,0.003724179024154837,0.06173567292415369,0.0037565085015114157,0.0004060069082340318,0.005671988321028812,0.0008478357515257595,7.422659226758124e-13,5.029730600001527e-14,0.12189565682499814,0.007479028383369707,True
512,54,0.15270486111114678,0.0007469128544713501,0.000757585044026841,0.0007469128544713501,-1,-1,0.061119278113480884,0.003719000801240856,0.061652589959629835,0.003751293731219359,0.0004054486644027566,0.005670645333854414,0.000846666418965837,6.20276520989759e-13,5.374512546128474e-14,0.12184174205969292,0.007470213007685867,True
512,55,0.15270486111114678,0.0007382725632799572,0.0007570917694369061,0.0007382725632799572,-1,-1,0.061096863868410727,0.0037193659792921414,0.06162998371408493,0.003751619619768253,0.0004057010840586936,0.005671830100106706,0.0008472144629848217,5.526395259633957e-13,2.9766669318137035e-14,0.12173941804813171,0.007473210291216516,True
512,56,0.1527048611110331,0.0007571085177412155,0.0007726071081706319,0.0007571085177412155,-1,-1,0.06123902070374999,0.0037246606635175693,0.06177239185401227,0.0037569050741943504,0.00040606008417852117,0.0056720030070448605,0.0008479467187815007,3.3748756519815074e-13,1.4358528724292894e-14,0.1218631960124507,0.0074789285127514725,True
512,57,0.15270486111114678,0.000742701296615111,0.0007545454735283212,0.000742701296615111,-1,-1,0.061187732475100044,0.003719344461023941,0.061719057981406006,0.0037516398765008252,0.0004054850496717733,0.005670082197615685,0.0008467428924169671,5.476563943721793e-13,5.420582615496743e-14,0.12194695761128764,0.007470586107628509,True
512,58,0.15270486111114678,0.000741086427918619,0.0007553642378876935,0.000741086427918619,-1,-1,0.06102987148672125,0.0037190031627802457,0.06155762428330303,0.003751310791993251,0.0004057559326713704,0.005671872296147018,0.0008473284714833457,7.306358165394911e-13,3.360782020485808e-14,0.1217396647419137,0.007473444289331691,True
512,59,0.1527048611110331,0.0007604589689520924,0.0007761411406073218,0.0007604589689520924,-1,-1,0.061172977425504135,0.0037242362902994925,0.06170585738862184,0.003756569586264834,0.0004060138936510311,0.005672033516708855,0.0008478516278652873,4.1031233373741347e-13,3.8635670757731914e-14,0.12172908368947385,0.007478712046071796,True
512,60,0.15270486111114678,0.0007397129429701723,0.0007576071764153202,0.0007397129429701723,-1,-1,0.061253930569880606,0.0037189060508768202,0.06178829426797127,0.0037511974779745297,0.00040543644995503304,0.005669644922217594,0.0008466419245580145,5.000092215368616e-13,2.5410742228719413e-14,0.12194739003499845,0.007470132744488129,True
512,61,0.15270486111114678,0.0007393060670053772,0.0007530510085200745,0.0007393060670053772,-1,-1,0.06108035173562568,0.0037190449385364303,0.061613448680621664,0.003751353179036308,0.00040574900670870207,0.005671880789931846,0.0008473134537501787,2.490455137490747e-13,4.254478257383494e-14,0.12185770030384252,0.007473681337304214,True
512,62,0.1527048611110331,0.0007636911602098127,0.0007738901623955545,0.0007636911602098127,-1,-1,0.06110684817624237,0.0037243021145037213,0.06163923709379426,0.0037566365480461166,0.0004060219537115873,0.0056720762663537184,0.0008478683210713143,4.2170530763857184e-13,2.7147989718968456e-14,0.1217137268268587,0.007478610421911411,True
512,63,0.15270486111114678,0.0007389730702756484,0.0007597072947716186,0.0007389730702756484,-1,-1,0.061252587025625874,0.00371891332579497,0.06178689737102591,0.003751203248014877,0.00040543651630177186,0.0056699500510364155,0.000846642607525849,4.3404640372791924e-13,2.909739420682682e-14,0.12188008437505364,0.007470190039048924,True
512,64,0.15270486111114678,0.0007365354614770752,0.000753598790822511,0.0007365354614770752,-1,-1,0.061148588051250286,0.003719121824541414,0.061682308542563284,0.0037514307509706173,0.00040577595261052316,0.005671921696454015,0.0008473691468647127,7.328676301485756e-13,6.254685400280714e-14,0.12192468556046297,0.007474000502849305,True
512,65,0.1527048611110331,0.0007662002294951622,0.0007710204170994476,0.0007662002294951622,-1,-1,0.06105771175767253,0.003724301208302972,0.061589753460104736,0.003756636808616402,0.00040602266136843064,0.0056720720129042395,0.0008478692004287163,5.09146410644963e-13,3.505431469467214e-14,0.12173250120531873,0.007478425299102419,True
512,66,0.15270486111114678,0.0007412502944633136,0.0007611918661332271,0.0007412502944633136,-1,-1,0.06118273602238622,0.003718879031139547,0.06171640999662235,0.003751167305590854,0.00040543176806433516,0.0056694857008134855,0.0008466332614996414,6.188593792051372e-13,3.397701894270021e-14,0.12176113390652771,0.007470169141121276,True
512,67,0.15270486111114678,0.000733916223136911,0.0007571763004018665,0.000733916223136911,-1,-1,0.06121684054358834,0.003719156867167359,0.06175118460362723,0.003751466222929452,0.00040579621019144486,0.005671957838724811,0.0008474108510891409,7.750892493274619e-13,4.9636996056838724e-14,0.12192306083782746,0.007474214150011703,True
512,68,0.1527048611110331,0.0007636590805611322,0.0007682110504696505,0.0007636590805611322,-1,-1,0.06112807290889327,0.0037242504625560812,0.061660767761419315,0.00375658822736925,0.0004060181646619225,0.005672130886290394,0.000847859146477244,4.637751053905598e-13,3.54158384852611e-14,0.12187103747066179,0.0074781460489660116,True
512,69,0.15270486111114678,0.0007436776072687403,0.0007576523517461921,0.0007436776072687403,-1,-1,0.061112597602256284,0.003718815046037055,0.06164563052108889,0.0037511025177541643,0.0004054240009571696,0.005668941615313879,0.0008466176347596218,5.044320492416565e-13,2.987863445961648e-14,0.1217616452646979,0.007470059941372328,True
512,70,0.15270486111114678,0.0007357071301655609,0.0007608006398693647,0.0007357071301655609,-1,-1,0.061182691242457544,0.003719183025229168,0.06171680076973289,0.003751492453083517,0.0004058154327900995,0.005671953726741637,0.0008474503730608732,3.489534658469349e-13,2.914526803792833e-14,0.12181865548993782,0.007474410425739107,True
512,71,0.1527048611110331,0.000761018896756135,0.0007696377615194863,0.000761018896756135,-1,-1,0.061198620704781,0.0037242436138892575,0.061731970609471214,0.003756581803846646,0.00040601855908544045,0.005672155291653816,0.0008478593187660941,3.9805219278685254e-13,1.8704844863580526e-14,0.12190726715022945,0.007477938614182772,True
512,72,0.15270486111114678,0.0007438433402085202,0.0007540079096926918,0.0007438433402085202,-1,-1,0.06109370120411183,0.003718803197210403,0.06162651986981291,0.003751090119191027,0.00040542184184238106,0.005669310284985925,0.0008466137404865932,4.2076658139813503e-13,5.473984138193737e-14,0.12181370626522083,0.007470046329114796,True
512,73,0.15270486111114678,0.0007388682951383114,0.0007621077098691405,0.0007388682951383114,-1,-1,0.061114365447448235,0.00371928023116098,0.061647948253294116,0.003751590246948247,0.0004058399689929437,0.005672016599992596,0.0008475009723876406,5.940815390672673e-13,4.4851548874326555e-14,0.121731379190183,0.00747472863944794,True
512,74,0.15270486111114678,0.0007582282345105755,0.0007719164244159963,0.0007582282345105755,-1,-1,0.06126943589784667,0.003724595077237289,0.06180344402616351,0.0037568869718602703,0.0004060575741265793,0.005672166716839944,0.000847940154007588,5.466298007981034e-13,2.93653330339521e-14,0.12190947926122503,0.00747780685083074,True
512,75,0.1527048611110331,0.0007402609439965245,0.0007501563126205596,0.0007402609439965245,-1,-1,0.06116052973041345,0.003719080984295572,0.061693846981598445,0.0037512711561802814,0.0004054510611926775,0.005668735743584377,0.0008466753930336315,4.756397602341977e-13,2.8728294342416674e-14,0.12195187469203578,0.0074701206982090524,True
512,76,0.15270486111114678,0.0007419170059905603,0.0007593964146692683,0.0007419170059905603,-1,-1,0.06104717729241978,0.003719549358765307,0.06157805213287981,0.0037518615650682496,0.00040587826894399,0.005672030452163002,0.0008475802962445359,4.743810312258067e-13,3.5844149997735634e-14,0.12173098078738066,0.00747516068025141,True
512,77,0.15270486111114678,0.0007615494806639983,0.0007754102227231513,0.0007615494806639983,-1,-1,0.06120369924218278,0.0037241676664199544,0.06173202305476146,0.003756508830069969,0.00040601198514752433,0.005672219969731081,0.0008478443324875513,3.9381107842870997e-13,2.4502306010417023e-14,0.12177542142460601,0.007477507740106768,True
512,78,0.1527048611110331,0.0007368041612895447,0.0007526853330217918,0.0007368041612895447,-1,-1,0.06122760041759366,0.003718744166255632,0.06176141550600553,0.003751028436929433,0.00040541354854956393,0.005668096542231319,0.0008465977137159583,6.584085967688019e-13,2.333174775624602e-14,0.1219532252291717,0.007470039393040332,True
512,79,0.15270486111114678,0.000741721702416308,0.0007575214360797752,0.000741721702416308,-1,-1,0.061063873573219955,0.003719439113488173,0.06159711961542349,0.003751750102009911,0.0004058812944107022,0.0056720573737626765,0.000847585940656761,3.3872822176722786e-13,2.6832879579293083e-14,0.12181501489428395,0.007475251663652148,True
