reset_steps,cell_index,step_index,physical_left,physical_right,reset_T_radius,reset_C_radius,local_T_tube_radius,local_C_tube_radius,active_center_separation,active_product_radius,active_lower,local_rq,H0_radius,H1_radius,H2_radius,inverse_q_H0,inverse_q_H1,step_pass
32,39,1,663.2746766493331,663.2794486762427,0.016229040558237783,6.561193739243007e-07,0.028170356374339876,0.0012927640460658803,0.011077842947355922,0.0037835468353702812,0.00729429611198564,0.1815480809856564,0.0,0.0,0.0,5e-324,5e-324,True
32,39,2,663.2794486762427,663.2842207031525,0.019915237362424596,0.0010963887027768463,0.03320290396085371,0.002788332645655565,0.011077314587275428,0.007112214126255136,0.003965100461020291,0.18151816654177513,0.0004917615437534226,0.0004917663059118256,0.0004917694576252576,0.000518364934572223,0.0005183699505437985,True
32,39,3,663.2842207031525,663.2889927300622,0.024299572226685023,0.0025308610026577084,0.039190707894354956,0.004746500238532496,0.011076734117102782,0.011467323092911373,-0.000390588975808591,0.1815122577800584,0.0010280810716643042,0.0010280601535857061,0.001028067208243296,0.0011421138183307844,0.001142090562620009,False
32,39,4,663.2889927300622,663.293764756972,0.029289904183264024,0.004280778962405586,0.046004217626774,0.007135395845595028,0.011076109478976153,0.016789866229302494,-0.005713756750326342,0.1815308995660029,0.0015726492011900435,0.0015726295275041429,0.0015726185109969262,0.0018405853331891436,0.0018405622640857502,False
32,39,5,663.293764756972,663.2985367838817,0.03528731536977376,0.006584240929846971,0.05419343662921768,0.010279604217026084,0.01107544134113521,0.02380705163341778,-0.01273161029228257,0.18149954832853785,0.0021856877885512134,0.002185708752649901,0.002185651994404149,0.0026935130938159466,0.0026935388413477502,False
32,39,6,663.2985367838817,663.3033088107913,0.04212225405013162,0.009391405861735628,0.06352483264024011,0.014111486887399008,0.011074746102181005,0.03239467270080503,-0.021319926598624032,0.18148153029277336,0.0028160945243228945,0.0028161291883879143,0.0028160555578922884,0.003651549058315523,0.003651593859271164,False
32,39,7,663.3033088107913,663.3080808377011,0.05019556505774494,0.01296534091711829,0.07454792471231898,0.018990209162770933,0.011074014899457387,0.04338277900445257,-0.03230876410499519,0.1814798861678152,0.0035120568772823834,0.003512073881207761,0.0035120115949897886,0.004787560836826159,0.004787583787083442,False
32,39,8,663.3080808377011,663.3128528646108,0.059632130088306486,0.017376431879268343,0.08743120311735757,0.025011733410210093,0.01107325223323981,0.05704753502035793,-0.045974282787118126,0.1814829771455518,0.004254180060126014,0.004254191864090684,0.004254127524008863,0.006090493778882394,0.006090510341352875,False
32,39,9,663.3128528646108,663.3176248915205,0.07102004997267003,0.022770251306233155,0.10297816819124601,0.03237466498806407,0.011072460526425219,0.07395302786573092,-0.06288056733930572,0.18146635397762767,0.005043016747304905,0.005043033792867633,0.005042955209093579,0.007573818021889012,0.007573843148975697,False
32,39,10,663.3176248915205,663.3223969184303,0.08436830851196915,0.029310579630390986,0.12120164196226656,0.04130264157739314,0.011071651086254587,0.09470938180069435,-0.08363773071443978,0.18143997732883915,0.005879753739861661,0.0058797928375021544,0.005879695444012078,0.009251761775629603,0.0092518226588789,False
32,39,11,663.3223969184303,663.32716894534,0.09966246827673778,0.03702641670395532,0.14207911227961154,0.05183530754919126,0.011070819537846692,0.11955928197746664,-0.10848846243961996,0.18142790214166446,0.00673845382131622,0.0067384881057733085,0.006738387933551033,0.01109365898796031,0.011093714603617107,False
32,39,12,663.32716894534,663.3319409722496,0.11765380793203328,0.046386689984396746,0.16664117881172988,0.06461304863091881,0.011069970010638065,0.1502181230680155,-0.13914815305737746,0.1814367712199531,0.007672348659506276,0.007672378497837894,0.007672276399050513,0.013196603687648292,0.013196653950657777,False
32,39,13,663.3319409722496,663.3367129991594,0.13794559204843945,0.05718524954365288,0.19433974212559496,0.07935386124456999,0.01106910535854813,0.18629268762378898,-0.17522358226524087,0.18141302333961215,0.008614119920499099,0.008614146067871371,0.008614049116769232,0.015456167624336737,0.01545621321176716,False
32,39,14,663.3367129991594,663.3414850260691,0.16172526423461558,0.07016500973477033,0.22680308357278808,0.0970724904103277,0.011068233710790364,0.23062363782765558,-0.21955540411686525,0.1813969451526918,0.009645804285354576,0.009645843414781509,0.00964572769656069,0.018025933035628487,0.018026004513272898,False
32,39,15,663.3414850260691,663.3462570529789,0.18878915358330903,0.08524776648703856,0.26374487785367,0.11766158027782923,0.01106735701144877,0.28346050833939634,-0.2723931513279476,0.18137314314892541,0.010719331708910705,0.01071937876140086,0.01071926831315729,0.020829834466044986,0.020829923882585047,False
32,39,16,663.3462570529789,663.3510290798886,0.2198081048433066,0.10289057305018565,0.30608742512645154,0.1417457535563767,0.011066477652504396,0.3470413578253364,-0.33597488017283206,0.18138408888564095,0.011860813649152218,0.011860856616370985,0.011860738967228765,0.023925771880354687,0.02392585609656805,False
32,39,17,663.3510290798886,663.3558011067983,0.25503222850258095,0.12330764286516327,0.35417259467142576,0.16961718980226262,0.011065600487248585,0.42297690315868075,-0.4119113026714322,0.18137109811902666,0.013062108034514894,0.013062142344293341,0.013062021294080529,0.02730621817531187,0.027306286911341595,False
32,39,18,663.3558011067983,663.360573133708,0.2945181842541707,0.14660163192626585,0.40806900116166867,0.2014153159959638,0.011064729405972933,0.5126544493763067,-0.5015897199703339,0.18134652840270626,0.014306587774821692,0.014306635793415923,0.014306498602653189,0.03094124543524115,0.030941345660741946,False
32,39,19,663.360573133708,663.3653451606177,0.3392889022446328,0.173481301463967,0.46918532393712903,0.23810879574276386,0.011063867084895082,0.6201010281112741,-0.6090371610263792,0.18131644815490147,0.015635879849595018,0.015635938696832608,0.01563578817603829,0.03492458529099684,0.03492471233609178,False
32,39,20,663.3653451606177,663.3701171875275,0.38831767046074106,0.20338920542574848,0.5361076354378335,0.2789356605416022,0.011063018544626838,0.7445818573594262,-0.7335188388147994,0.18132388189045726,0.016978030738848234,0.01697808783682134,0.016977934662796026,0.03909830666232765,0.03909843281599643,False
32,39,21,663.3701171875275,663.3748892144372,0.44398563289862103,0.23790722231593642,0.6121006709307223,0.3260567095563542,0.01106218788899577,0.8945935652737483,-0.8835313773847526,0.18130916666133895,0.018441774240260674,0.01844183386968645,0.018441673449885457,0.0437112834239714,0.04371141823704085,False
32,39,22,663.3748892144372,663.3796612413469,0.5050013590096999,0.27632453385293615,0.6953851072096069,0.378499604666171,0.011061378453341172,1.0694315191587007,-1.0583701407053598,0.18129820821190668,0.019948492686181627,0.019948551665732703,0.01994838078725249,0.04858327331777008,0.04858340896630397,False
32,39,23,663.3796612413469,663.3844332682567,0.5729276156228718,0.31974141281080753,0.7881067286704683,0.4377677322426373,0.011060588766843175,1.2768722811805528,-1.26581169241371,0.18126722324781802,0.021557702389238615,0.02155777807076533,0.021557589833525712,0.05385679777786526,0.05385697702546009,False
32,39,24,663.3844332682567,663.3892052951663,0.6475212406405245,0.3681241466247791,0.8899336212544676,0.5038156424465595,0.011059829994646438,1.520178502047597,-1.5091186720529508,0.18125503024004705,0.023246983804709898,0.023247058646887996,0.023246859101733058,0.05947770748240279,0.059477886854633136,False
32,39,25,663.3892052951663,663.393977322076,0.7288899410338672,0.4216682671124793,1.0009990055630034,0.576907674547826,0.011059103464064062,1.8041164374486167,-1.7930573339845528,0.18126976182567542,0.025013579899650216,0.025013651108166914,0.02501344612149877,0.06543595703104202,0.06543612834231616,False
32,39,26,663.393977322076,663.3987493489858,0.8175742773421807,0.48086039314158713,1.1220609869152844,0.6577115084121621,0.011058415547206562,2.135710419948408,-2.124652004401202,0.18123286057453394,0.026871962094688413,0.026872039104938655,0.026871819693506015,0.07176526361840574,0.07176545073823701,False
32,39,27,663.3987493489858,663.4035213758955,0.9120671586409791,0.5448506446046305,1.2510405436501224,0.7450627433301751,0.011057757250693686,2.514698227872797,-2.503640470622104,0.18121874754783823,0.02876944414944004,0.028769527042186806,0.02876929189124187,0.07831815429991756,0.07831835706062587,False
32,39,28,663.4035213758955,663.4082934028052,1.0152082160767268,0.6156582600410636,1.3918387980144622,0.8417233202848944,0.011057139920052065,2.958643186623954,-2.9475860467039023,0.18120080168639005,0.03079843868117817,0.03079853031959038,0.03079828069316447,0.08533764899492523,0.08533787462757368,False
32,39,29,663.4082934028052,663.413065429715,1.1238769433122244,0.6913685092725792,1.5401710272150153,0.9450735023388109,0.011056566974779872,3.4612486476231266,-3.450192080648347,0.1812078087958633,0.03286194359071787,0.03286203714742506,0.032861774977229925,0.09255015811275191,0.09255038676182802,False
32,39,30,663.413065429715,663.4178374566246,1.2414123871699034,0.7743757602728253,1.7006222721946331,1.058388640664135,0.011056042803703849,4.045156736062604,-4.034100693258901,0.18120197212666658,0.03506057462516795,0.03506067006843913,0.035060393997580486,0.10022934863495833,0.10022957859408552,False
32,39,31,663.4178374566246,663.4226094835344,1.366052594122274,0.863675981521772,1.8707609479495064,1.180290509389436,0.011055558397745816,4.710899519060367,-4.699843960662622,0.18121024433429495,0.03734325473259999,0.03734335193151976,0.03734307134142196,0.10822620403548525,0.10822643310847113,False
32,39,32,663.4226094835344,663.4273815104441,1.4984630145318365,0.9599020457722828,2.0515128945868293,1.3116482236382623,0.011055123415758676,5.471223842348454,-5.460168718932697,0.1812058724495677,0.039729158415357194,0.03972925564508503,0.03972896617686831,0.11659033145278468,0.11659055243584526,False
64,39,1,663.2746766493331,663.2770626627879,0.016229040558237783,6.561193739243007e-07,0.021273974594808523,0.00029679085280874583,0.011077842947355922,0.0014375052501348297,0.00964033769722109,0.09073205224680127,0.0,0.0,0.0,5e-324,5e-324,True
64,39,2,663.2770626627879,663.2794486762427,0.01748436426441883,0.00026134378657402177,0.022723314286926706,0.000597765717887216,0.011077583204153403,0.00212017175279216,0.00895741145136124,0.09074795139636901,0.0001229036479995236,0.0001228990116739722,0.000122899467608488,0.0001261857540490701,0.00012618099347233957,True
64,39,3,663.2794486762427,663.2818346896977,0.018809225841566905,0.0005464484812992355,0.02425327712184488,0.0009268350171040344,0.01107730944397524,0.0028654135456212845,0.008211895898353954,0.09072880837908132,0.0002450005062613755,0.00024500891774769165,0.00024499726463397446,0.00025825459065854467,0.0002582634552332356,True
64,39,4,663.2818346896977,663.2842207031525,0.02022850783965216,0.000869180711750572,0.025633109846517392,0.0012944401339024189,0.01107702270742668,0.003686007137412401,0.007391015570014279,0.09073270614640874,0.00037108608642749593,0.00037109231067642323,0.0003710801104324406,0.00040157920340319516,0.00040158593442698017,True
64,39,5,663.2842207031525,663.2866067166074,0.021790221774747445,0.0012551628263581722,0.027695424820461438,0.0017449587072947265,0.011076730838433205,0.004708045509684227,0.006368685328748977,0.09072944512329648,0.0005099991372404324,0.0005099997295158009,0.0005099881711052055,0.0005665672889715764,0.0005665679382573563,True
64,39,6,663.2866067166074,663.2889927300622,0.023421304091654035,0.0016689986839281785,0.029578676161707205,0.0022226472960416737,0.011076421853016766,0.005781394603292779,0.005295027249723986,0.09071995815351433,0.0006451459965114792,0.0006451533525286289,0.0006451318307930403,0.0007356746841023381,0.0007356830578134408,True
64,39,7,663.2889927300622,663.291378743517,0.02519472256583195,0.0021496512480232,0.03157262759913143,0.002776491609306386,0.011076106087348193,0.007020297127169692,0.0040558089601785,0.09074142015143633,0.0007902906466415362,0.0007902930770596161,0.0007902703108370008,0.0009249345211439717,0.0009249373436844687,True
64,39,8,663.291378743517,663.293764756972,0.027082607374249886,0.002684923714863421,0.033806141056392146,0.003395390040723029,0.011075783282953973,0.008407578357939314,0.0026682049250146586,0.09071647971103976,0.0009385837046023898,0.0009385943984374782,0.0009385685431071255,0.0011272873664991189,0.0011273001789719756,True
64,39,9,663.293764756972,663.2961507704268,0.029110590363639798,0.003290528451852717,0.03614756206944316,0.004094472366661417,0.011075444309735,0.00997020130762512,0.0011052430021098803,0.09071563671884632,0.0010936358844562363,0.0010936455740121723,0.0010936166294749753,0.001347732748549904,0.0013477446460055337,True
64,39,10,663.2961507704268,663.2985367838817,0.03126168095877947,0.003960007040971667,0.038631100705179944,0.004867316605455679,0.011075102195778194,0.011696979433738083,-0.0006218772379598896,0.09072408693761713,0.001251233085265029,0.0012512338795514762,0.0012512060815904392,0.0015818365162994885,0.0015818374636155882,False
64,39,11,663.2985367838817,663.3009227973365,0.03353487792807882,0.004695329543370699,0.04093176753856161,0.005709271993953664,0.01107474765029509,0.013564644790798568,-0.0024898971405034787,0.09070754446757029,0.0014103650832944944,0.001410377220432234,0.0014103382776142746,0.0018287803171521115,0.0018287959816345874,False
64,39,12,663.3009227973365,663.3033088107913,0.036032271456959176,0.00555554117546599,0.044138906433928406,0.006709131367938281,0.011074384866517411,0.015809137071694093,-0.004734752205176682,0.09071990300356335,0.0015864587375633403,0.0015864676770008046,0.0015864273385644354,0.0021094599288545403,0.0021094717223157063,False
64,39,13,663.3033088107913,663.3056948242462,0.03861795063310458,0.006468998245966613,0.04712404530157113,0.007763577541216689,0.011074018913538953,0.018164761023978886,-0.007090742110439935,0.09071641460373908,0.001756391041014254,0.0017563994291327977,0.0017563635239952107,0.002394275232350009,0.0023942865525083414,False
64,39,14,663.3056948242462,663.3080808377011,0.041412544764009025,0.007504264296667233,0.050350410557242,0.008958607235005953,0.011073637801467882,0.020834641014168594,-0.009761003212700714,0.09070035394899527,0.0019374666554097806,0.0019374790759389994,0.0019374399524003764,0.002706996040096976,0.00270701325360793,False
64,39,15,663.3080808377011,663.310466851156,0.0444298117072865,0.008651081515660212,0.05382520773046203,0.0102822729400558,0.011073254247147021,0.023796126363002264,-0.012722872115855245,0.09070897998813841,0.0021243481813191033,0.0021243572121339934,0.002124318306881491,0.0030413222881998706,0.003041335049062198,False
64,39,16,663.310466851156,663.3128528646108,0.047719992908098266,0.009916191838220526,0.057632049834000686,0.011742830983283027,0.011072863444760304,0.027073231786041506,-0.016000368341281206,0.09069754090232947,0.0023165229959303283,0.0023165320434279553,0.0023164913614205887,0.003397289942582546,0.003397303011363221,False
64,39,17,663.3128528646108,663.3152388780657,0.05125955561825322,0.011313206488391469,0.061718328057351855,0.013355488915471508,0.01107246395451802,0.0306985006959189,-0.01962603674140088,0.09069445030787397,0.002515020283555311,0.0025150300225266014,0.002514988080453574,0.0037771659906043614,0.003777180381581296,False
64,39,18,663.3152388780657,663.3176248915205,0.054995948667651944,0.012817841197209705,0.06572174360344483,0.015084593732945767,0.011072062777538985,0.03457997078215545,-0.02350790800461647,0.09071267746965901,0.0027126075463349557,0.002712615492012035,0.0027125756696811314,0.0041706455671829765,0.004170657510833033,False
64,39,19,663.3176248915205,663.3200109049754,0.0590977415256338,0.014530626748745262,0.07076692542866768,0.01706952537323941,0.011071651240970079,0.039077830493609515,-0.02800617925263944,0.0906849855142176,0.0029283948244707733,0.0029284074605598035,0.0029283642075738324,0.004607815397164723,0.004607834962815769,False
64,39,20,663.3200109049754,663.3223969184303,0.0633782410885673,0.016344555841687997,0.0757082376996537,0.019163479763242865,0.011071236906066647,0.04382253105256374,-0.0327512941464971,0.09069381014359096,0.0031382134940540424,0.0031382264888572798,0.00313818143647861,0.005051833766394828,0.005051854322213285,False
64,39,21,663.3223969184303,663.3247829318851,0.06796610876338655,0.018336632343787105,0.08100465904762459,0.021463036923440783,0.011070819380286662,0.04904920619832716,-0.037978386818040506,0.09068744846934867,0.003355749189465141,0.0033557605118267144,0.0033557146659835236,0.005524642735298638,0.005524660962950781,False
64,39,22,663.3247829318851,663.32716894534,0.07291046315538538,0.02053792309359285,0.08663955890338423,0.024001989315111407,0.0110703947377919,0.05483504547140625,-0.04376465073361436,0.09068035786307704,0.0035842124876897326,0.00358422566990004,0.0035841775948136615,0.006032523268320185,0.006032544986351269,False
64,39,23,663.32716894534,663.3295549587948,0.07815715171805694,0.02291848393869261,0.09276889787773944,0.02675218133059838,0.011069968946807103,0.06113630195512475,-0.05006633300831765,0.0906976824917996,0.0038160572453941346,0.0038160683975381913,0.0038160208040702373,0.006563702467933941,0.006563721122441916,False
64,39,24,663.3295549587948,663.3319409722496,0.08378537054864958,0.025527438110659304,0.09926588458737463,0.029763794076969514,0.011069538694513019,0.06806059182047827,-0.05699105312596526,0.09067369095672176,0.004057482217705273,0.004057498944253475,0.004057447121430727,0.0071294122913277925,0.0071294410884196625,False
64,39,25,663.3319409722496,663.3343269857046,0.08970792289717679,0.02831495459771113,0.1058516266916509,0.03297332424357535,0.011069105287344175,0.0754589154778821,-0.06438981019053794,0.0906776572514646,0.004298638666210815,0.004298658225293666,0.004298602852755836,0.007712976700041582,0.007713011131789287,False
64,39,26,663.3343269857046,663.3367129991594,0.09613180595760185,0.031407221393630134,0.11351828782778074,0.03655119664291731,0.011068671226411954,0.08378063246205837,-0.07271196123564642,0.09067250777412675,0.004556685466784358,0.004556702353118801,0.004556646696045904,0.008345682381698596,0.008345712571291346,False
64,39,27,663.3367129991594,663.3390990126143,0.1028641538242569,0.03469129218452672,0.12128938434835006,0.04034217266085115,0.011068233534126354,0.0926301931429923,-0.08156195960886596,0.09066137913397483,0.004812854332486388,0.004812872459882733,0.004812813834601721,0.008994193130065454,0.008994226185374243,False
64,39,28,663.3390990126143,663.3414850260691,0.10998969266364528,0.0382205633195004,0.1295151771117455,0.04441630510975034,0.011067795286203583,0.10219610986459442,-0.09112831457839085,0.09067751479164073,0.005073417533496012,0.005073435734359725,0.00507337563523934,0.009670063085421015,0.009670096868344682,False
64,39,29,663.3414850260691,663.343871039524,0.11765366626607708,0.042086039465444675,0.13822193910516337,0.04887282366637224,0.01106735664232473,0.11271126171424353,-0.10164390507191881,0.09065528408316892,0.005348316437974099,0.005348338643078277,0.005348275944090468,0.010392867664563743,0.01039290980822902,False
64,39,30,663.343871039524,663.3462570529789,0.12577127292603624,0.04623998589113652,0.14773218148498152,0.05367356521045327,0.01106691652392895,0.12413763360195977,-0.11307071707803083,0.09065436214437572,0.005629090361761865,0.005629115526806725,0.005629048896023385,0.01114717171903643,0.011147220441158774,False
64,39,31,663.3462570529789,663.3486430664337,0.1343996582483794,0.0507208701520677,0.15769219802045312,0.05884615152491274,0.011066477138774549,0.13652342173879975,-0.12545694460002524,0.09066285283430535,0.005918576289448855,0.005918597427626259,0.005918530867097295,0.011939026855424717,0.011939068270453556,False
64,39,32,663.3486430664337,663.3510290798886,0.14352183577207153,0.0555224632340317,0.16803049670904316,0.06438003077179247,0.011066038139252282,0.1498558761601847,-0.13878983802093245,0.09064250434090701,0.006214189453516693,0.006214211153913715,0.006214141194084228,0.012763717105338142,0.012763760325279285,False
64,39,33,663.3510290798886,663.3534150933434,0.15320899596889118,0.06069273108555518,0.17940458879540822,0.07035734598211132,0.011065599986689916,0.16440793217196334,-0.15334233218527346,0.09065868296848813,0.0065195193615491765,0.006519540921993347,0.006519468420161653,0.013629002688894429,0.013629046270805814,False
64,39,34,663.3534150933434,663.3558011067983,0.16344356636570292,0.06622567633083534,0.19121800979096043,0.0767443000039048,0.011065163213788422,0.1800684682773056,-0.1690033050635172,0.09064919195771673,0.006832103380984554,0.006832126136514025,0.006832054214299081,0.014530241788394582,0.014530288543224511,False
64,39,35,663.3558011067983,663.3581871202532,0.17411067902776906,0.07205506065995693,0.2035318547974385,0.08347354505825998,0.011064729007648846,0.19671551651590413,-0.1856507875082553,0.09063235704667578,0.0071440008580561315,0.007144028356465422,0.007143951796293491,0.01545053233195264,0.01545058999565975,False
64,39,36,663.3581871202532,663.360573133708,0.185464180059361,0.07834280933783043,0.21642470151019924,0.09071984785857008,0.011064296452190777,0.21477966525021439,-0.20371536879802363,0.09064233469302353,0.007469956460850042,0.00746998027826213,0.0074699033665599854,0.01642165566895532,0.016421706037990823,False
64,39,37,663.360573133708,663.3629591471629,0.19748698595190256,0.08508439953108622,0.2305152105076498,0.0985141219869807,0.011063867213901202,0.2344490865284637,-0.2233852193145625,0.09062439540410819,0.007807488418965349,0.007807513312806823,0.007807433231178435,0.017438957225622657,0.01743901063373568,False
64,39,38,663.3629591471629,663.3653451606177,0.21005029213665882,0.09220530298292548,0.24501721622227335,0.1067342771916614,0.011063441658081319,0.25537933407827335,-0.24431589242019205,0.09062551637866345,0.008148441306396617,0.00814846692654583,0.008148384551251473,0.01848449414143937,0.018484549838102122,False
64,39,39,663.3653451606177,663.3677311740726,0.22331732009321337,0.09981333884906744,0.2602013739808226,0.1155081048367973,0.011063018287294644,0.27793715460747037,-0.26687413632017576,0.09064193405489528,0.008501127668657099,0.008501152416749954,0.00850107196691418,0.01957705720275629,0.01957711152319483,False
64,39,40,663.3677311740726,663.3701171875275,0.2371966488549538,0.10785750869578635,0.2763530472475402,0.12480264363706722,0.011062601819412297,0.30213538768990794,-0.2910727858704957,0.09061410624254528,0.008859928309873043,0.00885995699728117,0.00885987293642319,0.020703964093086582,0.02070402817577932,False
64,39,41,663.3701171875275,663.3725032009824,0.25180071842961793,0.11641490256194466,0.2932100632799135,0.1346809984753606,0.011062188409380894,0.32812930103095533,-0.3170671126215745,0.09062226953157591,0.009230015555095752,0.009230043619753936,0.00922995761135717,0.021877290604568205,0.021877353858515004,False
64,39,42,663.3725032009824,663.3748892144372,0.2669067133106823,0.12535114759869978,0.31064765848471404,0.14499670798442454,0.011061779609687914,0.35559932588450277,-0.3445375462748149,0.09061446194531272,0.009600063617693397,0.009600090123011091,0.00960000222099577,0.023070094604315014,0.023070154690389314,False
64,39,43,663.3748892144372,663.377275227892,0.2826915652910314,0.13478450948045095,0.3285740921409844,0.15586231520658342,0.01106137860583799,0.3848372162148096,-0.37377583760897165,0.0906073743456298,0.009978609273487565,0.009978637562104887,0.00997854681814451,0.024302276452130046,0.024302341349898778,False
64,39,44,663.377275227892,663.3796612413469,0.2994891372212177,0.14493516377880403,0.3482577881264345,0.1676038616801727,0.011060980836626922,0.41693452325008107,-0.4058735424134542,0.09062012672109686,0.010380239916721093,0.010380267346298192,0.010380176386234088,0.025609721066170748,0.025609784309268635,False
64,39,45,663.3796612413469,663.3820472548017,0.3166868494281908,0.1554196735996938,0.3681089738554503,0.17970675720334114,0.01106059195295193,0.45040798133603677,-0.4393473893830849,0.090600453988547,0.01077693271529997,0.010776962357849704,0.010776869095062666,0.026923622134839856,0.02692369127554716,False
64,39,46,663.3820472548017,663.3844332682567,0.3348144981374261,0.1665842284443197,0.3889697973656081,0.19258871916506404,0.011060209586120993,0.48650216755150605,-0.47544195796538513,0.09060403397717524,0.011191975578623739,0.011192007309050461,0.011191910118514463,0.02830140084676877,0.02830147562828046,False
64,39,47,663.3844332682567,663.3868192817115,0.35360632437053746,0.17826622654079782,0.4107263048753408,0.2060801296967603,0.011059831951134446,0.5248580127480145,-0.5137981807968801,0.09059904995294386,0.011613630001515284,0.011613661929303833,0.011613562398051693,0.029713640174183886,0.02971371580917001,False
64,39,48,663.3868192817115,663.3892052951663,0.3732145646144873,0.1905717543266934,0.4333594670085528,0.22028512342167897,0.011059466187855284,0.5658061944589542,-0.554746728271099,0.09058896514334867,0.01204811920283765,0.012048152216713175,0.012048049470562025,0.03117594644593326,0.031176025141898947,False
64,39,49,663.3892052951663,663.3915913086212,0.3934548908461252,0.203389436721986,0.45672378738724084,0.23508154490983618,0.011059105586900384,0.6090853463066883,-0.598026240719788,0.09060062937872713,0.012488070386383419,0.012488103315723621,0.012487998484258434,0.032669028345730794,0.03266910701304144,False
64,39,50,663.3915913086212,663.393977322076,0.4142855902674545,0.2166994827532501,0.4803805112989786,0.2504019696942898,0.011058752982957757,0.6544713196971651,-0.6434125667142074,0.09058301223258981,0.012932320251005557,0.012932355158808393,0.01293224782850719,0.03418913426024525,0.034189218238785346,False
64,39,51,663.393977322076,663.396363335531,0.43636892239218433,0.23094327905083556,0.5062599731340099,0.2668887295630589,0.011058412863013487,0.704251074666916,-0.6931926618039027,0.09058196919917368,0.01340572804601671,0.0134057645093444,0.013405653653573803,0.0358018600365848,0.035801948169195644,False
64,39,52,663.396363335531,663.3987493489858,0.45869198271641465,0.2454665418101461,0.5320273779062512,0.28365385794467696,0.011058077298141414,0.7555696743708681,-0.7445115970727267,0.0905873590399403,0.013870817056849328,0.01387085380417659,0.013870740490330968,0.03740728268834282,0.03740737152314831,False
64,39,53,663.3987493489858,663.4011353624406,0.48200989197554817,0.26077302225185145,0.5589446936941219,0.3013232439734062,0.011057755774309865,0.8105098745485089,-0.7994521187741991,0.09057176112569548,0.014355540361377532,0.014355577895110836,0.014355461033317201,0.039079662380246384,0.03907975313694077,False
64,39,54,663.4011353624406,663.4035213758955,0.5060792352705854,0.2767120195909364,0.586719841766211,0.3197215901543506,0.011057442812446519,0.8686370906719264,-0.85757964785948,0.09058386534070394,0.01485123006431022,0.014851267634031075,0.01485114807999546,0.040795476884510504,0.040795567393669074,False
64,39,55,663.4035213758955,663.4059073893503,0.5308698124439876,0.2932725200124431,0.6153436495844858,0.3388394452194783,0.01105713587344719,0.9300306520550221,-0.9189735161815751,0.09057373461969741,0.015357177334639555,0.015357216943367086,0.01535709434630429,0.04255236127471692,0.042552456925968936,False
64,39,56,663.4059073893503,663.4082934028052,0.5564129657866755,0.3104843893616085,0.6448292958068862,0.35870830716906443,0.011056847818259557,0.9948914040907192,-0.9838345562724597,0.09056348245549825,0.015874799645643034,0.01587484022069037,0.015874714768438603,0.044353805106816024,0.04435390280382493,False
64,39,57,663.4082934028052,663.4106794162601,0.5823472629041442,0.3281145473218702,0.6743658192470317,0.37899887671374577,0.011056564546123221,1.062098008413693,-1.0510414438675701,0.09056987347928408,0.016392887374460367,0.016392928018085826,0.01639280002205431,0.04616785235629691,0.04616794944795537,False
64,39,58,663.4106794162601,663.413065429715,0.6095937519414955,0.34678994643155986,0.7062174332717274,0.4006182008195289,0.011056294887656255,1.13519178324309,-1.124135488355434,0.09055756713597156,0.016941346656888425,0.016941388831557925,0.016941257031499266,0.04807825362663472,0.04807835402524079,False
64,39,59,663.413065429715,663.4154514431698,0.6369475285193421,0.3657100385678144,0.737792285289577,0.42245884589906996,0.011056038634699148,1.2101543432220796,-1.1990983045873806,0.09056205848642107,0.017482482769613682,0.01748252534736626,0.017482390695302562,0.04997804822706446,0.049978148566772296,False
64,39,60,663.4154514431698,663.4178374566246,0.6650732884685785,0.3853306585010235,0.7702605226853858,0.4451085102982542,0.011055787534003991,1.289216749131922,-1.2781609615979181,0.09057059188267946,0.018037831664733592,0.018037875350781787,0.018037737961065902,0.05192768816942686,0.05192779026298261,False
64,39,61,663.4178374566246,663.4202234700795,0.6941102388920009,0.4057567499488768,0.8036847310974945,0.4686709273965729,0.01105555842600124,1.3728472031036107,-1.3617916446776097,0.09056077118927457,0.018611801552002146,0.018611846535854883,0.018611706933188723,0.05393975674137186,0.05393986088954383,False
64,39,62,663.4202234700795,663.4226094835344,0.7236725703523598,0.42673570738575756,0.8379040032567379,0.49290499263780674,0.011055335981776783,1.4604206519457514,-1.4493653159639748,0.09057375105440767,0.019193251058435327,0.0191932975095403,0.01919315514102193,0.05598183044940896,0.05598193693517975,False
64,39,63,663.4226094835344,663.4249954969893,0.754057772077652,0.4484801852273368,0.8729799900080947,0.5180061949044502,0.01105512487908772,1.5526713529820186,-1.541616228102931,0.09056945919838512,0.01979132451155823,0.0197913691364936,0.01979122548608376,0.05808023297502936,0.05808033187584357,False
64,39,64,663.4249954969893,663.4273815104441,0.7847313498963372,0.4706325325196143,0.9080427693111035,0.5435102931562369,0.011054932385841014,1.6478706292515832,-1.6368156968657424,0.09056965942383342,0.020391175784577085,0.020391221864519703,0.020391075386590764,0.0601911753143791,0.06019127593258891,False
128,39,1,663.2746766493331,663.2758696560605,0.016229040558237783,6.561193739243007e-07,0.01835720995868658,7.613552736502824e-05,0.011077842947355922,0.0008659445909941058,0.010211898356361814,0.04535802684688313,0.0,0.0,0.0,5e-324,5e-324,True
128,39,2,663.2758696560605,663.2770626627879,0.01671160818631183,6.123284469697781e-05,0.018715508127146747,0.00013808734266113044,0.011077713502118955,0.001008464840875804,0.01006924866124315,0.04535991925437284,2.926072915371498e-05,2.9259595019739533e-05,2.92594686699285e-05,2.964889751802005e-05,2.9647748286001324e-05,True
128,39,3,663.2770626627879,663.2782556695154,0.017212238382694877,0.00012747049570399998,0.019093261834218934,0.00020610856392895192,0.011077583443154782,0.0011643935019326817,0.009913189941222098,0.045369665336731764,5.97838144255796e-05,5.9782100505791337e-05,5.978282260287771e-05,6.138032381374536e-05,6.137856391050243e-05,True
128,39,4,663.2782556695154,663.2794486762427,0.017731207900883575,0.0001995700242534142,0.01958328035448056,0.0002821249093800531,0.01107745074625217,0.00134134776767378,0.009736102978578388,0.045369103565735855,9.150956486138727e-05,9.150970403519797e-05,9.150955671679496e-05,9.51988458726016e-05,9.51989901465525e-05,True
128,39,5,663.2794486762427,663.2806416829702,0.01826051755728339,0.00027362348298911427,0.020309227898870175,0.0003644213570024462,0.011077309714018926,0.0015406140019619216,0.009536695712057003,0.045358594003763505,0.00012253478702198961,0.00012253773483771277,0.00012253409736309235,0.00012916369774499366,0.00012916680405354776,True
128,39,6,663.2806416829702,663.2818346896977,0.01880726851771968,0.0003531942418956402,0.021054147102436277,0.00045265499266050136,0.01107716655731453,0.0017530873070788146,0.009324079250235715,0.04535636326439169,0.0001544070067091185,0.00015440971086659602,0.00015440559588919314,0.0001649145364147271,0.0001649174229913327,True
128,39,7,663.2818346896977,663.283027696425,0.019376074686246688,0.0004406750830448478,0.02178375944771263,0.0005486473492054012,0.011077022775360743,0.001981234740671385,0.009095788034689356,0.04535651002082115,0.00018802068662612654,0.000188022843917914,0.0001880184607885143,0.00020347084028762215,0.00020347317247271422,True
128,39,8,663.283027696425,663.2842207031525,0.01996229270049808,0.0005338349147921528,0.02237279766041234,0.0006477423757689958,0.011076878046168448,0.002210469119785494,0.008866408926382952,0.04536172276823072,0.0002222523100684725,0.00022225231249334637,0.00022224832209926095,0.00024369125555990338,0.0002436912549339407,True
128,39,9,663.2842207031525,663.2854137098799,0.020559845675127388,0.0006296722505402183,0.022853953124794723,0.0007474328096008192,0.011076730750510773,0.0024368211027889766,0.008639909647721796,0.04536271768556387,0.00025576169986803204,0.00025576306397560476,0.0002557579907120624,0.0002841303112450334,0.0002841318222919145,True
128,39,10,663.2854137098799,663.2866067166074,0.021174266345415128,0.0007310488112695517,0.023353264202763367,0.0008530372898465268,0.011076578253363613,0.0026762982108388166,0.008400280042524794,0.04535767384979124,0.00028966769168414547,0.00028967152233793254,0.0002896639517709446,0.0003260322552902714,0.0003260365611168526,True
128,39,11,663.2866067166074,663.2877997233348,0.02181323255230508,0.0008419998996189331,0.023942923184997623,0.0009701000305629665,0.011076421836597303,0.0029433135906653174,0.008133108245931985,0.04535430100056664,0.000325433431495902,0.0003254375751189766,0.0003254285452486629,0.0003710991614466714,0.0003711038791754384,True
128,39,12,663.2877997233348,663.2889927300622,0.022466372226578095,0.0009573244325213757,0.024801886781515462,0.001096681140619485,0.011076264397445837,0.003240975483672845,0.00783528891377299,0.045355101354287476,0.0003608872850071361,0.00036089049927565575,0.0003608813586766512,0.0004169215380875431,0.0004169252423189368,True
128,39,13,663.2889927300622,663.2901857367897,0.023134949171445537,0.0010777546312265905,0.025677674051329046,0.0012287565916135686,0.01107610603438078,0.003550977755220718,0.007525128279160061,0.045357020200365895,0.0003962469243242619,0.0003962490589764017,0.0003962397798298892,0.00046375654745741757,0.0004637590347715726,True
128,39,14,663.2901857367897,663.291378743517,0.023829966847822154,0.0012091458526203684,0.026557209138061765,0.001372133749087257,0.01107594727258227,0.0038849279936890167,0.007191019278893253,0.04536465468567484,0.0004335436250429618,0.00043354600016873524,0.00043353787787616435,0.0005140242829646345,0.0005140270857882698,True
128,39,15,663.291378743517,663.2925717502445,0.024547633436930755,0.001349697938670438,0.02730142190957754,0.0015222536718943421,0.01107578277240739,0.004227774400860547,0.006848008371546843,0.0453535887373222,0.0004719300436703316,0.00047193644119284767,0.00047192441437849384,0.0005668122915730614,0.0005668199595233476,True
128,39,16,663.2925717502445,663.293764756972,0.025281094207308032,0.001495947951844626,0.02792778873367811,0.0016758882472738892,0.011075613278025639,0.004573439444701264,0.006502173833324374,0.04535325977576488,0.0005100709935908813,0.0005100784717150408,0.0005100641962534045,0.0006205632285827792,0.0006205723079112207,True
128,39,17,663.293764756972,663.2949577636994,0.02602857506684275,0.0016470631549756526,0.028569279719938123,0.001834714127945353,0.011075443582581505,0.004930745794027329,0.006144697788554174,0.04535133020180337,0.0005476286229402874,0.0005476353458167601,0.0005476209878596987,0.0006748654159239808,0.0006748736790345857,True
128,39,18,663.2949577636994,663.2961507704268,0.02680478774704897,0.0018110347261549346,0.029276903111362027,0.002007983241775743,0.011075273030461468,0.005321095473287066,0.005754177557174401,0.0453537311009412,0.0005871594845858504,0.0005871648185947125,0.0005871503150438497,0.0007328978866966767,0.0007329045195992259,True
128,39,19,663.2961507704268,663.2973437771542,0.027603288353001697,0.001984636223133246,0.030291979559332743,0.002197083182706221,0.011075101457153973,0.0057572875343008265,0.005317813922853146,0.04535605050313636,0.0006274193188516743,0.0006274237004928727,0.0006274089989575743,0.0007931973759359633,0.0007932028867484018,True
128,39,20,663.2973437771542,663.2985367838817,0.0284154590362062,0.0021633811119751304,0.031322002589662064,0.00239172065710222,0.011074926300711463,0.006206052417478009,0.0048688738832334535,0.04535392029330706,0.0006668896794309068,0.0006668969940178647,0.0006668800201530299,0.0008538703496790195,0.0008538796826332384,True
128,39,21,663.2985367838817,663.299729790609,0.029256256226792784,0.0023555496775111073,0.03237252349686878,0.00260056433863626,0.011074746919603246,0.0066857698653728535,0.0043889770542303915,0.04534848120316921,0.0007080424706908659,0.0007080514612209162,0.0007080318436051609,0.0009180985578362567,0.0009181101786985517,True
128,39,22,663.299729790609,663.3009227973365,0.030126619520763773,0.0025619273788718556,0.033294784564692495,0.002821503212701026,0.011074565787904011,0.007185926028895102,0.0038886397590089084,0.0453475641783231,0.0007509047533984321,0.0007509133248946089,0.0007508930675239132,0.000986014672984787,0.00098602588657004,True
128,39,23,663.3009227973365,663.302115804064,0.031018362097884937,0.0027782581597226145,0.034090292005599716,0.0030501337196480213,0.01107438400847281,0.007697317440490463,0.003377066567982347,0.04534931748634825,0.0007940534509566958,0.000794060628010229,0.0007940400380296549,0.0010558257315950435,0.0010558352280653008,True
128,39,24,663.302115804064,663.3033088107913,0.031925028905754445,0.0030011341997647095,0.034901838716520577,0.003285752605128838,0.011074201926973015,0.008224378920393254,0.00284982300657976,0.045357712588968944,0.0008364348998532534,0.0008364414642526666,0.0008364217515728278,0.0011261418230253777,0.0011261506093333986,True
128,39,25,663.3033088107913,663.3045018175188,0.032859325430877606,0.003237774687928695,0.035749529215951155,0.0035362031470843585,0.011074017840195583,0.008784411529007994,0.0022896063111875887,0.045356377402682,0.0008799865151621782,0.0008799937998146122,0.000879973859299887,0.0011995790787011447,0.0011995889516148769,True
128,39,26,663.3045018175188,663.3056948242462,0.03382691497516912,0.0034915260408355927,0.03694620766376595,0.003811275252511242,0.011073827933594845,0.0094112481458057,0.0016625797877891453,0.04534690325941594,0.0009254295359149614,0.000925438087748933,0.0009254173350854972,0.0012772052065778256,0.0012772169454079078,True
128,39,27,663.3056948242462,663.3068878309737,0.03481102909319189,0.003752766127041964,0.038160923622591894,0.00409442534078279,0.011073636828677942,0.010056456396928743,0.0010171804317491981,0.045344373468085605,0.0009700600819808158,0.0009700698605421448,0.0009700477592202184,0.0013553517588858043,0.0013553653510249147,True
128,39,28,663.3068878309737,663.3080808377011,0.03582470382122821,0.0040273424536005934,0.039407696690474545,0.00439191671008422,0.011073445376330334,0.010733823857135748,0.0003396215191945866,0.04534452599548874,0.0010153307499233281,0.0010153407374392696,0.001015318262782031,0.0014360438415133181,0.001436057890375271,True
128,39,29,663.3080808377011,663.3092738444285,0.036887567241474295,0.004322231048723559,0.0405507061621992,0.0047079976508278614,0.011073253389940044,0.011446475026706477,-0.000373221636766433,0.04534940229127099,0.0010628297964513252,0.0010628386941443292,0.0010628163204374319,0.001521599908992198,0.0015216125631905642,False
128,39,30,663.3092738444285,663.310466851156,0.03799129810493545,0.004632820688521344,0.04157678228875659,0.00503756143451713,0.011073059696050831,0.012183076540662993,-0.0011100168446121618,0.045350053037465414,0.0011112086799309482,0.0011112169113964227,0.0011111944765939505,0.001610193008611766,0.001610204844602746,False
128,39,31,663.310466851156,663.3116598578833,0.039120107968715234,0.004953238832244118,0.04262573867300207,0.005377519366500816,0.011072862605703,0.01294320812748687,-0.0018703455217838705,0.04534449969692732,0.0011589500211377894,0.0011589587126203563,0.001158935668447041,0.001699654751366417,0.0016996673978038378,False
128,39,32,663.3116598578833,663.3128528646108,0.040277747188739436,0.005286803481290324,0.043705583641617564,0.00573151696611823,0.011072663109944958,0.01373494503128015,-0.0026622819213351933,0.04534110265231172,0.0012067781023096028,0.0012067873555203312,0.0012067636410147725,0.0017910365368806148,0.0017910501613254161,False
128,39,33,663.3128528646108,663.3140458713383,0.04148098158301242,0.00564364443978411,0.04513280336903361,0.006116743643227841,0.011072463110899334,0.014608663104296742,-0.0035361999933974085,0.045342126856493845,0.001256862186267952,0.0012568716112837876,0.0012568473860775935,0.0018876099012411145,0.0018876239384006004,False
128,39,34,663.3140458713383,663.3152388780657,0.04271391491558006,0.00601481023761192,0.046614713235832064,0.006517858024326628,0.011072262660892361,0.0155194025937509,-0.0044471399328585405,0.045344433908405715,0.001307020166726898,0.001307029319551546,0.0013070048895692686,0.0019861873905390255,0.0019862011724677965,False
128,39,35,663.3152388780657,663.3164318847931,0.043972038786211566,0.006397839948431939,0.04812400750508951,0.006931750910491124,0.011072062036233057,0.016459507773253276,-0.005387445737020219,0.04535152885001448,0.0013566483325495916,0.0013566567718419499,0.0013566332901406577,0.0020858525841423265,0.0020858654230319768,False
128,39,36,663.3164318847931,663.3176248915205,0.04527925863728917,0.006806812327791608,0.049543417002208844,0.007370376474387078,0.01107185782675371,0.017448888298997517,-0.006377030472243808,0.04533970567317862,0.0014086156781924354,0.0014086252406127979,0.0014086016603399969,0.0021910464189045073,0.002191061145733781,False
128,39,37,663.3176248915205,663.318817898248,0.046630545938910035,0.0072389838591415704,0.050848649191089036,0.007830337468855223,0.011071650839301745,0.018479238363415102,-0.007407587524113358,0.045338880349757284,0.0014621286335697108,0.0014621396858463802,0.001462114395595949,0.0023006525304046627,0.0023006697626781255,False
128,39,38,663.318817898248,663.3200109049754,0.04801328251940455,0.007687135299969536,0.05216897022110677,0.008306946021914952,0.011071443899505231,0.01954664809527963,-0.008475204195774402,0.04533689332653183,0.001515581728839713,0.00151559315187172,0.0015155672945189865,0.0024122048918044773,0.002412222902847396,False
128,39,39,663.3200109049754,663.3212039117028,0.049420723651841574,0.008147431308051538,0.053515704384276684,0.008796502220752534,0.011071236586671557,0.020643926798138725,-0.00957269021146717,0.04533976615310167,0.0015681675974287522,0.0015681787092033134,0.001568152672362251,0.0025244051108429255,0.0025244228169217856,False
128,39,40,663.3212039117028,663.3223969184303,0.050879839963071945,0.008635842782774447,0.05518851642285359,0.009322235024042941,0.011071028794137,0.021834612105969375,-0.010763583311832378,0.045342133314946846,0.0016228687499042593,0.0016228790154597206,0.0016228529746665937,0.002642064779726257,0.002642081298793267,False
128,39,41,663.3223969184303,663.3235899251576,0.05238511382814917,0.009149311079874147,0.05696290802888849,0.009876052281059457,0.01107081907760546,0.023091404749274104,-0.012020585671668646,0.045339375878108906,0.0016789043575328498,0.0016789141120595727,0.0016788878582846686,0.002764016747998903,0.0027640326005772694,False
128,39,42,663.3235899251576,663.3247829318851,0.053916485376643716,0.009676157670621813,0.05876566979725662,0.01044429155209413,0.011070607177676077,0.024382104748374964,-0.01331149757069889,0.04533306447367413,0.0017340208890523389,0.0017340314840190141,0.0017340044449864363,0.0028865845719776282,0.002886601989045278,False
128,39,43,663.3247829318851,663.3259759386126,0.05549774680613386,0.01023055999757394,0.06049348004481882,0.011039142930808757,0.011070394524027923,0.025727549535539174,-0.014657155011511254,0.04533214177814961,0.0017906875456144286,0.0017906986355859507,0.0017906708611418868,0.003013873916388316,0.0030138923474490663,False
128,39,44,663.3259759386126,663.32716894534,0.057137517635020924,0.010817806890174869,0.062121767939560035,0.011665371448581336,0.011070181693393032,0.027136616392929,-0.016066434699535972,0.04533419348070654,0.0018496297149988854,0.0018496404975736822,0.0018496123791941251,0.0031472041081841793,0.0031472222061620547,False
128,39,45,663.32716894534,663.3283619520674,0.0588206034445717,0.011429077206935343,0.06376301308762178,0.01231647246623672,0.011069968868315561,0.028601189545606108,-0.01753122067729055,0.045343998843008396,0.0019091512407257837,0.001909161553916608,0.0019091338234928576,0.0032837822382023457,0.0032837997131334768,False
128,39,46,663.3283619520674,663.3295549587948,0.060532690172212994,0.012056003532468594,0.06543523682563696,0.012984228844714821,0.011069755112716422,0.030104891417967145,-0.019035136305250725,0.04534149276818472,0.001967780691141002,0.001967791337245744,0.0019677636980174468,0.0034210797022466446,0.003421097931310477,False
128,39,47,663.3295549587948,663.3307479655223,0.06229291229379249,0.012710100157701052,0.06740185044825493,0.01368696272005491,0.01106953871864379,0.03170058280635149,-0.020631044087707703,0.04533124975339204,0.0020273412833500416,0.002027353054656319,0.0020273247437218676,0.003562246594764064,0.003562266981652616,False
128,39,48,663.3307479655223,663.3319409722496,0.06411971334605353,0.013402549190663613,0.06952159248701582,0.014432883581406816,0.011069322006393833,0.03339907979383883,-0.022329757787445004,0.04532811051362212,0.002089441419965282,0.0020894544313083694,0.002089424677760031,0.0037101856950167104,0.003710208484984871,False
128,39,49,663.3319409722496,663.3331339789771,0.06597898943551675,0.01411316175657343,0.07167665090653175,0.015198390270639147,0.01106910530437836,0.035144382113209104,-0.02407527680883075,0.045328114115374275,0.002150779207866232,0.002150792350422102,0.0021507622023131277,0.003859107875734225,0.0038591311254250193,False
128,39,50,663.3331339789771,663.3343269857046,0.06788244846560765,0.014849071147673011,0.07376462370013638,0.015988191962975275,0.011068888538313086,0.036941155518176096,-0.02587226697986301,0.04533368341865127,0.0022123989988983217,0.0022124109725723817,0.0022123809023378216,0.0040108564344954354,0.004010877791754115,False
128,39,51,663.3343269857046,663.335519992432,0.06986276274858223,0.01563006153514562,0.07577172477757642,0.016822086953312467,0.01106867123746914,0.038830892918420686,-0.02776222168095155,0.0453315075041009,0.002277087464747945,0.00227709871427549,0.0022770685188488013,0.004170542242842979,0.004170562477532146,False
128,39,52,663.335519992432,663.3367129991594,0.07189176707179931,0.016439450300352494,0.0777825191727597,0.017685050354085047,0.011068452778137162,0.04078631346782135,-0.02971786068968419,0.04532763446935852,0.002342210462027111,0.0023422223732124554,0.002342191358523353,0.004333453229280087,0.004333474877196253,False
128,39,53,663.3367129991594,663.3379060058868,0.07396422492702813,0.01727424988888327,0.07983972823122547,0.01857511500792618,0.011068233607142599,0.04280583670634364,-0.03173760309920105,0.04532405339746294,0.002407262570390112,0.0024072749717223424,0.002407243240111664,0.004498657875978258,0.004498680640558362,False
128,39,54,663.3379060058868,663.3390990126143,0.07607692862609923,0.01813268530690501,0.08215496551365871,0.019496205740585113,0.011068014472128452,0.04491044271277408,-0.03384242824064563,0.045325234145199574,0.0024719457635473314,0.0024719583843849837,0.0024719260652602748,0.004665577110202382,0.0046656004984709405,False
128,39,55,663.3390990126143,663.3402920193417,0.0782677182567885,0.01903779545386847,0.08466577594416007,0.020470431793360205,0.011067795396997628,0.047144768374878104,-0.036076972977880484,0.04532827677047398,0.0025392829342250154,0.0025392952386952303,0.0025392626815850523,0.004839938103973998,0.004839961101673337,False
128,39,56,663.3402920193417,663.3414850260691,0.08051303027143357,0.01997558920756445,0.08723555947575232,0.021479825452847427,0.011067576454187631,0.04946302158208362,-0.03839544512789599,0.04533532474683585,0.0026072269271771057,0.0026072388027823905,0.002607206761001387,0.005017933704475729,0.005017956082196127,False
128,39,57,663.3414850260691,663.3426780327966,0.08279277468963812,0.02093409624159951,0.08974187726538294,0.02250868623821172,0.011067356726374315,0.051824438456892795,-0.04075708173051849,0.045322519350019214,0.002674158522664829,0.002674171320134855,0.002674139253339397,0.005196434568517596,0.005196458933583225,False
128,39,58,663.3426780327966,663.343871039524,0.08517068569822324,0.0219522068223214,0.0921889835748102,0.023596744596693805,0.01106713651842957,0.054314699741607214,-0.04324756322317765,0.04531906953796295,0.0027449246623479444,0.0027449390375960843,0.0027449051123500886,0.005384874792980374,0.005384902464260231,False
128,39,59,663.343871039524,663.3450640462514,0.0875954013364065,0.022999011277416295,0.09462251806814737,0.02471358253683936,0.011066916581194405,0.05687143013787262,-0.045804513556678216,0.0453190566552482,0.0028154672109397625,0.002815481908261894,0.002815447390201606,0.00557541189752467,0.005575440445894492,False
128,39,60,663.3450640462514,663.3462570529789,0.09008855585674885,0.024087918554594624,0.09712915110544523,0.025875365607005783,0.011066696797791452,0.05953523280293992,-0.04846853600514848,0.04532228266897171,0.0028873447876401792,0.002887359076999722,0.0028873243035570898,0.005771127773716218,0.005771155750495824,False
128,39,61,663.3462570529789,663.3474500597063,0.09261916805818625,0.02520029802847635,0.09986274444154093,0.027067799940762884,0.011066477201803846,0.06228594345919041,-0.05121946625738657,0.04532451737309232,0.0029582486759590653,0.002958262363436348,0.0029582274369054696,0.005967416774627635,0.005967443772358053,False
128,39,62,663.3474500597063,663.3486430664337,0.09522884536241517,0.02636181500771471,0.10282360784361293,0.028317305767052128,0.011066257674618513,0.06518176241965287,-0.05411550474503437,0.04532125273893315,0.003031123181229119,0.0030311365279312185,0.003031101258258149,0.006170194748069854,0.006170221273295531,False
128,39,63,663.3486430664337,663.3498360731611,0.09792139191387289,0.027575149149670963,0.10587386030972093,0.029622532792321455,0.011066038215806855,0.06821172543231455,-0.057145687216507694,0.04531471690251729,0.0031061006213509226,0.00310611480792543,0.0031060785824261225,0.006379816889681905,0.006379845352195644,False
128,39,64,663.3498360731611,663.3510290798886,0.10065234253857447,0.028813360151705384,0.1088791781329182,0.030951850378884906,0.011065818979277888,0.07129878058302065,-0.06023296160374277,0.04531369534508913,0.003180055730925268,0.003180070368780079,0.0031800333616235706,0.006589895569362063,0.0065899251930424925,False
128,39,65,663.3510290798886,663.352222086616,0.10348617162013557,0.03011633072003075,0.11182893059977632,0.032345244793576575,0.011065600069072177,0.07452901720877014,-0.06346341713969798,0.045315084141230574,0.003257292924625106,0.0032573072661891576,0.003257269826486085,0.006809344821215226,0.006809374057191134,False
128,39,66,663.352222086616,663.3534150933434,0.10636074501684109,0.03144623910852637,0.11474294450652098,0.033764762200151656,0.011065381429614225,0.07782170329704165,-0.06675632186742743,0.04532580888692176,0.0033335934836549227,0.0033336074302185007,0.0033335702202958134,0.0070294181766261295,0.00702944680400879,False
128,39,67,663.3534150933434,663.3546081000709,0.10933506516952723,0.03283975810522719,0.11776353600270882,0.03525219079824352,0.011065163312289761,0.08127837917340282,-0.07021321586111307,0.04532227659874547,0.003412758209759922,0.003412772675658982,0.0034127353719633643,0.0072581166815557634,0.007258146626913626,False
128,39,68,663.3546081000709,663.3558011067983,0.11235015956754894,0.03426089097140231,0.12098627633664973,0.03677447473253302,0.011064945992908012,0.08483527731403742,-0.07377033132112942,0.04531246724050045,0.0034909429192024684,0.00349095838813352,0.0034909202584577966,0.007487317665946518,0.007487349982209896,False
128,39,69,663.3558011067983,663.3569941135257,0.11543063864404676,0.03572515124856079,0.12445308075263618,0.03834909096332254,0.011064729079436432,0.08853504284982806,-0.07747031377039164,0.04530910644096493,0.003569710578382649,0.0035697271802730746,0.003569687679220308,0.007720314090176742,0.007720349091600336,False
128,39,70,663.3569941135257,663.3581871202532,0.11861652843087298,0.037257720532606654,0.1280335688376971,0.03999715399686622,0.01106451257863164,0.09241531412976904,-0.08135080155113741,0.045309131724189065,0.003651447105546472,0.003651463818974116,0.0036514238021225563,0.007962304296465722,0.007962339792720537,False
128,39,71,663.3581871202532,663.3593801269806,0.1218556251918267,0.03882666584809693,0.13159928155094483,0.04168180278454015,0.011064296490851005,0.09638638019901415,-0.08532208370816316,0.04531461000924744,0.0037329093114676147,0.0037329252205936365,0.0037328850566961166,0.008206279874787963,0.008206313853636304,False
128,39,72,663.3593801269806,663.360573133708,0.12519815477868299,0.04046359014824507,0.13510833296013153,0.043433159474851886,0.011064081241778758,0.10051121926125335,-0.08944713801947461,0.04531227186905882,0.003817042699520169,0.0038170580245580725,0.0038170175992756567,0.008458714581828812,0.00845874749802159,False
128,39,73,663.360573133708,663.3617661404354,0.12856979205492508,0.04212267509350191,0.13855310982731714,0.04520451813800301,0.011063867243857403,0.1046869553321046,-0.09362308808824722,0.04530803577392739,0.0038994678916406786,0.0038994838414493447,0.0038994425867886753,0.008709927237931464,0.00870996176674472,False
128,39,74,663.3617661404354,663.3629591471629,0.13205237296248795,0.04385528939640318,0.14211639970433784,0.04705439743174249,0.011063654193104294,0.10905790549675583,-0.09799425130365155,0.04530469196120328,0.003984887490380972,0.003984903919997758,0.003984861827406373,0.008970372081077387,0.00897040791312103,False
128,39,75,663.3629591471629,663.3641521538904,0.13560371583070543,0.04563559048568873,0.1458831680796786,0.0489602602991784,0.0110634416812716,0.11358331233295324,-0.10251987065168165,0.0453059015571197,0.004070834425721582,0.004070850956750823,0.004070808245037144,0.00923456582993802,0.009234602119553927,False
128,39,76,663.3641521538904,663.3653451606177,0.1391972733896339,0.047447358081786434,0.14990152378791308,0.05090813732899071,0.011063229709392476,0.11823841879808943,-0.10717518908869696,0.0453093970064777,0.0041558572343922216,0.004155873552285443,0.004155830516220151,0.0094991731502441,0.009499209178185372,False
128,39,77,663.3653451606177,663.3665381673452,0.14290697983595124,0.04933733888842609,0.1540451354385383,0.052940112611385405,0.011063018257391128,0.12310678800262502,-0.1120437697452339,0.0453154596871416,0.004243975762633378,0.004243991821330909,0.004243949117657164,0.009773357416572327,0.0097733930635343,False
128,39,78,663.3665381673452,663.3677311740726,0.14670168709614673,0.05128653557694379,0.15822257131373843,0.05503339513006456,0.011062809146807845,0.12813113435923457,-0.11706832521242673,0.04530313460311191,0.004333423737923206,0.004333440782022733,0.004333397647263581,0.010053132107693352,0.010053170245424927,False
128,39,79,663.3677311740726,663.3689241808,0.15059508149968676,0.05330404612718526,0.1623363235450397,0.057192794396173204,0.011062601634470313,0.13331378751523704,-0.12225118588076674,0.045299686136082484,0.004424871111854605,0.004424889537035164,0.0044248446773143164,0.010340080939368338,0.010340122519494774,False
128,39,80,663.3689241808,663.3701171875275,0.1545125423312885,0.055343308589518955,0.16636387602445057,0.059370471596273046,0.01106239458032601,0.13854647872878004,-0.12748408414845405,0.0452994816443794,0.004514450282349197,0.004514468885093666,0.004514423511301546,0.01062515100828644,0.010625193240177194,False
128,39,81,663.3701171875275,663.3713101942549,0.1585380067264103,0.05745768086527782,0.1705066769417404,0.061628298504122575,0.011062188184712406,0.14398699070841353,-0.13292480252370115,0.04530272201689636,0.004606487062662686,0.004606505424907668,0.00460645965710116,0.010918449610122736,0.010918491502507016,False
128,39,82,663.3713101942549,663.3725032009824,0.1626671250718517,0.05964498793114856,0.17486115587922382,0.06396855379824984,0.011061982710336225,0.14965207883350856,-0.13859009612317236,0.04530460045156242,0.004700685149659321,0.004700703110804434,0.004700657001397734,0.01121933845772856,0.011219379612436828,False
128,39,83,663.3725032009824,663.3736962077097,0.16683531059044293,0.06186482807364421,0.17949726814654143,0.06635476128026424,0.011061779401819504,0.15546998994262826,-0.14440821054080877,0.045301214034239305,0.004793841283880933,0.004793859184316939,0.004793812548167115,0.011520171152565713,0.011520212366541879,False
128,39,84,663.3736962077097,663.3748892144372,0.17109858432947048,0.06415316378815668,0.18423614474593997,0.06881473880793908,0.011061578349985685,0.1614865858923936,-0.15042500754240792,0.045295286681603174,0.004888720862432449,0.004888739460206394,0.004888691871920406,0.011827530864331515,0.01182757396108405,False
128,39,85,663.3748892144372,663.3760822211646,0.1754860765611853,0.06652908168393418,0.18906578689164907,0.07136684558310805,0.011061378361022108,0.1677436326659888,-0.1566822543049667,0.04529436061947231,0.004986659657484929,0.00498667859098051,0.004986630206819783,0.012144696992432783,0.01214474110555953,False
128,39,86,663.3760822211646,663.377275227892,0.1799612238025454,0.06896991366996211,0.1938176852799684,0.07398021152888694,0.011061179176879292,0.17415464007025042,-0.16309346089337115,0.045295522056285786,0.005085865487648424,0.005085884221430172,0.005085835317196908,0.012467363983116096,0.012467407803280314,False
128,39,87,663.377275227892,663.3784682346195,0.18447247351369164,0.07144326025451936,0.19847905070179941,0.07662173611171914,0.011060980461244744,0.18064366719784716,-0.16958268673660246,0.04530521615706365,0.005183966707460108,0.00518398523608826,0.005183936397712208,0.012789679951431007,0.012789723451515456,False
128,39,88,663.3784682346195,663.3796612413469,0.18906318634345054,0.07397724352178665,0.20322499916132086,0.07932780560422191,0.011060783956031233,0.1873133504150607,-0.17625256645902948,0.04530118903868112,0.005283012590270095,0.005283031547019841,0.005282982467676097,0.013116619049309301,0.013116663784946341,False
128,39,89,663.3796612413469,663.3808542480743,0.1937865900329227,0.07660651037029764,0.20818386650723453,0.08213935657923911,0.011060591496858873,0.194273601432014,-0.18321300993515516,0.04529300648287498,0.0053853781428909245,0.005385398053261287,0.005385347963585374,0.01345409640144566,0.013454143686548174,False
128,39,90,663.3808542480743,663.3820472548017,0.1985587265770026,0.07927782196874318,0.21346950220667293,0.08501065585773164,0.011060399945759436,0.2014379215611404,-0.190377521615381,0.04528994009501482,0.005487292121772122,0.005487312770868614,0.005487261588101217,0.013792722020847734,0.013792771335982936,False
128,39,91,663.3820472548017,663.3832402615292,0.20339112690573843,0.08199901412117813,0.2188207341554866,0.08793585642116739,0.011060209206894064,0.2087637138189061,-0.19770350461201205,0.04529010454472679,0.0055893236393906335,0.005589344439279439,0.005589292678621302,0.014133849179751828,0.01413389905154983,False
128,39,92,663.3832402615292,663.3844332682567,0.20836017973106447,0.08481979982035841,0.22429123125052788,0.09096664069383947,0.011060019316655931,0.21637738805432913,-0.20531736873767323,0.04529468577174062,0.005694780584265235,0.005694800838318329,0.00569474874217392,0.01448583183811087,0.014485880488154107,False
128,39,93,663.3844332682567,663.385626274984,0.21343269153135183,0.08771948288589274,0.2296983347201653,0.09407221223961139,0.011059831684136956,0.224187037409809,-0.21312720572567206,0.04529249955536462,0.005802183338306543,0.005802203352948416,0.005802150789659049,0.014844970489095076,0.01484501867203746,False
128,39,94,663.385626274984,663.3868192817115,0.21855553928121713,0.090664314618433,0.23501225028897135,0.09721738951933939,0.011059647592893353,0.23210852077094116,-0.22104887317804783,0.045288497678023516,0.005909305342976197,0.0059093260232766925,0.005909272486421846,0.015205553110625965,0.015205603134849026,False
128,39,95,663.3868192817115,663.3880122884389,0.22371718121055867,0.09364723845902685,0.24036710870311173,0.10040291569869329,0.011059465874014818,0.24016193790409887,-0.22910247203008408,0.045285750331817524,0.00601574357017674,0.006015764627740484,0.006015710320663043,0.015566455112659491,0.015566506239658473,False
128,39,96,663.3880122884389,663.3892052951663,0.22901744296820042,0.09673349463700497,0.24591058855614492,0.10370118800418636,0.011059285111929057,0.24853621724700373,-0.2374769321350747,0.045286823904973184,0.00612562544046128,0.006125646620411651,0.006125591651562716,0.015938316738532965,0.015938368302814275,False
128,39,97,663.3892052951663,663.3903983018938,0.2344039861386906,0.0998897888600649,0.25185730545411905,0.10709373687192816,0.011059105276200314,0.2572236784740098,-0.2461645731978095,0.045290288631860055,0.006236791081358856,0.006236812213452693,0.006236756836735701,0.01631556408986766,0.016315615636955903,False
128,39,98,663.3903983018938,663.3915913086212,0.23981605754930915,0.10307709625282822,0.25783247970625384,0.11052003346484034,0.011058926409102924,0.26603395778048,-0.2549750313713771,0.045294710234331466,0.006346858345919294,0.006346879552010795,0.00634682391868873,0.01669191455468986,0.01669196639038148,False
128,39,99,663.3915913086212,663.3927843153486,0.24535722472734128,0.10636343058646039,0.26393448267320635,0.11405214179013416,0.011058752939665914,0.2751503799748408,-0.26409162703517497,0.045284363540883894,0.006459970833600983,0.00645999283795203,0.0064599364628159465,0.017078205207942603,0.017078259230057673,False
128,39,100,663.3927843153486,663.393977322076,0.25102538877684855,0.10974815306180288,0.269995445069171,0.11767826459849738,0.011058582683234468,0.28452251679617047,-0.27346393411293607,0.045281414005129875,0.006576004613024794,0.006576027507901848,0.00657596983703948,0.017474159277352932,0.017474215735594826,False
128,39,101,663.393977322076,663.3951703288035,0.2567606268999967,0.11319271137249914,0.27596250665819383,0.12135711973689557,0.011058413030866724,0.2940467696498989,-0.2829883566190322,0.045281160830568344,0.00669264306985124,0.00669266612095633,0.006692607841237185,0.01787363427232634,0.017873691215263138,False
128,39,102,663.3951703288035,663.396363335531,0.26251797881670086,0.1166681032872412,0.2819525104341378,0.12506846349613782,0.011058244457590986,0.3036947699658607,-0.2926365255082698,0.04528390930774845,0.0068082426234522845,0.006808265557825769,0.0068082067794763826,0.018272168739448605,0.01827222542493692,False
128,39,103,663.396363335531,663.3975563422583,0.26838146780487704,0.12022998634980421,0.28806464148217387,0.12887255938323453,0.011058077527610857,0.3136254198350241,-0.30256734230741333,0.04528526592776395,0.006926034949795538,0.00692605783327187,0.006925998485256078,0.018678363136302313,0.01867841972120486,False
128,39,104,663.3975563422583,663.3987493489858,0.27437676191395,0.12389596109462203,0.2946666908379089,0.1328130600012085,0.011057914704854574,0.324007586216148,-0.3129496715112935,0.045282270890735575,0.00704696164905396,0.007046984712319492,0.0070469246034642824,0.019094779864916638,0.01909483694986925,False
128,39,105,663.3987493489858,663.3999423557132,0.28038857083732555,0.1275906485341459,0.30128762602416864,0.13678494209250688,0.011057755998768149,0.33451919604004127,-0.3234614400412732,0.0452774562297218,0.007166797181533066,0.007166820674338452,0.007166759754157252,0.019509960535214147,0.019510018785867316,False
128,39,106,663.3999423557132,663.4011353624406,0.28648147425419845,0.13135712967498248,0.3079966828863176,0.14083438321643393,0.011057598974495002,0.34528283264753995,-0.334225233673045,0.045276822412024326,0.007287974603218392,0.007287998364979791,0.007287936695551687,0.019930442929277887,0.019930501898502387,False
128,39,107,663.4011353624406,663.4023283691681,0.29272225630423543,0.1352402782761763,0.31468743284712364,0.14499572741158814,0.011057443151133635,0.35636312921343155,-0.34530568606229795,0.04527795832961993,0.007412902944071397,0.007412926726432593,0.007412864443950623,0.020362819926751263,0.020362878918220945,False
128,39,108,663.4023283691681,663.4035213758955,0.2990497311685369,0.13920029995343397,0.32128925824359783,0.14922511644452022,0.011057287916129907,0.3676444268833703,-0.3565871389672404,0.045285232718984623,0.007539383518387107,0.00753940738413016,0.007539344714045903,0.020801087135588724,0.02080114630208042,False
128,39,109,663.4035213758955,663.404714382623,0.30539466982463326,0.14319173922149783,0.32790539147224945,0.15348724225508162,0.011057136603146639,0.3790624821144949,-0.3680053455113483,0.04528148499167925,0.007665030018080107,0.007665054414749111,0.007664990947226965,0.021238612627451036,0.021238673187949465,False
128,39,110,663.404714382623,663.4059073893503,0.31179200176599564,0.1472382418037905,0.334576829616639,0.15780772713538477,0.01105699198176891,0.3906875135346231,-0.37963052155285426,0.045275629300182335,0.007791149861761579,0.007791174745983884,0.007791110449096253,0.02167893022578578,0.021678992046542684,False
128,39,111,663.4059073893503,663.4071003960778,0.31833614210472394,0.1514033870464823,0.3417467553618067,0.16228327848697213,0.011056848528477407,0.40284258084672253,-0.3917857323182452,0.04527328787650554,0.007921032812494087,0.007921058094385492,0.007920992942146503,0.02213117448092207,0.022131237297404134,False
128,39,112,663.4071003960778,663.4082934028052,0.3249240416571662,0.15561904376740351,0.3489885213549268,0.16681559455229183,0.011056706229201225,0.4152132981224243,-0.4041565918932231,0.0452735232650875,0.00805115732248758,0.008051182739549221,0.008051116935796378,0.02258552161518921,0.022585584678062726,False
128,39,113,663.4082934028052,663.4094864095326,0.3315323913615752,0.1598700421600528,0.3562535010841201,0.17138649121890948,0.011056565128544282,0.4277477370362507,-0.41669117190770644,0.04527621720791007,0.00818081181488512,0.008180837295972264,0.008180770851229728,0.023039902606392066,0.023039965696695888,False
128,39,114,663.4094864095326,663.4106794162601,0.33828913112487796,0.1642427462659196,0.363513921776713,0.1760739162962445,0.011056427567842319,0.4406299563519372,-0.42957352878409494,0.04527543014285012,0.008314336766389641,0.008314362450853964,0.0083142952751294,0.02350650199153204,0.02350656547282816,False
128,39,115,663.4106794162601,663.4118724229875,0.3451558088539742,0.16871214038522836,0.370706652449476,0.18084826892058048,0.011056295433376415,0.45377664158960723,-0.44272034615623085,0.04527189135915658,0.008450436796675197,0.008450462891003393,0.008450394842676621,0.023981698135580633,0.023981762565154052,False
128,39,116,663.4118724229875,663.413065429715,0.3520564458850197,0.17322768268924668,0.3779145033215398,0.1856695514167385,0.0110561667040425,0.46710978207677256,-0.4560536153727301,0.04527001189945379,0.008586640757396739,0.008586667082403621,0.00858659829952608,0.024458463224807808,0.024458528073484757,False
128,39,117,663.413065429715,663.4142584364423,0.35895249233716864,0.17776374140003254,0.38511653785353817,0.19051210084747994,0.011056039225850002,0.4805630789120735,-0.46950703968622354,0.045270877000306325,0.00872177577900736,0.008721802281356607,0.008721732802328323,0.02493337792752465,0.02493344302280617,False
128,39,118,663.4142584364423,663.4154514431698,0.36598646197079143,0.18241713310637994,0.3927809308775197,0.19550974343188537,0.011055912918825482,0.4945745963250899,-0.48351868340626447,0.04527534591913047,0.008860515298925148,0.008860542006775567,0.008860471906941633,0.025419749727755084,0.025419815122288348,False
128,39,119,663.4154514431698,663.4166444498973,0.37311423609576716,0.18715875933921367,0.40060506499021387,0.2006081278261523,0.011055788047618689,0.5089487319680651,-0.4978929439204465,0.04527838654092702,0.009001440448842086,0.009001467412225997,0.009001396686523817,0.025913536756411573,0.02591360256414887,False
128,39,120,663.4166444498973,663.4178374566246,0.3802303827780918,0.19191758467436068,0.40841817507521977,0.2057257303410915,0.011055671138289397,0.5234473735801828,-0.5123917024418935,0.04527295407371092,0.009141246781666789,0.009141273957550801,0.009141202757518571,0.026405193509948417,0.02640525957686962,False
128,39,121,663.4178374566246,663.4190304633521,0.3874549114098299,0.19677563986313468,0.4161974705915637,0.21093522145865554,0.011055558436500818,0.5382450201432032,-0.5271894617067024,0.0452717743272235,0.009283789838154406,0.009283817446158823,0.009283745494012268,0.026905798830078008,0.026905865760067357,False
128,39,122,663.4190304633521,663.4202234700795,0.39481697065159094,0.20175355756665161,0.42393469256651256,0.21625385312028078,0.011055446436842482,0.5533840242584246,-0.5423285778215822,0.0452720841626569,0.009429982307043347,0.009430010223159532,0.009429937575362191,0.027418023875410685,0.027418091279547818,False
128,39,123,663.4202234700795,663.4214164768069,0.4022340450600462,0.2067957366462049,0.4316919820070459,0.2216367257519941,0.011055335802011746,0.5687705669525355,-0.5577152311505238,0.045275881917252216,0.009577269764898944,0.00957729803692194,0.009577224679631421,0.027934460677480857,0.027934528666567853,False
128,39,124,663.4214164768069,663.4226094835344,0.4096346805737113,0.21185369499704956,0.43943065458775454,0.22703570250588437,0.011055227428126663,0.5842759007382697,-0.5732206733101431,0.045278364031861404,0.009723513904874035,0.009723542136443088,0.009723468218075244,0.02844882565728682,0.028448893043981655,False
128,39,125,663.4226094835344,663.4238024902618,0.4171095414555378,0.21698994318410728,0.44753589355842927,0.23254888906522064,0.011055124689273624,0.6002504316514066,-0.5891953069621331,0.045277245783403114,0.009871558447816552,0.009871586611996283,0.00987151222332016,0.028969382064080167,0.028969448723719603,False
128,39,126,663.4238024902618,663.4249954969893,0.42473313525668605,0.22225637310707905,0.4558955048803194,0.23821236209752716,0.011055027376784163,0.616762693384256,-0.605707666007472,0.045275296579324206,0.010023676551083186,0.010023704947193665,0.010023629998378322,0.02950281712904806,0.02950288389421253,False
128,39,127,663.4249954969893,663.4261885037166,0.4323386048053102,0.22753878742333405,0.4642371960007295,0.2438938531524342,0.011054932093166974,0.6334100259603082,-0.6223550938671413,0.045275365926739294,0.010174855213558178,0.010174884029001045,0.0101748083103109,0.03003438984881498,0.030034457239514478,False
128,39,128,663.4261885037166,663.4273815104441,0.43998316471227655,0.23287693423778744,0.47248502492695016,0.2496203374084485,0.011054838273215191,0.6502389875695572,-0.6391841492963422,0.045276802262298244,0.010326878040967673,0.010326907238086054,0.010326830859967965,0.030569310801052272,0.03056937867215065,False
