Q,rotation_number,lambda_full,lambda_open,lambda_phase,lambda_kappa,branch_closure_residual,mean_line_overlap_with_previous_rotation
522.25,1110,-0.22274290694671142,-0.27355352615645045,0.04563082039861401,0.005179798811124943,7.806255641895632e-17,nan
522.25,1111,0.22183712753552223,0.16891234139852884,0.0475231440607194,0.005401642076273985,6.938893903907228e-18,0.14890076716015738
522.25,1112,-0.20640327497071217,-0.25550606845623547,0.04409823931161982,0.005004554173903635,-1.5872719805187785e-16,0.16863370166296596
522.25,1113,0.18795306295959768,0.13346232413909584,0.04893042966539347,0.005560309155108567,-1.8995222061946038e-16,0.15066740239054122
522.25,1114,-0.1503280493415474,-0.19822529187308094,0.04301211976778195,0.004885122763751679,-8.326672684688674e-17,0.1655044821505185
522.25,1115,0.11621864535603499,0.06076881762618291,0.04979331270674419,0.005656515023107862,2.949029909160572e-17,0.15355751168887294
522.25,1116,-0.06731790516856795,-0.11470314854305699,0.04255153715494915,0.004833706219539829,6.418476861114186e-17,0.16158888403859395
522.25,1117,0.02175023035326659,-0.03386515410717846,0.04994545979839385,0.005669924662051269,-7.025630077706069e-17,0.1566476359959312
522.25,1118,0.02710165396021649,-0.020527942725185877,0.042768151740180976,0.004861444945221485,-9.107298248878237e-17,0.15810785002579217
522.25,1119,-0.07691667888984048,-0.13188649780047637,0.04936508639131405,0.005604732519321961,-1.240327285323417e-16,0.16000808653806628
522.25,1120,0.11701221555329726,0.06843404734996299,0.043619733186877514,0.004958435016456761,-4.336808689942018e-18,0.15489229016889697
522.25,1121,-0.1606508481101174,-0.214275239049694,0.04816076055605611,0.005463630383520384,1.1275702593849246e-16,0.16374077101184809
522.25,1122,0.1866083500198723,0.13651484506807726,0.04497865473274932,0.0051148502190456226,1.0061396160665481e-16,0.1519131955854431
522.25,1123,-0.21233471931421824,-0.26418539168772653,0.046565027084789455,0.005285645288718682,1.5699247457590104e-16,0.16762921812360512
522.25,1124,0.2213196217443084,0.1694068755624995,0.04661391032591092,0.005298835855897889,7.632783294297951e-17,0.14928311929904914
522.25,1125,-0.22094430032081872,-0.270951147120486,0.04491107999982748,0.0050957667998397975,2.3418766925686896e-17,0.16913466260958032
522.25,1126,0.21212721010987298,0.15844882511465488,0.04819973276905547,0.005478652226162674,-4.336808689942018e-17,0.1492802915587036
522.25,1127,-0.18571523468201462,-0.23420591325842577,0.04354592325494063,0.004944755321470365,1.5352302762394743e-16,0.16759756527368852
522.25,1128,0.15993795373946115,0.10493080829336066,0.04939492885781263,0.005612216588287823,4.336808689942018e-17,0.15194344102570362
522.25,1129,-0.11582269547427158,-0.16339906070168653,0.042724355176320686,0.004852010051094231,2.688821387764051e-17,0.16370210807305965
522.25,1130,0.07593732781678096,0.020311699018746764,0.04995326872121934,0.0056723600768150235,-1.691355389077387e-16,0.15493022988610278
522.25,1131,-0.025766926815483142,-0.07316911290994979,0.042564914475473094,0.004837271618993486,6.938893903907228e-17,0.15996547038925207
522.25,1132,-0.022783061163547162,-0.07820907516998846,0.04977408210577714,0.0056519319006641715,-1.8214596497756474e-17,0.1581409798269072
522.25,1133,0.06859742945973103,0.020627565214099617,0.04307407343625934,0.004895790809372095,-1.474514954580286e-17,0.15661687992871412
522.25,1134,-0.11711082290313576,-0.17155384917590774,0.048895387347736304,0.005547638925035728,-5.4643789493269423e-17,0.16163981850097678
522.25,1135,0.15142152237277784,0.10222563949995674,0.04417284409650822,0.005023038776312803,7.979727989493313e-17,0.15350910056122632
522.25,1136,-0.18846176382675617,-0.24133236126549318,0.047480932553249505,0.005389664885487509,-3.469446951953614e-18,0.1655544347370153
522.25,1137,0.20707716702995335,0.1561932891722423,0.045689769235768285,0.005194108621942885,-1.0668549377257364e-16,0.15063837980738315
522.25,1138,-0.22178998256671217,-0.2728023147915115,0.04581475719006695,0.005197575034732412,-2.5153490401663703e-17,0.168662778027503
522.25,1139,0.22286689072273455,0.17013719111499034,0.04734686700321315,0.005382832604530894,1.6046192152785466e-16,0.14890059694070543
522.25,1140,-0.21032644480382498,-0.2596001039678442,0.04424979785770942,0.005023861306309853,-3.0357660829594124e-17,0.1687969797818277
522.25,1141,0.19374451969880038,0.13940177109568902,0.04879750616009975,0.0055452424430116505,-3.8163916471489756e-17,0.15031726924240166
522.25,1142,-0.15810396863763682,-0.20610080491189312,0.04310318200688316,0.004893654267373115,2.688821387764051e-17,0.1659921403188155
522.25,1143,0.1255655446922699,0.07018530384008032,0.04973145013456281,0.005648790717626747,3.8163916471489756e-17,0.15320422074037224
522.25,1144,-0.07730301245550797,-0.1247087272587903,0.042569113616632966,0.004836601186649327,3.8163916471489756e-17,0.16203710352640255
522.25,1145,0.03270488502944051,-0.02293490309923813,0.0499652720091157,0.005674516119563091,-1.5092094240998222e-16,0.15627752052307392
522.25,1146,0.016620245133296883,-0.03094517792974455,0.04271168920134192,0.004853733861699571,-6.158268339717665e-17,0.15847459270908937
522.25,1147,-0.06642878437122983,-0.1215045481646114,0.04946275174184407,0.005613012051537468,2.862293735361732e-17,0.1596603224988903
522.25,1148,0.10782733083493147,0.059383627308679604,0.043497922813461945,0.0049457807127898665,5.4643789493269423e-17,0.15518591738970836
522.25,1149,-0.15272431985314922,-0.20652710645517358,0.04831783151963466,0.005484955082389808,-1.0234868508263162e-16,0.16335820358364425
522.25,1150,0.18040209303222657,0.13049769996349658,0.04481019708290447,0.005094195985825486,2.862293735361732e-17,0.15218879088959225
522.25,1151,-0.2086270562330161,-0.26068076647983035,0.04675034833582254,0.005303361910991487,2.1163626406917047e-16,0.16728562015544837
522.25,1152,0.21956811197507134,0.16785900323755493,0.046429747417536936,0.005279361319979454,2.2551405187698492e-17,0.14949178352943793
522.25,1153,-0.22222661764798446,-0.27242964793624397,0.045084952726492274,0.005118077561767348,-1.1275702593849246e-16,0.1690909783121988
522.25,1154,0.21535138820979058,0.16185325459285707,0.048038356937235724,0.005459776679697887,-1.0321604682062002e-16,0.14914628901960797
522.25,1155,-0.19153227304768505,-0.2401624826207421,0.04367317207272102,0.00495703750033598,5.377642775528102e-17,0.1679000217182874
522.25,1156,0.16753028729366948,0.11263861022902011,0.049291282222443125,0.005600394842206278,-3.382710778154774e-17,0.15162946504168953
522.25,1157,-0.12478887840095311,-0.1724321441080915,0.04278345718082753,0.00485980852631085,-8.673617379884035e-19,0.1641524552138577
522.25,1158,0.08624294591565235,0.03064456071708182,0.04992724532256006,0.005671139876010435,3.642919299551295e-17,0.15455600714108014
522.25,1159,-0.03619867862304895,-0.08358188900178563,0.04254904672610219,0.004834163652634399,9.194034422677078e-17,0.1603828263316469
522.25,1160,-0.01176268215363514,-0.06724862588545193,0.04982998801007831,0.005655955721738477,-5.204170427930421e-18,0.15774199349338783
522.25,1161,0.058488017371939094,0.010614185407353016,0.042986936110794564,0.004886895853791575,-6.331740687315346e-17,0.15700700199881149
522.25,1162,-0.10752832388072571,-0.16211620808085592,0.04902244141225883,0.005565442787871317,5.898059818321144e-17,0.1612015770893758
522.25,1163,0.14334244722768255,0.09431021129771576,0.04402723550970968,0.005005000420257064,4.5102810375396984e-17,0.15387391300693348
522.25,1164,-0.1822405378956539,-0.23530184298230267,0.04765524353957888,0.005406061547069848,4.5102810375396984e-17,0.16509632759916334
522.25,1165,0.20272679518465736,0.15204172025193,0.04550988316340325,0.005175191769324069,4.5102810375396984e-17,0.15094425462553726
522.25,1166,-0.22028369075676316,-0.27150512810118865,0.04599985486717793,0.005221582477247471,9.194034422677078e-17,0.16846929251799336
522.25,1167,0.22331708637823158,0.17078765888084746,0.0471679269258226,0.005361500571561671,-1.457167719820518e-16,0.14892279214259782
522.25,1168,-0.21375109359823705,-0.26319684595677817,0.04440664030889902,0.0050391120496421525,-5.117434254131581e-17,0.16895334931200773
522.25,1169,0.1990745880672251,0.1448862960308751,0.04865832327487845,0.005529968761471429,1.2663481374630692e-16,0.14999794721064585
550.0,610,0.03780808663896432,-0.01468704458237716,0.048044838113604826,0.004450293107736727,-7.979727989493313e-17,nan
550.0,611,0.09319008799476515,0.04738906055490551,0.041913667041772136,0.003887360398087477,2.992397996059992e-17,0.30819614916388477
550.0,612,-0.17784712397075042,-0.2272341459718825,0.04517526452744013,0.004211757473691772,1.6479873021779667e-16,0.3194376313461744
550.0,613,0.20384413520086947,0.15381020205927337,0.045796144108313425,0.004237789033282757,-8.326672684688674e-17,0.29716537198617
550.0,614,-0.12143010607698466,-0.16680302279291168,0.041524341439530765,0.0038485752763962894,-4.336808689942018e-17,0.3213302842223692
550.0,615,0.02865632247643833,-0.023822586750695873,0.048030442700256366,0.004448466526877876,-3.8163916471489756e-17,0.3049733610787216
550.0,616,0.10051814207319108,0.05461690628848493,0.04200522483753924,0.0038960109471669084,4.336808689942018e-18,0.3076327953266293
550.0,617,-0.18113190244278654,-0.23034906091918428,0.04501964929868155,0.004197509177716233,-4.163336342344337e-17,0.3198054498503069
550.0,618,0.2024995526577175,0.15230710377561107,0.04594088310368514,0.0042515657784213436,-6.591949208711867e-17,0.29710024834338566
550.0,619,-0.11492763889348526,-0.1602320821642444,0.04146185687887841,0.0038425863918808336,-1.0928757898653885e-16,0.321057399997634
550.0,620,0.0194560525541172,-0.03299855255068959,0.04800867930401424,0.004445925800792572,-2.5153490401663703e-17,0.30550750581027025
550.0,621,0.10770150146734705,0.06169495522001438,0.04210142863622283,0.0039051176111097505,9.93129189996722e-17,0.3070732680449257
550.0,622,-0.18402215461652688,-0.23306880309643196,0.0448634760496347,0.004183172430270282,1.0581813203458523e-16,0.320154693906093
550.0,623,0.20075093824754295,0.1504025382851934,0.04608322761599,0.004265172346359524,2.6020852139652106e-17,0.2970616997152403
550.0,624,-0.10823286976423324,-0.15347498807004323,0.04140500803065976,0.0038371102751501647,6.201636426617085e-17,0.32076388069995054
550.0,625,0.010227269967642104,-0.04219500042549793,0.04797959460476145,0.004442675788378582,2.6020852139652106e-18,0.3060497221500729
550.0,626,0.1147278158502488,0.06861098806522645,0.04220215905112529,0.003914668733897046,1.8214596497756474e-17,0.3065186793311614
550.0,627,-0.18651393245795347,-0.2353898026652301,0.044707091604060126,0.004168778603216438,6.418476861114186e-17,0.3204847758167817
550.0,628,0.19859933400121116,0.14809790390268454,0.04622284964168722,0.0042785804568394575,-6.071532165918825e-17,0.29704981323218743
550.0,629,-0.10135824540152759,-0.14654423597722535,0.04135384073997427,0.0038321498357236044,-1.1405806854547507e-16,0.3204502132872116
550.0,630,0.0009900277244294703,-0.05139194696209034,0.04794325171124361,0.004438722975276147,5.204170427930421e-17,0.30659890510783105
550.0,631,0.12158469537285543,0.07535275481168874,0.042307288806646574,0.003924651754520183,-6.158268339717665e-17,0.3059701398415149
550.0,632,-0.18860436233747332,-0.23730956117277258,0.04455083984404184,0.004154358991257443,-2.949029909160572e-17,0.3207951437468954
550.0,633,0.19604684630918864,0.145395659688794,0.04635942456853691,0.004291762051857768,-3.729655473350135e-17,0.2970646117343987
550.0,634,-0.09431620050222747,-0.13945230002574016,0.04130839239364539,0.0038277071298674194,-1.222980050563649e-16,0.320116921250563
550.0,635,-0.008235602120809146,-0.0605694079286211,0.04789973002532176,0.004434075782490111,8.239936510889834e-17,0.30715394457626916
550.0,636,0.1282597222857679,0.0819079868142886,0.04241668237491758,0.003935053096561698,2.688821387764051e-17,0.30542875670517566
550.0,637,-0.19029164089083644,-0.23882664593179442,0.04439506051335133,0.004139944527606772,-1.196959198423997e-16,0.3210852822689941
550.0,638,0.19309665376307797,0.14229933181581259,0.04649263241919467,0.004304689528070739,-2.6020852139652106e-17,0.2971060537346642
550.0,639,-0.0871191424745768,-0.1322116183209199,0.04126869237653726,0.0038237834698057922,4.5102810375396984e-17,0.31976456429293826
550.0,640,-0.01742956976188929,-0.06970743880665907,0.04784912509941568,0.004428743945354128,-3.5561831257524545e-17,0.3077137270569609
550.0,641,0.1347404672727503,0.08826441345111105,0.04253019561471317,0.0039458582069261715,-9.454242944073599e-17,0.30489563112648665
550.0,642,-0.19157502538759189,-0.2399406793960921,0.044240088053261586,0.004125565955238612,1.0408340855860843e-17,0.3213547124428694
550.0,643,0.18975300764835043,0.13881351293965938,0.046622159064156274,0.00431733564453486,-8.153200337090993e-17,0.2971740333921015
550.0,644,-0.07977944009365301,-0.12483458198590278,0.04123476251042951,0.003820379381820378,-1.231653667943533e-16,0.3193937377338095
550.0,645,-0.02657188886686013,-0.07878617641865727,0.0477915484724715,0.004422739079325571,7.45931094670027e-17,0.3082771382719215
550.0,646,0.1410145076362665,0.09440978071741897,0.04264767542782832,0.003957051491019288,-8.066464163292153e-17,0.3043718562033914
550.0,647,-0.1924548171235629,-0.2406523212934953,0.044086250488666164,0.004111253681266264,-2.42861286636753e-17,0.3216029924793317
550.0,648,0.18602122674245616,0.1349438554872432,0.04674769740938539,0.00432967384582765,-6.938893903907228e-17,0.2972683812087104
550.0,649,-0.07230941514063663,-0.1173335273266871,0.041206617464892084,0.003817494721158456,-6.852157730108388e-17,0.3190050721338338
550.0,650,-0.03564267919678624,-0.0877858804226943,0.04772712750065605,0.004416073725251999,1.9081958235744878e-17,0.3088430652031628
550.0,651,0.14706945201364013,0.10033187611710168,0.0427689594349452,0.003968616461593344,-8.586881206085195e-17,0.30385851433464856
550.0,652,-0.19293233930229162,-0.24096324559520793,0.04393386836891312,0.004097037924003256,-6.505213034913027e-17,0.3218297167226381
550.0,653,0.18190768652438133,0.13069705988406125,0.04686894854815757,0.004341678092162344,1.717376241217039e-16,0.29738886383804614
550.0,654,-0.0647213346078602,-0.10972072826406284,0.04118426516714902,0.003815128489053532,9.280770596475918e-17,0.3185992319586633
550.0,655,-0.04462220687393956,-0.09668697521763736,0.04765600515710813,0.0044087631865895646,1.0581813203458523e-16,0.3094103976939775
550.0,656,0.15289295938570008,0.10601854869121842,0.042893875664918785,0.003980535029562698,1.7520707107365752e-16,0.30335667479008976
550.0,657,-0.19300991031708348,-0.2408761113846183,0.04378325382570418,0.0040829472418307845,-1.2836953722228372e-16,0.3220345182891899
550.0,658,0.1774198051925937,0.1260808591717043,0.04698562288097992,0.004353323139909391,8.847089727481716e-17,0.297535187185731
550.0,659,-0.05702740679609561,-0.10200839336721707,0.04116770714108558,0.0038132794300359263,-4.85722573273506e-17,0.31817691635471146
550.0,660,-0.05349093343203273,-0.10547009694314073,0.04757833980545557,0.004400823705652465,-3.469446951953614e-17,0.3099780311967011
550.0,661,0.15847277719392597,0.11145774655481334,0.04302224230809445,0.003992788331018238,-6.245004513516506e-17,0.3028673917016325
550.0,662,-0.19269081068297678,-0.2403945306519988,0.04363470959951304,0.0040690103695091556,-1.5785983631388945e-16,0.3222170669073617
550.0,663,0.17256601629104018,0.12110399049465734,0.04709744112926951,0.004364584667113191,1.4311468676808659e-16,0.29770699547770463
550.0,664,-0.049239781487418935,-0.09420866597672442,0.0411569388553699,0.0038119456339356025,-1.3877787807814457e-17,0.31773885681755387
550.0,665,-0.06222955618499222,-0.11411613461738168,0.04749430496189058,0.004392273470498945,-6.678685382510707e-17,0.3105448686704313
550.0,666,0.16379676921928873,0.11663754556436855,0.04315386749053656,0.004005356164383604,2.2551405187698492e-17,0.3023917009370639
550.0,667,-0.19197924469754804,-0.2395230279127852,0.043488528255465696,0.00405525495977151,-3.8163916471489756e-17,0.32237707004618366
550.0,668,0.1673557449383079,0.11577617041472178,0.04720413532175609,0.004375439201829955,7.892991815694472e-17,0.2979038738771948
550.0,669,-0.04137054879769747,-0.08633362339690816,0.0411519500051563,0.0038111245940543824,5.637851296924623e-18,0.317285817180672
