Q,lag_rotations,continuity_signed,continuity_line_absolute,continuity_line_std
522.25,0.0,1.0,1.0,0.0
522.25,0.005555555555555556,0.9968886769985621,0.9968886769985621,0.0009829123575284158
522.25,0.011111111111111112,0.9875775165429744,0.9875775165429744,0.00390542106183459
522.25,0.016666666666666666,0.9721351730574935,0.9721351730574935,0.008689817959535388
522.25,0.022222222222222223,0.9506751997229429,0.9506751997229429,0.015209549941753886
522.25,0.027777777777777776,0.9233541766969693,0.9233541766969693,0.023293373167499475
522.25,0.03333333333333333,0.8903692126234528,0.8903692126234528,0.032730848233264276
522.25,0.03888888888888889,0.851954935714148,0.851954935714148,0.04327889728967682
522.25,0.044444444444444446,0.8083801160943174,0.8083801160943174,0.054669117176459406
522.25,0.05,0.7599440478083705,0.7599440478083705,0.06661551738961483
522.25,0.05555555555555555,0.7069728103403239,0.7069728103403239,0.07882237000406596
522.25,0.06111111111111111,0.6498155856262369,0.6498155856262369,0.09099194162935738
522.25,0.06666666666666667,0.5888411219193258,0.5888411219193258,0.10283184728023735
522.25,0.07222222222222222,0.5244343853226363,0.5244343853226363,0.11406179382995768
522.25,0.07777777777777778,0.4569935135394905,0.4569935135394905,0.1244196589610399
522.25,0.08333333333333333,0.3869271141480276,0.3869271141480276,0.13366683979155378
522.25,0.08888888888888889,0.3146518999005135,0.3146518999005135,0.14159282937779463
522.25,0.09444444444444444,0.24059066628310263,0.24059066628310263,0.14801903467640704
522.25,0.1,0.16517057773613275,0.18173546220794293,0.13267034055508878
522.25,0.10555555555555556,0.08882176746629461,0.15264689712389512,0.09418806489221633
522.25,0.1111111111111111,0.011976171942816779,0.14190050770384244,0.0683452915793376
522.25,0.11666666666666667,-0.06493347450827154,0.1475898791426912,0.08307040691529127
522.25,0.12222222222222222,-0.1414745348381844,0.1705879954781729,0.12091366210346911
522.25,0.12777777777777777,-0.21721531581513423,0.21726472623198734,0.14966384663202195
522.25,0.13333333333333333,-0.29172598388943205,0.29172598388943205,0.14382085669789116
522.25,0.1388888888888889,-0.3645796078166828,0.3645796078166828,0.1363557257512268
522.25,0.14444444444444443,-0.43535341107912356,0.43535341107912356,0.12750784196438777
522.25,0.15,-0.5036302658982158,0.5036302658982158,0.1174779854579894
522.25,0.15555555555555556,-0.5690004789304332,0.5690004789304332,0.10649642658059254
522.25,0.16111111111111112,-0.6310639689825471,0.6310639689825471,0.09481859402308794
522.25,0.16666666666666666,-0.6894327976097305,0.6894327976097305,0.08271993410027267
522.25,0.17222222222222222,-0.743734013093991,0.743734013093991,0.07048998420488176
522.25,0.17777777777777778,-0.7936128429814818,0.7936128429814818,0.05842578420153727
522.25,0.18333333333333332,-0.8387361605543974,0.8387361605543974,0.04682470493079505
522.25,0.18888888888888888,-0.8787961271247907,0.8787961271247907,0.035976830579377436
522.25,0.19444444444444445,-0.9135139170010145,0.9135139170010145,0.026157116155960995
522.25,0.2,-0.9426433980475377,0.9426433980475377,0.017617573649400906
522.25,0.20555555555555555,-0.9659746383767863,0.9659746383767863,0.01057977851483671
522.25,0.2111111111111111,-0.9833370966648398,0.9833370966648398,0.005228013975526057
522.25,0.21666666666666667,-0.9946023435368015,0.9946023435368015,0.0017034144264142634
522.25,0.2222222222222222,-0.9996861922651146,0.9996861922651146,9.938585178299888e-05
522.25,0.22777777777777777,-0.9985501419326434,0.9985501419326434,0.0004585235223433606
522.25,0.23333333333333334,-0.9912020571756212,0.9912020571756212,0.0027711934424041415
522.25,0.2388888888888889,-0.9776960518282083,0.9776960518282083,0.006975858143454259
522.25,0.24444444444444444,-0.958131585721186,0.958131585721186,0.012961129989988933
522.25,0.25,-0.9326518198460876,0.9326518198460876,0.020569441040075687
522.25,0.25555555555555554,-0.9014413017887762,0.9014413017887762,0.029602118963963076
522.25,0.2611111111111111,-0.864723105464345,0.864723105464345,0.03982564586626958
522.25,0.26666666666666666,-0.8227555542362135,0.8227555542362135,0.0509788088742823
522.25,0.2722222222222222,-0.7758286514123007,0.7758286514123007,0.06278034663501228
522.25,0.2777777777777778,-0.7242603730545767,0.7242603730545767,0.07493679694506754
522.25,0.2833333333333333,-0.6683929606394928,0.6683929606394928,0.08715027871912451
522.25,0.28888888888888886,-0.6085893156960792,0.6085893156960792,0.09912595344539837
522.25,0.29444444444444445,-0.5452296029225208,0.5452296029225208,0.11057898148107441
522.25,0.3,-0.47870810492119875,0.47870810492119875,0.1212408295962881
522.25,0.3055555555555556,-0.40943037939162485,0.40943037939162485,0.13086486739573558
522.25,0.3111111111111111,-0.33781079939210684,0.33781079939210684,0.13923121746139272
522.25,0.31666666666666665,-0.26427043892555774,0.26427043892555774,0.14615081421372292
522.25,0.32222222222222224,-0.18923524553801854,0.1958639395208921,0.1427929362556175
522.25,0.3277777777777778,-0.11313454786030831,0.15969697086767679,0.106493041718167
522.25,0.3333333333333333,-0.036399824637326744,0.1435033096975626,0.07305161106685754
522.25,0.3388888888888889,0.0405363401957291,0.14400304473660036,0.07415003317007489
522.25,0.34444444444444444,0.11724118715556961,0.16123408842197076,0.10842310769536782
522.25,0.35,0.19328264619004848,0.1986846650992239,0.14409746634332432
522.25,0.35555555555555557,0.26823018893596307,0.26823018893596307,0.1458737732132571
522.25,0.3611111111111111,0.3416558393696258,0.3416558393696258,0.1388843114402356
522.25,0.36666666666666664,0.41313536561263003,0.41313536561263003,0.1304551422750541
522.25,0.37222222222222223,0.4822496640251046,0.4822496640251046,0.12077690490332185
522.25,0.37777777777777777,0.5485864615367697,0.5485864615367697,0.1100709414427944
522.25,0.38333333333333336,0.6117423738870369,0.6117423738870369,0.09858519480784897
522.25,0.3888888888888889,0.6713253078711975,0.6713253078711975,0.08658932460378498
522.25,0.39444444444444443,0.7269572244186072,0.7269572244186072,0.07436906394640085
522.25,0.4,0.7782772242526547,0.7782772242526547,0.06221984073254359
522.25,0.40555555555555556,0.8249449182653625,0.8249449182653625,0.05043975748401906
522.25,0.4111111111111111,0.8666440345199532,0.8666440345199532,0.039322082504705216
522.25,0.4166666666666667,0.9030861353159109,0.9030861353159109,0.029147433802436628
522.25,0.4222222222222222,0.9340143185499715,0.9340143185499715,0.020175913273846866
522.25,0.42777777777777776,0.9592067978543701,0.9592067978543701,0.012639496107016005
522.25,0.43333333333333335,0.9784802063121172,0.9784802063121172,0.006734971575726264
522.25,0.4388888888888889,0.9916924784060103,0.9916924784060103,0.002617748893829952
522.25,0.4444444444444444,0.9987451824263198,0.9987451824263198,0.00039683258928234407
522.25,0.45,0.9995851936569081,0.9995851936569081,0.00013122694313050004
522.25,0.45555555555555555,0.9942056267391921,0.9942056267391921,0.0018279479712386443
522.25,0.46111111111111114,0.9826459760074686,0.9826459760074686,0.0054417676572098474
522.25,0.4666666666666667,0.9649914552948752,0.9649914552948752,0.010876756556801577
522.25,0.4722222222222222,0.941371574887275,0.941371574887275,0.017989486349640312
522.25,0.4777777777777778,0.911958027908347,0.911958027908347,0.02659370306375767
522.25,0.48333333333333334,0.8769619909461359,0.8769619909461359,0.0364662456660663
522.25,0.4888888888888889,0.8366309617935433,0.8366309617935433,0.04735391494441557
522.25,0.49444444444444446,0.7912452801050767,0.7912452801050767,0.05898098066891758
522.25,0.5,0.7411144578181432,0.7411144578181432,0.0710569975242826
522.25,0.5055555555555555,0.6865734358529145,0.6865734358529145,0.08328462877677391
522.25,0.5111111111111111,0.6279789405318909,0.6279789405318909,0.09536726269305196
522.25,0.5166666666666667,0.5657060211929793,0.5657060211929793,0.10701617805842363
522.25,0.5222222222222223,0.5001447989397136,0.5001447989397136,0.11795704970876082
522.25,0.5277777777777778,0.43169753647528003,0.43169753647528003,0.1279357620757392
522.25,0.5333333333333333,0.3607760617439636,0.3607760617439636,0.13672347896053258
522.25,0.5388888888888889,0.2877995294819669,0.2877995294819669,0.14412094064196207
522.25,0.5444444444444444,0.21319251843945783,0.2136299200988195,0.14933818785940506
522.25,0.55,0.13738342756117963,0.16869531240537758,0.1190256276201399
522.25,0.5555555555555556,0.060803172402568904,0.14676863842516738,0.08151183739822776
522.25,0.5611111111111111,-0.01611591049747142,0.14208247909865498,0.06878267633978949
522.25,0.5666666666666667,-0.09294102413264779,0.15384371938160812,0.09603749187027447
522.25,0.5722222222222222,-0.16923978310321866,0.1840794100918317,0.13435325052150743
522.25,0.5777777777777777,-0.24458106891932452,0.24458106891932452,0.14776556112848913
522.25,0.5833333333333334,-0.3185359847321072,0.3185359847321072,0.14126766464467927
522.25,0.5888888888888889,-0.39067896241852434,0.39067896241852434,0.13327650845201713
522.25,0.5944444444444444,-0.46058910295130895,0.46058910295130895,0.12397222307478313
522.25,0.6,-0.5278517782001515,0.5278517782001515,0.11356681626051969
522.25,0.6055555555555555,-0.5920605402756344,0.5920605402756344,0.10230028497787372
522.25,0.6111111111111112,-0.6528194291382585,0.6528194291382585,0.09043599862671439
522.25,0.6166666666666667,-0.7097456329576864,0.7097456329576864,0.07825527712847445
522.25,0.6222222222222222,-0.7624724553348786,0.7624724553348786,0.06605120100961996
522.25,0.6277777777777778,-0.8106526132133749,0.8106526132133749,0.05412179156596931
522.25,0.6333333333333333,-0.8539617814010894,0.8539617814010894,0.04276265850541327
522.25,0.6388888888888888,-0.8921022780388824,0.8921022780388824,0.03225927277038477
522.25,0.6444444444444445,-0.9248067895761147,0.9248067895761147,0.022879103907260737
522.25,0.65,-0.9518420030414494,0.9518420030414494,0.014863891769177795
522.25,0.6555555555555556,-0.9730120126577257,0.9730120126577257,0.008422353118369825
522.25,0.6611111111111111,-0.9881613571532396,0.9881613571532396,0.0037236433327045657
522.25,0.6666666666666666,-0.9971775399980655,0.9971775399980655,0.0008919308658627611
522.25,0.6722222222222223,-0.9999929187711737,0.9999929187711737,2.340791617386737e-06
522.25,0.6777777777777778,-0.996585876411311,0.996585876411311,0.001078479433801231
522.25,0.6833333333333333,-0.9869812122229334,0.9869812122229334,0.004091624199312804
522.25,0.6888888888888889,-0.971249734606035,0.971249734606035,0.008961713360035579
522.25,0.6944444444444444,-0.9495070797392829,0.9495070797392829,0.015559995283006252
522.25,0.7,-0.9219118144551138,0.9219118144551138,0.02371324674052434
522.25,0.7055555555555556,-0.88866290554666,0.88866290554666,0.0332093056270056
522.25,0.7111111111111111,-0.8499966905913926,0.8499966905913926,0.04380368070698498
522.25,0.7166666666666667,-0.8061834834395567,0.8061834834395567,0.05522693372129122
522.25,0.7222222222222222,-0.7575239367213208,0.7575239367213208,0.06719243752573177
522.25,0.7277777777777777,-0.7043453163277421,0.7043453163277421,0.07940422768105437
522.25,0.7333333333333333,-0.6469978205057276,0.6469978205057276,0.09156469436343126
522.25,0.7388888888888889,-0.5858510373252984,0.5858510373252984,0.10338187720993673
522.25,0.7444444444444445,-0.5212906388486792,0.5212906388486792,0.11457619867107784
522.25,0.75,-0.4537153459259491,0.4537153459259491,0.12488651359700184
522.25,0.7555555555555555,-0.38353420959279005,0.38353420959279005,0.13407543110722733
522.25,0.7611111111111111,-0.31116427833624904,0.31116427833624904,0.1419338831332468
522.25,0.7666666666666667,-0.23702860575450246,0.23702860575450246,0.14828490585745688
522.25,0.7722222222222223,-0.16155453747181386,0.17985502323779348,0.13098233880624457
522.25,0.7777777777777778,-0.08517231898976907,0.15174735094325514,0.09241888618745436
522.25,0.7833333333333333,-0.008313943278889697,0.14180267747079606,0.06803224236320639
522.25,0.7888888888888889,0.06858783892658817,0.14827424519691035,0.08463232038025299
522.25,0.7944444444444444,0.14510042060265943,0.17217311938961896,0.122744900377714
522.25,0.8,0.22079220193385574,0.22079220193385574,0.14949192967890537
522.25,0.8055555555555556,0.29523347068919437,0.29523347068919437,0.1435001622035597
522.25,0.8111111111111111,0.36799747021113344,0.36799747021113344,0.13596512214760048
522.25,0.8166666666666667,0.43866167231600806,0.43866167231600806,0.12705616663649444
522.25,0.8222222222222222,0.5068092627439557,0.5068092627439557,0.11697558020119221
522.25,0.8277777777777777,0.5720309630986355,0.5720309630986355,0.10595493697249976
522.25,0.8333333333333334,0.6339272178105527,0.6339272178105527,0.09425071710974986
522.25,0.8388888888888889,0.6921107275407972,0.6921107275407972,0.08213914032433313
522.25,0.8444444444444444,0.7462093376035015,0.7462093376035015,0.06991025116364158
522.25,0.85,0.7958692353782616,0.7958692353782616,0.05786129619030858
522.25,0.8555555555555555,0.8407584097614799,0.8407584097614799,0.046289504702082526
522.25,0.8611111111111112,0.8805703130231515,0.8805703130231515,0.03548444302756896
522.25,0.8666666666666667,0.9150275919254123,0.9150275919254123,0.025720148726314392
522.25,0.8722222222222222,0.9438857572484478,0.9438857572484478,0.01724731799500039
522.25,0.8777777777777778,0.9669366797900588,0.9669366797900588,0.010285859109309944
522.25,0.8833333333333333,0.984011757339598,0.984011757339598,0.005018114181849359
522.25,0.8888888888888888,0.9949846105326551,0.9949846105326551,0.001583059945386637
522.25,0.8944444444444445,0.9997731857649164,0.9997731857649164,7.177882865755448e-05
522.25,0.9,0.9983411652465166,0.9983411652465166,0.0005244383879984566
522.25,0.9055555555555556,0.9906986142790307,0.9906986142790307,0.002928928305782709
522.25,0.9111111111111111,0.9769018294288797,0.9769018294288797,0.007221247732167656
522.25,0.9166666666666666,0.957052394513869,0.957052394513869,0.013287671770143505
522.25,0.9222222222222223,0.9312954952749629,0.9312954952749629,0.020968522300959358
522.25,0.9277777777777778,0.8998175776470098,0.8998175776470098,0.03006332744605741
522.25,0.9333333333333333,0.8628434642827746,0.8628434642827746,0.04033712412432483
522.25,0.9388888888888889,0.8206330574125166,0.8206330574125166,0.05152759582552885
522.25,0.9444444444444444,0.7734777766172322,0.7734777766172322,0.06335273080730904
522.25,0.95,0.7216968555243388,0.7216968555243388,0.0755186759230389
522.25,0.9555555555555556,0.6656336097989456,0.6656336097989456,0.08772749939447318
522.25,0.9611111111111111,0.6056518464473596,0.6056518464473596,0.09968466362536116
522.25,0.9666666666666667,0.5421324854946146,0.5421324854946146,0.11110598180902606
522.25,0.9722222222222222,0.47547041318970185,0.47547041318970185,0.12172387267997263
522.25,0.9777777777777777,0.4060716721926258,0.4060716721926258,0.13129290224460274
522.25,0.9833333333333333,0.3343510118978257,0.3343510118978257,0.13959457329259733
522.25,0.9888888888888889,0.26072977503191225,0.26072977503191225,0.1464413452740827
522.25,0.9944444444444445,0.1856341110737023,0.1935516673022826,0.14143651903676263
522.25,1.0,0.1094934771400278,0.15851912897712425,0.10461540112336287
522.25,1.0055555555555555,0.03273942374793086,0.14315779799422268,0.0720772074113861
522.25,1.011111111111111,-0.04419543969514263,0.14443424296363383,0.07529282643481754
522.25,1.0166666666666666,-0.12087837010600914,0.16250736249815442,0.1103082151322601
522.25,1.0222222222222221,-0.19687735002162454,0.2011584572080672,0.14529831021685477
522.25,1.0277777777777777,-0.2717619623230081,0.2717619623230081,0.14557687908348738
522.25,1.0333333333333334,-0.34510439388193986,0.34510439388193986,0.1385151431924281
522.25,1.038888888888889,-0.41648061624909066,0.41648061624909066,0.1300219901631676
522.25,1.0444444444444445,-0.48547182170372943,0.48547182170372943,0.12028958717906271
522.25,1.05,-0.5516661388462721,0.5516661388462721,0.10954065399689585
522.25,1.0555555555555556,-0.6146606693124181,0.6146606693124181,0.09802429544241052
522.25,1.0611111111111111,-0.6740639262536617,0.6740639262536617,0.08601109938936968
522.25,1.0666666666666667,-0.7294986225021939,0.7294986225021939,0.0737874378102342
522.25,1.0722222222222222,-0.7806047558878574,0.7806047558878574,0.06164902345443582
522.25,1.0777777777777777,-0.8270430038854557,0.8270430038854557,0.04989387520692165
522.25,1.0833333333333333,-0.8684983342802203,0.8684983342802203,0.03881480852850739
522.25,1.0888888888888888,-0.9046837189368433,0.9046837189368433,0.028691629504311502
522.25,1.0944444444444446,-0.9353438415392538,0.9353438415392538,0.019783289025992815
522.25,1.1,-0.9602586628038347,0.9602586628038347,0.012320281276980271
522.25,1.1055555555555556,-0.9792467078217766,0.9792467078217766,0.006497593489307997
522.25,1.1111111111111112,-0.9921679321571075,0.9921679321571075,0.0024685269602599666
522.25,1.1166666666666667,-0.9989260250367061,0.9989260250367061,0.0003397396048754159
522.25,1.1222222222222222,-0.9994700449713072,0.9994700449713072,0.0001677466399619561
522.25,1.1277777777777778,-0.9937953112833655,0.9937953112833655,0.0019570447086183587
522.25,1.1333333333333333,-0.9819435038219161,0.9819435038219161,0.005659967305629392
522.25,1.1388888888888888,-0.9640019676410108,0.9640019676410108,0.01117828015585283
522.25,1.1444444444444444,-0.9401022616329969,0.9401022616329969,0.018366432646720835
522.25,1.15,-0.910418021603379,0.910418021603379,0.027036289514475936
522.25,1.1555555555555554,-0.8751622293078517,0.8751622293078517,0.036963082687218624
522.25,1.1611111111111112,-0.8345840324964993,0.8345840324964993,0.04789232971821156
522.25,1.1666666666666667,-0.7889652516709632,0.7889652516709632,0.05954740396400156
522.25,1.1722222222222223,-0.738616692863235,0.738616692863235,0.07163736304265873
522.25,1.1777777777777778,-0.6838744205314141,0.6838744205314141,0.08386476782424454
522.25,1.1833333333333333,-0.6250961174301262,0.6250961174301262,0.0959332541145829
522.25,1.1888888888888889,-0.5626576162891112,0.5626576162891112,0.1075546380772088
522.25,1.1944444444444444,-0.49694969315728876,0.49694969315728876,0.11845541131860923
522.25,1.2,-0.42837514739775057,0.42837514739775057,0.1283825242226836
522.25,1.2055555555555555,-0.3573462098502262,0.3573462098502262,0.137108430294801
522.25,1.211111111111111,-0.284282336511833,0.284282336511833,0.14443537417966865
522.25,1.2166666666666666,-0.2096083352798711,0.21063430011592912,0.14875656109459137
522.25,1.2222222222222223,-0.13375276265370095,0.167213681389378,0.11716594016940185
522.25,1.2277777777777779,-0.05714662527203462,0.1461710576367365,0.08005733452243964
522.25,1.2333333333333334,0.019777702259655715,0.14226676922029713,0.06931014444038854
522.25,1.238888888888889,0.09658742126791327,0.15483337595213018,0.09785474187940997
522.25,1.2444444444444445,0.17285019241247965,0.18608202125850573,0.1359637047491644
522.25,1.25,0.24813500823918222,0.24813500823918222,0.1474931020151966
522.25,1.2555555555555555,0.32201311217032497,0.32201311217032497,0.14092055289326655
522.25,1.261111111111111,0.39405913316746677,0.39405913316746677,0.13286252062244716
522.25,1.2666666666666666,0.4638524478657598,0.4638524478657598,0.12350076298109969
522.25,1.2722222222222221,0.5309787742072768,0.5309787742072768,0.1130487263539244
522.25,1.2777777777777777,0.5950321174088656,0.5950321174088656,0.10174763097838845
522.25,1.2833333333333334,0.6556170874668867,0.6556170874668867,0.08986180467034426
522.25,1.288888888888889,0.7123515627481551,0.7123515627481551,0.07767323658952079
522.25,1.2944444444444445,0.7648696996241616,0.7648696996241616,0.06547539882911434
522.25,1.3,0.8128252341511975,0.8128252341511975,0.05356639374360877
522.25,1.3055555555555556,0.8558950197095387,0.8558950197095387,0.0422415568308653
522.25,1.3111111111111111,0.8937827297382319,0.8937827297382319,0.03178570281385823
522.25,1.3166666666666667,0.9262225863222299,0.9262225863222299,0.022465245395729094
522.25,1.3222222222222222,0.9529829794310583,0.9529829794310583,0.014520478035217452
522.25,1.3277777777777777,0.9738698596031268,0.9738698596031268,0.008158334190003292
522.25,1.3333333333333333,0.9887297495467456,0.9887297495467456,0.0035459325073037254
522.25,1.3388888888888888,0.9974522371129353,0.9974522371129353,0.0008052113361272584
522.25,1.3444444444444446,0.9999718351119431,0.9999718351119431,8.927323954931099e-06
522.25,1.35,0.9962691188768129,0.9962691188768129,0.0011782320299288539
522.25,1.3555555555555556,0.9863710840834521,0.9863710840834521,0.0042819435567813015
522.25,1.3611111111111112,0.9703507039248245,0.9703507039248245,0.009237574574145467
522.25,1.3666666666666667,0.9483257078017278,0.9483257078017278,0.01591410670111355
522.25,1.3722222222222222,0.9204566448655923,0.9204566448655923,0.024136302585288188
522.25,1.3777777777777778,0.8869443291429545,0.8869443291429545,0.033690316002466754
522.25,1.3833333333333333,0.8480267895158854,0.8480267895158854,0.04433033728653573
522.25,1.3888888888888888,0.8039758564423023,0.8039758564423023,0.0557859567207461
522.25,1.3944444444444444,0.755093535454427,0.755093535454427,0.06776993152138178
522.25,1.4,0.7017082873928632,0.7017082873928632,0.07998603919158986
522.25,1.4055555555555554,0.6441713229348343,0.6441713229348343,0.09213674713110481
522.25,1.4111111111111112,0.5828530771748632,0.5828530771748632,0.10393051647785753
522.25,1.4166666666666667,0.5181399245131448,0.5181399245131448,0.11508853199867937
522.25,1.4222222222222223,0.4504311424339531,0.4504311424339531,0.12535069574412872
522.25,1.4277777777777778,0.38013622526226176,0.38013622526226176,0.13448089261527665
522.25,1.4333333333333333,0.30767256151982353,0.30767256151982353,0.1422714996814692
522.25,1.4388888888888889,0.2334634435183195,0.2334634435183195,0.14854713185921622
522.25,1.4444444444444444,0.15793639278088575,0.17803161624887082,0.12926074030014742
522.25,1.45,0.08152175971227736,0.15088870564927967,0.09067741341628453
522.25,1.4555555555555555,0.0046515908419637085,0.14174059425348912,0.06783131919138513
522.25,1.461111111111111,-0.07224135373400262,0.14899839856974084,0.08623855772859663
522.25,1.4666666666666666,-0.14872450011640567,0.1738083855892478,0.1245577153240115
522.25,1.4722222222222223,-0.2243663175648648,0.2243663175648648,0.14924448119001793
522.25,1.4777777777777779,-0.29873722321816,0.29873722321816,0.14317601165537483
522.25,1.4833333333333334,-0.37141064441892946,0.37141064441892946,0.13557154104699728
522.25,1.488888888888889,-0.44196428169714086,0.44196428169714086,0.12660202661626546
522.25,1.4944444444444445,-0.5099816476202684,0.5099816476202684,0.11647122065825818
522.25,1.5,-0.5750539014029719,0.5750539014029719,0.10541200184334162
550.0,0.0,1.0,1.0,0.0
550.0,0.005555555555555556,0.9969900875841419,0.9969900875841419,0.0008884197235733952
550.0,0.011111111111111112,0.9879816396712633,0.9879816396712633,0.0035310809664774586
550.0,0.016666666666666666,0.9730381602146506,0.9730381602146506,0.00786069592329858
550.0,0.022222222222222223,0.9522643813772992,0.9522643813772992,0.013767320993360145
550.0,0.027777777777777776,0.9258046884286782,0.9258046884286782,0.021101743576854366
550.0,0.03333333333333333,0.8938410201587904,0.8938410201587904,0.029679993527573226
550.0,0.03888888888888889,0.8565903294806106,0.8565903294806106,0.039288776224929815
550.0,0.044444444444444446,0.8143017098451854,0.8143017098451854,0.049691586828420335
550.0,0.05,0.7672533056366595,0.7672533056366595,0.060635258312119925
550.0,0.05555555555555555,0.7157491162569909,0.7157491162569909,0.07185669546889076
550.0,0.06111111111111111,0.660115790139337,0.660115790139337,0.08308957009530218
550.0,0.06666666666666667,0.6006994953696903,0.6006994953696903,0.09407079526259787
550.0,0.07222222222222222,0.5378629848665287,0.5378629848665287,0.10454653461098568
550.0,0.07777777777777778,0.47198288254741816,0.47198288254741816,0.11427768170481499
550.0,0.08333333333333333,0.4034472031689657,0.4034472031689657,0.123044771550406
550.0,0.08888888888888889,0.33265314667006807,0.33265314667006807,0.13065224461551253
550.0,0.09444444444444444,0.260005166306627,0.260005166306627,0.13693206724397325
550.0,0.1,0.18591328184390674,0.1894233389500968,0.1370202583194274
550.0,0.10555555555555556,0.11079159023854764,0.15109674883444443,0.10230383936306645
550.0,0.1111111111111111,0.03505698556563942,0.13419525362893597,0.06862543175299225
550.0,0.11666666666666667,-0.04087201246254116,0.13483909999620716,0.07040772806195002
550.0,0.12222222222222222,-0.1165763132255094,0.15314620594244807,0.10534433607731383
550.0,0.12777777777777777,-0.19163731629714909,0.19362695938089877,0.13866733094149236
550.0,0.13333333333333333,-0.26563801818097427,0.26563801818097427,0.13646429609792746
550.0,0.1388888888888889,-0.33816420158115845,0.33816420158115845,0.1300698454219924
550.0,0.14444444444444443,-0.40880575828223237,0.40880575828223237,0.12236145518375899
550.0,0.15,-0.4771582238045503,0.4771582238045503,0.11350960277882653
550.0,0.15555555555555556,-0.5428245483221322,0.5428245483221322,0.10371190240623376
550.0,0.16111111111111112,-0.6054170728450039,0.6054170728450039,0.0931894580367048
550.0,0.16666666666666666,-0.6645597867362408,0.6645597867362408,0.08218252280654986
550.0,0.17222222222222222,-0.7198908478320662,0.7198908478320662,0.07094554743503528
550.0,0.17777777777777778,-0.7710653444516993,0.7710653444516993,0.059741661194052866
550.0,0.18333333333333332,-0.8177582545966056,0.8177582545966056,0.048836651183582026
550.0,0.18888888888888888,-0.8596675523388393,0.8596675523388393,0.03849255835499373
550.0,0.19444444444444445,-0.8965173924665176,0.8965173924665176,0.028961040832493495
550.0,0.2,-0.9280612729035083,0.9280612729035083,0.02047670325979178
550.0,0.20555555555555555,-0.9540850700213288,0.9540850700213288,0.013250602062030218
550.0,0.2111111111111111,-0.9744098777489589,0.9744098777489589,0.0074641555189964605
550.0,0.21666666666666667,-0.9888944992115533,0.9888944992115533,0.0032637676966522943
550.0,0.2222222222222222,-0.9974375119588248,0.9974375119588248,0.0007563884272699581
550.0,0.22777777777777777,-0.9999787933776164,0.9999787933776164,6.25663188441316e-06
550.0,0.23333333333333334,-0.9965004455496089,0.9965004455496089,0.0010325857895788128
550.0,0.2388888888888889,-0.9870270806188299,0.9870270806188299,0.003809521764143744
550.0,0.24444444444444444,-0.9716254463604608,0.9716254463604608,0.008266347533710805
550.0,0.25,-0.9504034105686223,0.9504034105686223,0.014289957352586646
550.0,0.25555555555555554,-0.9235083568299942,0.9235083568299942,0.021728259145483167
550.0,0.2611111111111111,-0.8911250462923478,0.8911250462923478,0.030394762048716988
550.0,0.26666666666666666,-0.8534730457493642,0.8534730457493642,0.04007409985714589
550.0,0.2722222222222222,-0.810803819614229,0.810803819614229,0.05052822181590645
550.0,0.2777777777777778,-0.7633976278779967,0.7633976278779967,0.061502963542239844
550.0,0.2833333333333333,-0.7115603269899436,0.7115603269899436,0.07273477471726048
550.0,0.28888888888888886,-0.6556201746203651,0.6556201746203651,0.08395738210672286
550.0,0.29444444444444445,-0.5959247316315777,0.5959247316315777,0.09490819440066317
550.0,0.3,-0.5328379341496713,0.5328379341496713,0.10533429584504644
550.0,0.3055555555555556,-0.46673737857681785,0.46673737857681785,0.11499791085324966
550.0,0.3111111111111111,-0.3980118669995813,0.3980118669995813,0.12368128249971344
550.0,0.31666666666666665,-0.3270592017536008,0.3270592017536008,0.13119092023680332
550.0,0.32222222222222224,-0.2542842985373278,0.2542842985373278,0.1373611031377689
550.0,0.3277777777777778,-0.18009752401063578,0.18539153843449052,0.1350742123549902
550.0,0.3333333333333333,-0.10491323010259318,0.14910163736519835,0.09924951664189922
550.0,0.3388888888888889,-0.02914847613462948,0.13362897075263816,0.06706572339057838
550.0,0.34444444444444444,0.04677810997304764,0.13560759439103337,0.0724213708626423
550.0,0.35,0.122447410817316,0.15538561366241896,0.10839993435191242
550.0,0.35555555555555557,0.19744091147640552,0.19823302655156128,0.13995933027965157
550.0,0.3611111111111111,0.2713417828219371,0.2713417828219371,0.13601686343779337
550.0,0.36666666666666664,0.3437360854597326,0.3437360854597326,0.12951462919683782
550.0,0.37222222222222223,0.4142141033431376,0.4142141033431376,0.12171069848607259
550.0,0.37777777777777777,0.48237188640242606,0.48237188640242606,0.11277776601993857
550.0,0.38333333333333336,0.5478130222123277,0.5478130222123277,0.10291541375473143
550.0,0.3888888888888889,0.6101506549351893,0.6101506549351893,0.09234638446950674
550.0,0.39444444444444443,0.6690097655687445,0.6690097655687445,0.08131221460300893
550.0,0.4,0.7240297227540863,0.7240297227540863,0.07006823434890465
550.0,0.40555555555555556,0.7748670530468401,0.7748670530468401,0.058878014209951215
550.0,0.4111111111111111,0.8211984061702999,0.8211984061702999,0.048007305416063295
550.0,0.4166666666666667,0.862723665210827,0.862723665210827,0.03771758947857098
550.0,0.4222222222222222,0.8991691386117883,0.8991691386117883,0.028259431193678745
550.0,0.42777777777777776,0.9302907236216172,0.9302907236216172,0.019865810662546373
550.0,0.43333333333333335,0.9558769396362752,0.9558769396362752,0.012745660234585093
550.0,0.4388888888888889,0.9757517325675792,0.9757517325675792,0.00707785412322727
550.0,0.4444444444444444,0.9897769390897108,0.9897769390897108,0.0030058984401712206
550.0,0.45,0.9978542992244883,0.9978542992244883,0.0006335578025135454
550.0,0.45555555555555555,0.9999269393920472,0.9999269393920472,2.1610131966829935e-05
550.0,0.46111111111111114,0.9959802633403972,0.9959802633403972,0.0011859028882030705
550.0,0.4666666666666667,0.9860421892767998,0.9860421892767998,0.004096848261732254
550.0,0.4722222222222222,0.9701827236172289,0.9701827236172289,0.008680350126199518
550.0,0.4777777777777778,0.948512890201513,0.948512890201513,0.014820105662629502
550.0,0.48333333333333334,0.9211830730597517,0.9211830730597517,0.022361173243713096
550.0,0.4888888888888889,0.888380841391251,0.888380841391251,0.031114640268771837
550.0,0.49444444444444446,0.8503283493787804,0.8503283493787804,0.040863176023165526
550.0,0.5,0.8072794240055662,0.8072794240055662,0.05136723226080832
550.0,0.5055555555555555,0.7595164533507128,0.7595164533507128,0.06237163948386344
550.0,0.5111111111111111,0.7073471752362827,0.7073471752362827,0.07361235652055641
550.0,0.5166666666666667,0.651101468326832,0.651101468326832,0.0848231649323995
550.0,0.5222222222222223,0.5911282684288099,0.5911282684288099,0.09574204195228102
550.0,0.5277777777777778,0.5277926667836682,0.5277926667836682,0.10611708832632244
550.0,0.5333333333333333,0.46147321646885714,0.46147321646885714,0.1157119456230944
550.0,0.5388888888888889,0.3925594995852857,0.3925594995852857,0.1243106021024572
550.0,0.5444444444444444,0.32144996975284845,0.32144996975284845,0.13172156456700437
550.0,0.55,0.248550056410138,0.248550056410138,0.1377813733491112
550.0,0.5555555555555556,0.17427049480091947,0.1815829178967082,0.13290316131790356
550.0,0.5611111111111111,0.09902589549060542,0.1472260835117053,0.09620928775321462
550.0,0.5666666666666667,0.023233463737027595,0.13316774947961513,0.0657578018305457
550.0,0.5722222222222222,-0.05268811451708619,0.1364830796122802,0.07462755244128028
550.0,0.5777777777777777,-0.12831974649585717,0.15776038655154795,0.11143330549220158
550.0,0.5833333333333334,-0.20324300566616546,0.2032904547608332,0.14066670289173494
550.0,0.5888888888888889,-0.27704123954235554,0.27704123954235554,0.13556057998624033
550.0,0.5944444444444444,-0.3493007665854093,0.3493007665854093,0.12895144630142535
550.0,0.6,-0.419612246941321,0.419612246941321,0.12105302582829187
550.0,0.6055555555555555,-0.48757226531013703,0.48757226531013703,0.11204022396803251
550.0,0.6111111111111112,-0.5527850937231217,0.5527850937231217,0.10211458436381309
550.0,0.6166666666666667,-0.6148647285771753,0.6148647285771753,0.09150049204439681
550.0,0.6222222222222222,-0.6734371908250049,0.6734371908250049,0.08044074381586257
550.0,0.6277777777777778,-0.7281430880341662,0.7281430880341662,0.06919151350468618
550.0,0.6333333333333333,-0.7786404070131562,0.7786404070131562,0.058016747700466116
550.0,0.6388888888888888,-0.8246075006822237,0.8246075006822237,0.047182078386002184
550.0,0.6444444444444445,-0.8657462156057636,0.8657462156057636,0.03694836985339866
550.0,0.65,-0.9017850747867617,0.9017850747867617,0.027565067012877722
550.0,0.6555555555555556,-0.9324824152466108,0.9324824152466108,0.01926353352483591
550.0,0.6611111111111111,-0.9576294212384541,0.9576294212384541,0.012250581647854237
550.0,0.6666666666666666,-0.9770529037597364,0.9770529037597364,0.006702498374723666
550.0,0.6722222222222223,-0.9906177428777589,0.9906177428777589,0.002759809302387873
550.0,0.6777777777777778,-0.9982288657204246,0.9982288657204246,0.0005229954945860821
550.0,0.6833333333333333,-0.9998326805084119,0.9998326805084119,4.937543241031054e-05
550.0,0.6888888888888889,-0.995417907313751,0.995417907313751,0.0013512588987769781
550.0,0.6944444444444444,-0.9850157601091439,0.9850157601091439,0.004395604972577422
550.0,0.7,-0.9686994711843137,0.9686994711843137,0.009104960573478323
550.0,0.7055555555555556,-0.9465831870769745,0.9465831870769745,0.015359878599434582
550.0,0.7111111111111111,-0.9188202699288656,0.9188202699288656,0.023002562946551956
550.0,0.7166666666666667,-0.8856010857479322,0.8856010857479322,0.031841638885032525
550.0,0.7222222222222222,-0.8471503624751038,0.8471503624751038,0.04165779973030084
550.0,0.7277777777777777,-0.803724255113079,0.803724255113079,0.05221005280940904
550.0,0.7333333333333333,-0.7556072220957206,0.7556072220957206,0.06324232801935872
550.0,0.7388888888888889,-0.7031088182076765,0.7031088182076765,0.07449021176927786
550.0,0.7444444444444445,-0.6465605089747061,0.6465605089747061,0.08568758331828101
550.0,0.75,-0.5863125957905574,0.5863125957905574,0.09657296821990882
550.0,0.7555555555555555,-0.5227313125945385,0.5227313125945385,0.10689545750320155
550.0,0.7611111111111111,-0.45619615284676457,0.45619615284676457,0.11642009810428958
550.0,0.7666666666666667,-0.3870974357317909,0.3870974357317909,0.12493268857881766
550.0,0.7722222222222223,-0.31583419349535813,0.31583419349535813,0.1322438396760222
550.0,0.7777777777777778,-0.24281230345659569,0.24281230345659569,0.13819241363270518
550.0,0.7833333333333333,-0.16844284218276456,0.17798364855598986,0.13054904645772103
550.0,0.7888888888888889,-0.09314066213556994,0.14547408760786024,0.09319802126846628
550.0,0.7944444444444444,-0.01732314824620338,0.13281358659910478,0.06472010187276696
550.0,0.8,0.058590918038128735,0.137467643762757,0.0769953119145973
550.0,0.8055555555555556,0.13418245929363384,0.16026838715031047,0.11442866622380428
550.0,0.8111111111111111,0.20903314862228378,0.20903314862228378,0.14038652835788498
550.0,0.8166666666666667,0.28272653016926425,0.28272653016926425,0.1350956412576716
550.0,0.8222222222222222,0.35484922190860946,0.35484922190860946,0.12838049318228228
550.0,0.8277777777777777,0.4249922930407076,0.4249922930407076,0.12038865111543365
550.0,0.8333333333333334,0.4927528425778785,0.4927528425778785,0.11129721390118495
550.0,0.8388888888888889,0.5577358045063608,0.5577358045063608,0.10130963144605275
550.0,0.8444444444444444,0.6195560041143203,0.6195560041143203,0.09065188216927833
550.0,0.85,0.677840493510924,0.677840493510924,0.07956799169532237
550.0,0.8555555555555555,0.7322311299225467,0.7322311299225467,0.06831495456132183
550.0,0.8611111111111112,0.7823873724900425,0.7823873724900425,0.05715709291500573
550.0,0.8666666666666667,0.8279892770174812,0.8279892770174812,0.046359913190470704
550.0,0.8722222222222222,0.8687406348224437,0.8687406348224437,0.036183629932939575
550.0,0.8777777777777778,0.9043721612347815,0.9043721612347815,0.02687650260704298
550.0,0.8833333333333333,0.9346446405002822,0.9346446405002822,0.018668183498974707
550.0,0.8888888888888888,0.9593519334738808,0.9593519334738808,0.011763309637241382
550.0,0.8944444444444445,0.9783237383822342,0.9783237383822342,0.006335583607274348
550.0,0.9,0.991427985168705,0.991427985168705,0.002522593125834044
550.0,0.9055555555555556,0.9985727720701972,0.9985727720701972,0.00042158661413380414
550.0,0.9111111111111111,0.9997077713122143,0.9997077713122143,8.641647823909334e-05
550.0,0.9166666666666666,0.9948250127793966,0.9948250127793966,0.0015258443390797553
550.0,0.9222222222222223,0.9839590170153723,0.9839590170153723,0.004703260289966155
550.0,0.9277777777777778,0.9671862634873303,0.9671862634873303,0.009537819395003174
550.0,0.9333333333333333,0.9446240286751039,0.9446240286751039,0.015906944428291655
550.0,0.9388888888888889,0.9164286430876193,0.9164286430876193,0.02365007484614172
550.0,0.9444444444444444,0.8827932418505531,0.8827932418505531,0.03257348430602475
550.0,0.95,0.8439451112401264,0.8439451112401264,0.04245595201153738
550.0,0.9555555555555556,0.8001427409915988,0.8001427409915988,0.053055043843689136
550.0,0.9611111111111111,0.7516726815968762,0.7516726815968762,0.06411375484292937
550.0,0.9666666666666667,0.6988463198646613,0.6988463198646613,0.07536728580343383
550.0,0.9722222222222222,0.6419966970389693,0.6419966970389693,0.08654967138575753
550.0,0.9777777777777777,0.5814754549911542,0.5814754549911542,0.0974000800873326
550.0,0.9833333333333333,0.5176499516083464,0.5176499516083464,0.10766868747209406
550.0,0.9888888888888889,0.4509006098299259,0.4509006098299259,0.11712199754083506
550.0,0.9944444444444445,0.38161853134496093,0.38161853134496093,0.1255475581290603
550.0,1.0,0.31020337809832527,0.31020337809832527,0.1327580293619703
550.0,1.0055555555555555,0.2370614989261789,0.2370614989261789,0.13859458405966774
550.0,1.011111111111111,0.1626043189366958,0.1745665993434622,0.1280436807541207
550.0,1.0166666666666666,0.08724691468750573,0.14383800625441873,0.09022725309727901
550.0,1.0222222222222221,0.011406801850159819,0.13256276650602772,0.06397160879585669
550.0,1.0277777777777777,-0.06449719176037262,0.1385620277647291,0.0795115042607554
550.0,1.0333333333333334,-0.14004600630302255,0.16291617445616544,0.11738211925140557
550.0,1.038888888888889,-0.21482141564266777,0.21482141564266777,0.14002837271466204
550.0,1.0444444444444445,-0.2884071348804947,0.2884071348804947,0.13462198781432808
550.0,1.05,-0.3603900582262065,0.3603900582262065,0.12780170941658772
550.0,1.0555555555555556,-0.43036167738333947,0.43036167738333947,0.11971750213773473
550.0,1.0611111111111111,-0.4979196480671548,0.4979196480671548,0.11054865660892052
550.0,1.0666666666666667,-0.5626696135926191,0.5626696135926191,0.10050053937591909
550.0,1.0722222222222222,-0.6242272809759564,0.6242272809759564,0.08980070171286333
550.0,1.0777777777777777,-0.6822207671129322,0.6822207671129322,0.07869436477396997
550.0,1.0833333333333333,-0.7362931964239796,0.7362931964239796,0.06743929104021064
550.0,1.0888888888888888,-0.7861055269214653,0.7861055269214653,0.05630009947220346
550.0,1.0944444444444446,-0.8313395666438502,0.8313395666438502,0.04554211056174863
550.0,1.1,-0.8717011127985286,0.8717011127985286,0.03542485388947321
550.0,1.1055555555555556,-0.9069231197549795,0.9069231197549795,0.026195402367985735
550.0,1.1111111111111112,-0.9367688475072619,0.9367688475072619,0.018081700482523538
550.0,1.1166666666666667,-0.9610348509575771,0.9610348509575771,0.011286172022599864
550.0,1.1222222222222222,-0.9795537256748511,0.9795537256748511,0.005979856338868852
550.0,1.1277777777777778,-0.9921964755211512,0.9921964755211512,0.002297300691021872
550.0,1.1333333333333333,-0.9988744082644503,0.9988744082644503,0.0003324452069648779
550.0,1.1388888888888888,-0.999540482939682,0.999540482939682,0.00013569117092939289
550.0,1.1444444444444444,-0.9941900410851126,0.9941900410851126,0.0017122930311838822
550.0,1.15,-0.9828608857913911,0.9828608857913911,0.005022183752297395
550.0,1.1555555555555554,-0.9656327130953772,0.9656327130953772,0.00998117274006791
550.0,1.1611111111111112,-0.942625907313412,0.942625907313412,0.01646354997854169
550.0,1.1666666666666667,-0.9139997574489197,0.9139997574489197,0.024305946077765324
550.0,1.1722222222222223,-0.8799501604950655,0.8799501604950655,0.03331225796819753
550.0,1.1777777777777778,-0.8407069356047896,0.8407069356047896,0.04325938688652095
550.0,1.1833333333333333,-0.7965308551403368,0.7965308551403368,0.053903552240981166
550.0,1.1888888888888889,-0.7477104986176284,0.7477104986176284,0.0649869372342202
550.0,1.1944444444444444,-0.6945590420470027,0.6945590420470027,0.07624442219437332
550.0,1.2,-0.6374110856682523,0.6374110856682523,0.08741019206183757
550.0,1.2055555555555555,-0.5766195977156795,0.5766195977156795,0.09822403374314832
550.0,1.211111111111111,-0.5125530444945023,0.5125530444945023,0.10843719030845501
550.0,1.2166666666666666,-0.44559273665029747,0.44559273665029747,0.11781767925812912
550.0,1.2222222222222223,-0.37613048546657174,0.37613048546657174,0.12615490609784621
550.0,1.2277777777777779,-0.30456651461221446,0.30456651461221446,0.13326365364112047
550.0,1.2333333333333334,-0.23130761132529165,0.23130761132529165,0.13898745178745117
550.0,1.238888888888889,-0.15676552740549093,0.17132762511413177,0.12541304747665494
550.0,1.2444444444444445,-0.08135559559704653,0.14231613341616614,0.087322381192042
550.0,1.25,-0.005495497693517741,0.1324139636909007,0.06352965873343748
550.0,1.2555555555555555,0.0703958847783268,0.13976311332627891,0.08215520153419575
550.0,1.261111111111111,0.14589952118588867,0.1657046901689584,0.12027348367015388
550.0,1.2666666666666666,0.22059730813019263,0.22059730813019263,0.13966096312217072
550.0,1.2722222222222221,0.29407317717998116,0.29407317717998116,0.13413980966367964
550.0,1.2777777777777777,0.3659143377387596,0.3659143377387596,0.12721533150504974
550.0,1.2833333333333334,0.4357126866867784,0.4357126866867784,0.11903987614883756
550.0,1.288888888888889,0.5030664155564848,0.5030664155564848,0.10979487146468157
550.0,1.2944444444444445,0.567581848889458,0.567581848889458,0.09968755192406073
550.0,1.3,0.6288755587398865,0.6288755587398865,0.08894701499168656
550.0,1.3055555555555556,0.6865767346420845,0.6865767346420845,0.07781965330356619
550.0,1.3111111111111111,0.7403297829943324,0.7403297829943324,0.06656399236882328
550.0,1.3166666666666667,0.7897971643770568,0.7897971643770568,0.055444943024080755
550.0,1.3222222222222222,0.8346624244754132,0.8346624244754132,0.044727612737993465
550.0,1.3277777777777777,0.8746333421774266,0.8746333421774266,0.03467079082203388
550.0,1.3333333333333333,0.9094451125545898,0.9094451125545898,0.02552027229093993
550.0,1.3388888888888888,0.938863479806872,0.938863479806872,0.017502229537704906
550.0,1.3444444444444446,0.9626877165954447,0.9626877165954447,0.010816862437872292
550.0,1.35,0.9807533279673263,0.9807533279673263,0.005632578067286461
550.0,1.3555555555555556,0.9929343793130617,0.9929343793130617,0.002080930687258377
550.0,1.3611111111111112,0.9991453699855749,0.9991453699855749,0.0002525587388414733
550.0,1.3666666666666667,0.9993425361454675,0.9993425361454675,0.00019436139596455711
550.0,1.3722222222222222,0.9935245370650317,0.9935245370650317,0.0019080217173665886
550.0,1.3777777777777778,0.9817324792143403,0.9817324792143403,0.00534993923116792
550.0,1.3833333333333333,0.964049287129447,0.964049287129447,0.010432580561768403
550.0,1.3888888888888888,0.940598448023003,0.940598448023003,0.017027182516346235
550.0,1.3944444444444444,0.911542182736713,0.911542182736713,0.02496767683709594
550.0,1.4,0.8770791291946554,0.8770791291946554,0.03405565622656925
550.0,1.4055555555555554,0.8374416400347356,0.8374416400347356,0.04406615808363214
550.0,1.4111111111111112,0.7928927882292234,0.7928927882292234,0.05475402434032359
550.0,1.4166666666666667,0.7437231997889223,0.7437231997889223,0.06586060169594558
550.0,1.4222222222222223,0.6902478358117482,0.6902478358117482,0.07712049085282777
550.0,1.4277777777777778,0.6328028342744607,0.6328028342744607,0.08826811677176162
550.0,1.4333333333333333,0.5717424685982802,0.5717424685982802,0.09904398494546722
550.0,1.4388888888888889,0.5074362987927551,0.5074362987927551,0.10920047228000437
550.0,1.4444444444444444,0.4402665633862076,0.4402665633862076,0.11850706299603193
550.0,1.45,0.3706258330819254,0.3706258330819254,0.12675496483268656
550.0,1.4555555555555555,0.2989149186989594,0.2989149186989594,0.13376106606937044
550.0,1.461111111111111,0.22554105656977705,0.22554105656977705,0.13937126433438396
550.0,1.4666666666666666,0.150916308908343,0.16825174566126608,0.12267123546829356
550.0,1.4722222222222223,0.07545621687472265,0.1409054144476409,0.08449125171709586
550.0,1.4777777777777779,-0.0004214183688207488,0.13236794627785914,0.0633978593623117
550.0,1.4833333333333334,-0.07629766337212043,0.14107497497028532,0.08491088517182027
550.0,1.488888888888889,-0.15175351678150956,0.16864754242933747,0.12309038889107883
550.0,1.4944444444444445,-0.22637096689884453,0.22637096689884453,0.13928424146148888
550.0,1.5,-0.29973413214641526,0.29973413214641526,0.1336490299915341
